cell_type,niche,names,scores,logfoldchanges,pvals,pvals_adj
Fibroblasts,Tumor surface,IGFBP5,21.041779,2.251929,2.7197899207181638e-98,8.703327746298124e-96
Fibroblasts,Tumor surface,PTGDS,-25.050482,-2.1601326,1.7248963102671315e-138,8.279502289282231e-136
Fibroblasts,Tumor surface,FN1,34.37862,1.7859544,5.263287852298718e-259,5.052756338206769e-256
Fibroblasts,Tumor surface,CCL19,-4.803842,-1.6039623,1.5564958573032375e-06,2.2302030194195642e-05
Fibroblasts,Tumor surface,COL11A1,16.716482,1.5192896,9.941809320411964e-63,2.3860342368988713e-60
Fibroblasts,Tumor surface,IGKC,-11.406787,-1.5034868,3.8675336630719515e-30,2.6520230832493383e-28
Fibroblasts,Tumor surface,GPX3,-6.1049232,-1.4503647,1.0285014198078017e-09,1.862945967953754e-08
Fibroblasts,Tumor surface,IGHG1,-8.92456,-1.3797427,4.474742592929901e-19,1.534197460433109e-17
Fibroblasts,Tumor surface,MMP1,3.7685099,1.3155198,0.00016422493954479847,0.001677190871946878
Fibroblasts,Tumor surface,IGHG2,-5.533641,-1.3096346,3.136510704782119e-08,5.376875493912204e-07
Fibroblasts,Tumor surface,SELENOP,-8.559095,-1.3038886,1.1375690420839274e-17,3.765745794484725e-16
Fibroblasts,Tumor surface,CLU,-4.337611,-1.273782,1.4403969262123815e-05,0.0001750355758435299
Fibroblasts,Tumor surface,IGHA1,-4.6168118,-1.2264209,3.896806176312848e-06,5.344191327514763e-05
Fibroblasts,Tumor surface,TAGLN,15.5103245,1.1578952,2.953834311133796e-54,4.7261348978140735e-52
Fibroblasts,Tumor surface,CFD,-4.4293513,-1.1405308,9.451695092225916e-06,0.00012098169718049172
Fibroblasts,Tumor surface,VEGFA,9.951927,1.1368504,2.4734512074040012e-23,1.0323970256990613e-21
Fibroblasts,Tumor surface,TPM1,13.150825,1.1198721,1.683278359730365e-39,1.6159472253411504e-37
Fibroblasts,Tumor surface,VCAN,14.823627,1.0652616,1.0306527873569552e-49,1.4134666798038243e-47
Fibroblasts,Tumor surface,LGALS1,13.578061,1.001832,5.4038135364529397e-42,5.7640677722164695e-40
Fibroblasts,Tumor surface,COL14A1,-11.590482,-0.9968829,4.6053317467827655e-31,3.4008603668549654e-29
Fibroblasts,Tumor surface,CTNNB1,10.334749,0.97195756,4.906922125914823e-25,2.2431644004182048e-23
Fibroblasts,Tumor surface,TNFRSF19,6.3638387,0.9707976,1.9677265636032568e-10,3.855137757263524e-09
Fibroblasts,Tumor surface,CELSR1,2.9608686,0.9629676,0.0030677288358241478,0.02560886680340158
Fibroblasts,Tumor surface,INHBA,9.511453,0.96293265,1.8801837657010695e-21,7.219905660292107e-20
Fibroblasts,Tumor surface,SOX4,7.3787503,0.9564118,1.5978215406681486e-13,4.2608574417817294e-12
Fibroblasts,Tumor surface,HILPDA,10.321805,0.9209973,5.615748336288678e-25,2.4505083649259688e-23
Fibroblasts,Tumor surface,ITGB5,10.707865,0.9125694,9.349342289246534e-27,5.2796285868686315e-25
Fibroblasts,Tumor surface,COL5A1,12.214331,0.8911315,2.6063669886689545e-34,2.0850935909351634e-32
Fibroblasts,Tumor surface,THBS2,12.773601,0.8901825,2.3025093601159104e-37,2.0094627142829766e-35
Fibroblasts,Tumor surface,COL6A3,14.396839,0.889789,5.416449624098042e-47,6.49973954891765e-45
Fibroblasts,Tumor surface,MMP14,10.611671,0.8819491,2.6300129211575544e-26,1.4026735579506957e-24
Fibroblasts,Tumor surface,COL8A1,11.046422,0.8777106,2.2812707753013324e-28,1.4600132961928527e-26
Fibroblasts,Tumor surface,MGP,-10.4025345,-0.87406313,2.414241184417218e-25,1.1588357685202646e-23
Fibroblasts,Tumor surface,CD55,4.150463,0.85750264,3.3180332927095076e-05,0.0003837725254218226
Fibroblasts,Tumor surface,ACTA2,7.3088903,0.850078,2.6935769411172184e-13,6.8048259565066575e-12
Fibroblasts,Tumor surface,IGFBP7,-15.939755,-0.8344781,3.356668863111154e-57,6.444804217173416e-55
Fibroblasts,Tumor surface,CENPF,-0.57820845,-0.83106965,0.5631233798806123,0.9979578088331161
Fibroblasts,Tumor surface,IGF1,-7.9070373,-0.83101624,2.635864709652318e-15,7.907594128956954e-14
Fibroblasts,Tumor surface,COL15A1,5.500031,0.8192237,3.797245341699077e-08,6.28509573798468e-07
Fibroblasts,Tumor surface,FZD1,6.7161126,0.8060809,1.8663685719388714e-11,3.895030063176775e-10
Fibroblasts,Tumor surface,RGS2,5.3835144,0.80171686,7.304534745838325e-08,1.1310247348394825e-06
Fibroblasts,Tumor surface,COL21A1,-1.4501551,-0.80133915,0.14701526228772957,0.715297341230326
Fibroblasts,Tumor surface,RARRES2,10.478443,0.7817304,1.0851553947304778e-25,5.482890415480309e-24
Fibroblasts,Tumor surface,JCHAIN,-1.3511088,-0.77276564,0.17666058104019944,0.8114553004717294
Fibroblasts,Tumor surface,HSPB1,9.162243,0.73601127,5.082975713959732e-20,1.87679103284667e-18
Fibroblasts,Tumor surface,KLF2,4.1750493,0.73027116,2.979215582010491e-05,0.00034878621447927697
Fibroblasts,Tumor surface,MIF,7.8719525,0.72660244,3.4914913835584443e-15,1.015706584307911e-13
Fibroblasts,Tumor surface,GSN,9.011768,0.7258112,2.027608066025559e-19,7.209273123646433e-18
Fibroblasts,Tumor surface,COL12A1,5.492363,0.7196579,3.96591692168915e-08,6.453017364104379e-07
Fibroblasts,Tumor surface,MXRA8,8.096466,0.7150056,5.657865414391837e-16,1.752113160585859e-14
Fibroblasts,Tumor surface,GDF15,-3.2130527,-0.71387804,0.0013133220047179125,0.011257045754724963
Fibroblasts,Tumor surface,IFIT1,-1.2098138,-0.71339345,0.22635034637635842,0.9408175249933368
Fibroblasts,Tumor surface,BGN,10.800881,0.7088854,3.409168002479506e-27,2.0455008014877035e-25
Fibroblasts,Tumor surface,PDGFC,3.6038392,0.69012743,0.0003135510123754983,0.0030715201212293715
Fibroblasts,Tumor surface,KRT19,2.9440162,0.68840474,0.003239831417024283,0.026812397933994068
Fibroblasts,Tumor surface,COL3A1,8.485133,0.67658806,2.154726375340826e-17,6.8951244010906435e-16
Fibroblasts,Tumor surface,C1QC,-2.8219085,-0.66942376,0.0047738782354642545,0.038191025883714036
Fibroblasts,Tumor surface,RSPO2,-0.5276807,-0.66543984,0.5977209860526403,0.9979578088331161
Fibroblasts,Tumor surface,IL6ST,-4.6742926,-0.66527224,2.949684640700838e-06,4.1304115365652086e-05
Fibroblasts,Tumor surface,ITGA5,3.7164617,0.66468304,0.00020203229822169142,0.002041589539924461
Fibroblasts,Tumor surface,S100A10,5.4491277,0.6604886,5.0617495743776195e-08,7.966032117053303e-07
Fibroblasts,Tumor surface,CCL2,-4.556317,-0.6566927,5.205840533188859e-06,7.038882974452543e-05
Fibroblasts,Tumor surface,ITGB8,-1.3755955,-0.653581,0.16894690878232754,0.7873254001506527
Fibroblasts,Tumor surface,EPCAM,2.0503318,0.65333474,0.040332051755110856,0.24505550433485077
Fibroblasts,Tumor surface,MMP3,1.1002845,0.6506705,0.2712081815640226,0.9979578088331161
Fibroblasts,Tumor surface,ITGB1,6.9288964,0.64893746,4.24135638827935e-12,9.694528887495658e-11
Fibroblasts,Tumor surface,ITGAV,5.763445,0.6452526,8.241421559199205e-09,1.438502672151134e-07
Fibroblasts,Tumor surface,RGCC,-3.2879608,-0.63916224,0.0010091589306433532,0.008970301605718696
Fibroblasts,Tumor surface,ANGPT1,-1.6240938,-0.63809603,0.10435580258185395,0.5444650569488032
Fibroblasts,Tumor surface,C1QA,-3.2233841,-0.6341475,0.0012668557624745341,0.010956590378158132
Fibroblasts,Tumor surface,TPM2,7.1595173,0.63332415,8.096152005165785e-13,1.895684371941257e-11
Fibroblasts,Tumor surface,CD74,-6.9159408,-0.6224573,4.6476936077051894e-12,1.037624619394647e-10
Fibroblasts,Tumor surface,CTSW,-0.79941887,-0.6205635,0.42404756410187294,0.9979578088331161
Fibroblasts,Tumor surface,RARRES1,-4.11648,-0.61242586,3.847028005087559e-05,0.0004396603434385782
Fibroblasts,Tumor surface,SLC2A1,1.4515263,0.61088413,0.14663335914908746,0.715297341230326
Fibroblasts,Tumor surface,MET,1.1957219,0.609131,0.23180511422820838,0.9550768654896139
Fibroblasts,Tumor surface,ADGRV1,0.64334637,0.6077491,0.5199993826811216,0.9979578088331161
Fibroblasts,Tumor surface,C1QB,-2.6205983,-0.60619265,0.008777559423732647,0.06532137245568481
Fibroblasts,Tumor surface,SOD2,-6.2229376,-0.59803426,4.87931765426951e-10,9.368289896197459e-09
Fibroblasts,Tumor surface,TACSTD2,1.3100593,0.5968087,0.19017575603392278,0.8452255823729902
Fibroblasts,Tumor surface,COL5A2,7.165853,0.5964111,7.730370465395907e-13,1.855288911695018e-11
Fibroblasts,Tumor surface,IL34,-1.3884045,-0.5947603,0.1650139140316279,0.7727480852212819
Fibroblasts,Tumor surface,SEC23A,4.3530383,0.59184015,1.3426382166210886e-05,0.00016680223145674133
Fibroblasts,Tumor surface,ITGAE,1.4168508,0.58200103,0.15652654622107748,0.7513274218611719
Fibroblasts,Tumor surface,S100A6,7.7915525,0.5804166,6.6190680386899206e-15,1.8689133285712717e-13
Fibroblasts,Tumor surface,NDRG1,2.8948324,0.57943904,0.003793610962011161,0.030603920365804324
Fibroblasts,Tumor surface,COL16A1,7.3632464,0.5785314,1.7949052494899311e-13,4.657051458136038e-12
Fibroblasts,Tumor surface,APOA1,0.8659958,0.5739813,0.38649244817816253,0.9979578088331161
Fibroblasts,Tumor surface,TNFSF13B,-1.7694254,-0.57184917,0.07682291742049469,0.4190340950208801
Fibroblasts,Tumor surface,ZFP36,-6.8005304,-0.57166713,1.0423457658221453e-11,2.2236709670872435e-10
Fibroblasts,Tumor surface,CLEC1A,1.041274,0.56837946,0.29774842663971546,0.9979578088331161
Fibroblasts,Tumor surface,BMPR2,3.4279773,0.554278,0.0006080961318563004,0.005507285722472155
Fibroblasts,Tumor surface,ANXA1,4.064617,0.55405474,4.811136599803166e-05,0.0005308840385989701
Fibroblasts,Tumor surface,TNFSF14,-1.3943485,-0.5530623,0.16321238465981736,0.7717028451802781
Fibroblasts,Tumor surface,HLA.DQB1,-4.5046463,-0.55287015,6.6483569069600525e-06,8.624895446867095e-05
Fibroblasts,Tumor surface,CD9,3.8757608,0.55165327,0.00010629208919734881,0.0010972086626823102
Fibroblasts,Tumor surface,CD276,4.6729712,0.5513822,2.9687332919062433e-06,4.1304115365652086e-05
Fibroblasts,Tumor surface,IFI27,2.4314818,0.5486821,0.015037204975813437,0.10537019545095548
Fibroblasts,Tumor surface,ITM2A,-0.70593196,-0.54715276,0.48023046048137796,0.9979578088331161
Fibroblasts,Tumor surface,APOD,-1.9394541,-0.54595155,0.05244607315011041,0.31079154459324687
Fibroblasts,Tumor surface,MYL9,4.861013,0.54539967,1.1678651466959518e-06,1.698712940648657e-05
Fibroblasts,Tumor surface,IL33,-1.3216714,-0.53911793,0.18627759444600334,0.8356378068605756
Fibroblasts,Tumor surface,FGF1,1.9343811,0.53862315,0.05306628307135034,0.3125376180889345
Fibroblasts,Tumor surface,HSP90AB1,6.1461625,0.53813916,7.937986892114561e-10,1.4654745031596112e-08
Fibroblasts,Tumor surface,JUN,6.875611,0.53353864,6.172489104718038e-12,1.3467248955748447e-10
Fibroblasts,Tumor surface,KRT7,1.7770416,0.5328635,0.07556140893406185,0.4145083004382822
Fibroblasts,Tumor surface,CALD1,6.456599,0.53218555,1.070818434732426e-10,2.1416368694648518e-09
Fibroblasts,Tumor surface,COL1A2,7.2806025,0.5300184,3.323331400119534e-13,8.1805080618327e-12
Fibroblasts,Tumor surface,FZD8,1.4698948,0.52927,0.1415902716233651,0.7006528905073737
Fibroblasts,Tumor surface,MYH11,0.8269398,0.5268153,0.4082711839492107,0.9979578088331161
Fibroblasts,Tumor surface,RARB,2.1646106,0.5259784,0.03041752018575541,0.1933829097902331
Fibroblasts,Tumor surface,CCND1,2.8976517,0.5211294,0.0037596794657502944,0.030587222772205786
Fibroblasts,Tumor surface,WNT2,-1.4005212,-0.5209908,0.16135732923424906,0.7668467131924708
Fibroblasts,Tumor surface,FGFR1,5.241231,0.5199322,1.595091009362307e-07,2.4306148714092295e-06
Fibroblasts,Tumor surface,XCL2,1.0459849,0.51908123,0.29556803556513234,0.9979578088331161
Fibroblasts,Tumor surface,TNFAIP6,2.4744885,0.5127097,0.01334271413770889,0.094881522757041
Fibroblasts,Tumor surface,SAT1,4.0005608,0.5124392,6.319253752559526e-05,0.0006816273710626005
Fibroblasts,Tumor surface,VSIR,-1.4191316,-0.5122996,0.15586065223636894,0.7513274218611719
Fibroblasts,Tumor surface,CYTOR,4.213101,0.51038164,2.5188871412989968e-05,0.0002985347723021033
Fibroblasts,Tumor surface,IL20RA,1.1929637,0.50380456,0.23288360217390813,0.9554199063544949
Fibroblasts,Tumor surface,ANXA2,4.9928684,0.5007716,5.948914537985743e-07,8.786089163794329e-06
Fibroblasts,Tumor surface,COL1A1,7.553526,0.49880442,4.2362952037733704e-14,1.1619552558921243e-12
Fibroblasts,Tumor surface,FGR,-0.7227685,-0.49853718,0.46982211754505676,0.9979578088331161
Fibroblasts,Tumor surface,PROKR1,0.4952045,0.49755186,0.6204557707176495,0.9979578088331161
Fibroblasts,Tumor surface,CD33,0.6267994,0.49522078,0.5307907268041788,0.9979578088331161
Fibroblasts,Tumor surface,BAG3,1.831124,0.49365884,0.06708204084912162,0.37441139078579505
Fibroblasts,Tumor surface,IL4R,2.7769063,0.49305683,0.005487900590348787,0.04283239485150273
Fibroblasts,Tumor surface,MMP2,6.494841,0.49056304,8.312121250293615e-11,1.6977949787833766e-09
Fibroblasts,Tumor surface,CDH11,6.1662483,0.4898044,6.992918196962203e-10,1.3163140135458265e-08
Fibroblasts,Tumor surface,HSP90AA1,4.350986,0.47954187,1.3552681305860234e-05,0.00016680223145674133
Fibroblasts,Tumor surface,AXL,2.3042245,0.47736377,0.021210049705817222,0.14140033137211483
Fibroblasts,Tumor surface,ANXA4,2.6832542,0.47710043,0.007290956327680166,0.05511274074466897
Fibroblasts,Tumor surface,ROR1,-1.5537268,-0.46568015,0.12024959309784153,0.6183535081108649
Fibroblasts,Tumor surface,HLA.DPB1,-2.0964067,-0.4629883,0.036046122450064784,0.22182229200039866
Fibroblasts,Tumor surface,FYB1,-0.9161209,-0.46226922,0.35960350375477046,0.9979578088331161
Fibroblasts,Tumor surface,HLA.DRB1,-3.9855638,-0.4613088,6.732007662004661e-05,0.0007101898192884038
Fibroblasts,Tumor surface,ADGRD1,-0.88481224,-0.4589794,0.37625790933523673,0.9979578088331161
Fibroblasts,Tumor surface,CASP3,1.0628871,0.45792207,0.2878331930648279,0.9979578088331161
Fibroblasts,Tumor surface,FGF12,0.77201563,0.45679826,0.44010517125464477,0.9979578088331161
Fibroblasts,Tumor surface,HLA.B,5.5121565,0.4564178,3.544632122615267e-08,5.969906732825713e-07
Fibroblasts,Tumor surface,CDH5,-0.44811144,-0.45173806,0.6540727632112326,0.9979578088331161
Fibroblasts,Tumor surface,HLA.DRA,-3.5435572,-0.45059317,0.00039476785328941197,0.0037897713915783547
Fibroblasts,Tumor surface,FGF18,2.0389123,0.44981998,0.04145879113219529,0.25031722947740553
Fibroblasts,Tumor surface,TWIST1,1.6401904,0.44691017,0.10096558161887764,0.5296555101318172
Fibroblasts,Tumor surface,LYZ,-2.28968,-0.44627014,0.022039877436202268,0.1457443018774748
Fibroblasts,Tumor surface,RBPJ,3.4724367,0.44452232,0.0005157566690570213,0.004854180414654318
Fibroblasts,Tumor surface,GAS6,-3.6637957,-0.4423049,0.0002485051029507006,0.0024850510295070056
Fibroblasts,Tumor surface,CD52,-1.2685257,-0.43957365,0.20461027992294012,0.8653121970309362
Fibroblasts,Tumor surface,IDO1,-0.96424115,-0.43776083,0.33492502530957624,0.9979578088331161
Fibroblasts,Tumor surface,CXCR4,-0.68915874,-0.4373067,0.4907233810159016,0.9979578088331161
Fibroblasts,Tumor surface,CXCR3,0.93890375,0.43520528,0.34778016798634837,0.9979578088331161
Fibroblasts,Tumor surface,WNT5A,1.1608405,0.43433392,0.2457067804636761,0.9936276475604461
Fibroblasts,Tumor surface,CPB1,0.5080203,0.43423274,0.6114391097594392,0.9979578088331161
Fibroblasts,Tumor surface,TM4SF1,1.5424745,0.43420565,0.12295832107245849,0.6245502022728051
Fibroblasts,Tumor surface,CXCL12,-4.366607,-0.43368983,1.2619128949250917e-05,0.00015939952356948528
Fibroblasts,Tumor surface,IGFBP3,3.6545367,0.4333748,0.00025764675521325564,0.0025499060309765505
Fibroblasts,Tumor surface,IGFBP6,2.2875235,0.4322429,0.022165279243865958,0.1457443018774748
Fibroblasts,Tumor surface,AGR2,0.49307534,0.4315766,0.6219593627567281,0.9979578088331161
Fibroblasts,Tumor surface,LY75,-0.4278356,-0.43146878,0.6687707998578367,0.9979578088331161
Fibroblasts,Tumor surface,MS4A1,0.70604736,0.43134856,0.4801586973184492,0.9979578088331161
Fibroblasts,Tumor surface,IL1R1,-5.453981,-0.43093094,4.925446253313297e-08,7.880714005301276e-07
Fibroblasts,Tumor surface,SPP1,1.8258158,0.42999828,0.06787802169334646,0.37666416662203817
Fibroblasts,Tumor surface,AHR,-2.112732,-0.42848614,0.03462371545049409,0.21444365698370535
Fibroblasts,Tumor surface,RAC1,3.4572608,0.4280765,0.0005456962205089725,0.005086100696005958
Fibroblasts,Tumor surface,RORA,1.9173297,0.42405307,0.05519606846686402,0.321140761989027
Fibroblasts,Tumor surface,MMP9,-0.41870573,-0.42200825,0.6754312080130767,0.9979578088331161
Fibroblasts,Tumor surface,PTGIS,-2.7773612,-0.4214362,0.005480226684915143,0.04283239485150273
Fibroblasts,Tumor surface,NPPC,-2.5280166,-0.4208512,0.011470895003966886,0.08279743762261813
Fibroblasts,Tumor surface,CALM2,4.0343494,0.42039874,5.475380212483895e-05,0.0005973142049982431
Fibroblasts,Tumor surface,IGF1R,2.4678226,0.4201185,0.013593767274232144,0.09595600428869748
Fibroblasts,Tumor surface,VIM,5.885405,0.41823253,3.970798405328929e-09,7.059197165029206e-08
Fibroblasts,Tumor surface,EFNA4,1.0937499,0.4157678,0.27406468288493135,0.9979578088331161
Fibroblasts,Tumor surface,FZD6,1.5515366,0.41531393,0.12077315545810695,0.6183535081108649
Fibroblasts,Tumor surface,GZMK,1.30102,0.41255996,0.1932516187455836,0.8485435950308122
Fibroblasts,Tumor surface,APP,3.9909084,0.4107812,6.582073709338931e-05,0.000702087862329486
Fibroblasts,Tumor surface,KRAS,1.6424034,0.4099783,0.10050644919747073,0.5296555101318172
Fibroblasts,Tumor surface,SPRY4,1.0849956,0.40971115,0.27792359968311287,0.9979578088331161
Fibroblasts,Tumor surface,ENTPD1,2.7545962,0.4082971,0.005876459842102065,0.04549517297111275
Fibroblasts,Tumor surface,CEACAM6,1.2774949,0.40521678,0.20142756554826513,0.8594242796725979
Fibroblasts,Tumor surface,TNFRSF12A,4.5166636,0.40311795,6.282164190014044e-06,8.376218920018726e-05
Fibroblasts,Tumor surface,GC,0.663448,0.40232563,0.5070436977471392,0.9979578088331161
Fibroblasts,Tumor surface,KRT1,1.9542135,0.40064284,0.050675974654662566,0.3021673022886712
Fibroblasts,Tumor surface,CD69,-0.5256601,-0.39896527,0.5991243843856313,0.9979578088331161
Fibroblasts,Tumor surface,DPP4,-0.7030448,-0.3989507,0.48202784836541235,0.9979578088331161
Fibroblasts,Tumor surface,GZMB,-0.62037796,-0.3988894,0.5350089899097815,0.9979578088331161
Fibroblasts,Tumor surface,LCN2,0.4878689,0.3966791,0.6256426950305838,0.9979578088331161
Fibroblasts,Tumor surface,KRT15,2.926908,0.39633787,0.003423501150216679,0.028090265847931728
Fibroblasts,Tumor surface,CD53,-1.0198079,-0.39629415,0.30781955408220185,0.9979578088331161
Fibroblasts,Tumor surface,SCGB3A1,-0.48607686,-0.39277402,0.6269126622135737,0.9979578088331161
Fibroblasts,Tumor surface,BMP1,3.2538307,0.3920235,0.0011386015314225457,0.010028050185005907
Fibroblasts,Tumor surface,MYC,1.0414798,0.3915044,0.29765290212265905,0.9979578088331161
Fibroblasts,Tumor surface,RGS1,0.91008407,0.39103192,0.36277818481443347,0.9979578088331161
Fibroblasts,Tumor surface,KRT23,0.74594736,0.3909659,0.45569922000631824,0.9979578088331161
Fibroblasts,Tumor surface,SLC40A1,-2.4128215,-0.38945127,0.015829570235834603,0.10953029242872034
Fibroblasts,Tumor surface,IL16,2.3827686,0.38861865,0.017182989540680146,0.11699056708548183
Fibroblasts,Tumor surface,RGS5,-0.5111428,-0.38835326,0.6092510769632684,0.9979578088331161
Fibroblasts,Tumor surface,CLEC2B,1.0728948,0.38705504,0.28331830846888584,0.9979578088331161
Fibroblasts,Tumor surface,ICAM1,-2.342079,-0.3858849,0.019176657392643535,0.12964500772491405
Fibroblasts,Tumor surface,HIF1A,2.5249846,0.381865,0.011570337625696517,0.08289197104976609
Fibroblasts,Tumor surface,CRIP1,2.130365,0.38071483,0.0331414915149712,0.2065963107426776
Fibroblasts,Tumor surface,INHBB,-0.5415961,-0.38014698,0.5880967591284991,0.9979578088331161
Fibroblasts,Tumor surface,CCL18,-0.54021364,-0.37967363,0.589049710815067,0.9979578088331161
Fibroblasts,Tumor surface,CD163,-0.60962117,-0.37118787,0.5421127731104867,0.9979578088331161
Fibroblasts,Tumor surface,HCAR2,-0.43048522,-0.37017566,0.6668427195236396,0.9979578088331161
Fibroblasts,Tumor surface,TGFBR1,2.3317657,0.36745572,0.01971302102843725,0.13233916214894936
Fibroblasts,Tumor surface,AR,1.0220027,0.36658576,0.30677960340088195,0.9979578088331161
Fibroblasts,Tumor surface,ACTG2,0.68719023,0.36629966,0.4919628736681496,0.9979578088331161
Fibroblasts,Tumor surface,FGFR3,1.0757186,0.36398536,0.28205310723056376,0.9979578088331161
Fibroblasts,Tumor surface,DCN,-9.79657,-0.36245036,1.1647363118286018e-22,4.658945247314407e-21
Fibroblasts,Tumor surface,GDF3,0.70166004,0.36209795,0.48289121475019536,0.9979578088331161
Fibroblasts,Tumor surface,BMX,0.76419127,0.3610686,0.44475325122648235,0.9979578088331161
Fibroblasts,Tumor surface,CUZD1,-0.6636516,-0.3601207,0.5069133224930502,0.9979578088331161
Fibroblasts,Tumor surface,SERPINH1,4.069344,0.35996005,4.7145715908684795e-05,0.0005262777589806675
Fibroblasts,Tumor surface,CDH1,0.7552605,0.35940695,0.45009268179212514,0.9979578088331161
Fibroblasts,Tumor surface,FFAR3,-0.43760586,-0.3589514,0.6616720277253612,0.9979578088331161
Fibroblasts,Tumor surface,IL2,0.53695536,0.35859162,0.5912984338431377,0.9979578088331161
Fibroblasts,Tumor surface,SRGN,-1.7098514,-0.3576831,0.08729335771219576,0.4681654938754633
Fibroblasts,Tumor surface,IFITM3,4.2898912,0.35708475,1.7876055669347278e-05,0.00021451266803216735
Fibroblasts,Tumor surface,XBP1,2.2604167,0.35698405,0.023795397292554598,0.1553985129309688
Fibroblasts,Tumor surface,HLA.DPA1,-2.988532,-0.3550782,0.0028032117215258962,0.023814896041281952
Fibroblasts,Tumor surface,ITGA9,2.226565,0.3543332,0.025976368299522594,0.1662487571169446
Fibroblasts,Tumor surface,FGF7,-2.5476408,-0.35407352,0.010845410461824238,0.07887571244963082
Fibroblasts,Tumor surface,C11orf96,3.9198875,0.35237876,8.85903396219434e-05,0.0009244209351854963
Fibroblasts,Tumor surface,ATG5,1.0542368,0.34945983,0.2917745123871063,0.9979578088331161
Fibroblasts,Tumor surface,NPR3,0.80937237,0.34864503,0.41830097796361687,0.9979578088331161
Fibroblasts,Tumor surface,BATF3,-0.63121617,-0.34834942,0.5278991991912771,0.9979578088331161
Fibroblasts,Tumor surface,CLDN4,1.323305,0.34758428,0.1857339507777992,0.8356378068605756
Fibroblasts,Tumor surface,GPNMB,-2.1349628,-0.34477243,0.03276405299738945,0.20557837174832597
Fibroblasts,Tumor surface,ITGB6,0.65994084,0.3444869,0.5092918108880375,0.9979578088331161
Fibroblasts,Tumor surface,BMP7,-0.60198015,-0.3427737,0.5471873610633164,0.9979578088331161
Fibroblasts,Tumor surface,CYP19A1,0.3901508,0.3406433,0.6964250610836733,0.9979578088331161
Fibroblasts,Tumor surface,IL18R1,-0.46331888,-0.33685184,0.6431358072657953,0.9979578088331161
Fibroblasts,Tumor surface,IL1R2,-0.48355624,-0.33408514,0.628700826825237,0.9979578088331161
Fibroblasts,Tumor surface,PPBP,0.39671028,0.332906,0.691581128554369,0.9979578088331161
Fibroblasts,Tumor surface,CD5L,-0.4013035,-0.33253518,0.6881966895690224,0.9979578088331161
Fibroblasts,Tumor surface,LTB,-0.86898255,-0.33076385,0.3848566690189037,0.9979578088331161
Fibroblasts,Tumor surface,YES1,1.2872878,0.3292596,0.19799399514275562,0.8523508311078268
Fibroblasts,Tumor surface,XCL1,-0.55585325,-0.32705355,0.5783111838597866,0.9979578088331161
Fibroblasts,Tumor surface,HLA.A,4.1008472,0.32650408,4.116404615995454e-05,0.00046491158015948657
Fibroblasts,Tumor surface,CX3CL1,-0.6542909,-0.32604,0.5129243975530707,0.9979578088331161
Fibroblasts,Tumor surface,RXRB,2.0531082,0.3250816,0.04006208273829761,0.24496560145710639
Fibroblasts,Tumor surface,SERPINA1,1.695359,0.32472202,0.09000734727912318,0.480039185488657
Fibroblasts,Tumor surface,KRT20,-0.33889893,-0.32445508,0.734685876130558,0.9979578088331161
Fibroblasts,Tumor surface,HDAC3,1.9066589,0.32407042,0.05656477881838904,0.3251628003931346
Fibroblasts,Tumor surface,ETS1,1.550197,0.32287616,0.12109422867171103,0.6183535081108649
Fibroblasts,Tumor surface,ACKR3,0.93482864,0.32067057,0.34987660488650985,0.9979578088331161
Fibroblasts,Tumor surface,EIF5A,3.2932532,0.3199967,0.000990352489852802,0.008885405516436354
Fibroblasts,Tumor surface,TLR5,-0.440088,-0.31957135,0.659873367607068,0.9979578088331161
Fibroblasts,Tumor surface,TPSB2,-0.42411125,-0.31886172,0.6714846742851874,0.9979578088331161
Fibroblasts,Tumor surface,LEP,-0.35087526,-0.31652713,0.7256819319525758,0.9979578088331161
Fibroblasts,Tumor surface,MRC2,3.4355505,0.31633395,0.0005913511293970365,0.005406638897344334
Fibroblasts,Tumor surface,SOSTDC1,-0.4461384,-0.31475684,0.6554972762302993,0.9979578088331161
Fibroblasts,Tumor surface,CXCL17,0.48814043,0.31363848,0.6254503725001646,0.9979578088331161
Fibroblasts,Tumor surface,SLPI,-0.37308115,-0.31139696,0.7090880458259758,0.9979578088331161
Fibroblasts,Tumor surface,TYK2,3.5553727,0.3112856,0.0003774435736577779,0.003660058896075422
Fibroblasts,Tumor surface,CCL21,-0.84452534,-0.3112087,0.39837592702212776,0.9979578088331161
Fibroblasts,Tumor surface,KLRB1,1.0532707,0.31100863,0.2922169687784272,0.9979578088331161
Fibroblasts,Tumor surface,EOMES,0.2499758,0.31073207,0.8026060644837918,0.9979578088331161
Fibroblasts,Tumor surface,GZMH,-0.4273582,-0.30916518,0.6691184494021558,0.9979578088331161
Fibroblasts,Tumor surface,SCG5,-0.4185496,-0.30831146,0.6755453266167784,0.9979578088331161
Fibroblasts,Tumor surface,MEG3,3.475075,0.30534244,0.0005107106269668703,0.004854180414654318
Fibroblasts,Tumor surface,ADGRE5,0.6236136,0.30475673,0.5328813971833611,0.9979578088331161
Fibroblasts,Tumor surface,BIRC5,1.1380576,0.30431437,0.2550964316926605,0.9979578088331161
Fibroblasts,Tumor surface,OAS1,1.0930734,0.3040683,0.27436159180658237,0.9979578088331161
Fibroblasts,Tumor surface,DDR1,1.2165339,0.30283016,0.2237815851823758,0.938123675873715
Fibroblasts,Tumor surface,CTLA4,0.40441468,0.30260527,0.6859078109289609,0.9979578088331161
Fibroblasts,Tumor surface,TNF,0.39971736,0.3017137,0.6893647032145143,0.9979578088331161
Fibroblasts,Tumor surface,PROK2,0.4780127,0.30141088,0.6326411649253548,0.9979578088331161
Fibroblasts,Tumor surface,CCL15,-0.29190317,-0.30059102,0.7703606637369539,0.9979578088331161
Fibroblasts,Tumor surface,NPR2,0.9177568,0.29891244,0.3587462129850104,0.9979578088331161
Fibroblasts,Tumor surface,S100A2,0.60418624,0.29870257,0.5457198266159697,0.9979578088331161
Fibroblasts,Tumor surface,ATM,1.060061,0.29865068,0.2891168797037138,0.9979578088331161
Fibroblasts,Tumor surface,CCL5,-0.7719251,-0.29773796,0.4401587775586443,0.9979578088331161
Fibroblasts,Tumor surface,PGR,-0.25205973,-0.29725164,0.8009949019668363,0.9979578088331161
Fibroblasts,Tumor surface,IL32,3.2408812,0.29699323,0.0011916078487399543,0.010399486679912329
Fibroblasts,Tumor surface,CD14,-0.77247494,-0.29677728,0.43983317700349733,0.9979578088331161
Fibroblasts,Tumor surface,IL1A,0.5740067,0.29501182,0.5659632779745782,0.9979578088331161
Fibroblasts,Tumor surface,COL17A1,0.5925719,0.29478058,0.5534676678841024,0.9979578088331161
Fibroblasts,Tumor surface,ETV5,1.1357814,0.2942931,0.2560480850213852,0.9979578088331161
Fibroblasts,Tumor surface,DUSP5,-2.1495435,-0.2938069,0.0315913475104607,0.19952430006606758
Fibroblasts,Tumor surface,TNFRSF13B,0.38878185,0.29267693,0.6974375255833849,0.9979578088331161
Fibroblasts,Tumor surface,CASR,0.6134994,0.2925606,0.5395461712860887,0.9979578088331161
Fibroblasts,Tumor surface,EPHA3,-0.85140383,-0.29131278,0.3945450592465315,0.9979578088331161
Fibroblasts,Tumor surface,ADGRG2,-0.27150515,-0.2907488,0.786002538984736,0.9979578088331161
Fibroblasts,Tumor surface,NCR1,-0.27012038,-0.28939855,0.7870676334550443,0.9979578088331161
Fibroblasts,Tumor surface,ANGPT2,0.51057714,0.28809828,0.6096472013663721,0.9979578088331161
Fibroblasts,Tumor surface,KRT17,0.89658266,0.28735635,0.3699416487918211,0.9979578088331161
Fibroblasts,Tumor surface,CD40,-0.76537013,-0.28526643,0.4440511612357456,0.9979578088331161
Fibroblasts,Tumor surface,ACVR1,0.9685787,0.2850789,0.3327554234707818,0.9979578088331161
Fibroblasts,Tumor surface,PTGES,0.73274237,0.28393233,0.4637155705245458,0.9979578088331161
Fibroblasts,Tumor surface,EGF,0.44292992,0.28239477,0.6578164201598227,0.9979578088331161
Fibroblasts,Tumor surface,ADGRL2,-0.58014756,-0.28162217,0.5618150972731306,0.9979578088331161
Fibroblasts,Tumor surface,CLEC2D,0.8769494,0.2811808,0.3805141007477916,0.9979578088331161
Fibroblasts,Tumor surface,DNMT3A,1.0784745,0.28105333,0.2808220196218498,0.9979578088331161
Fibroblasts,Tumor surface,CCL7,0.38817093,0.28024465,0.6978895432845709,0.9979578088331161
Fibroblasts,Tumor surface,DDR2,1.7237262,0.27971166,0.08475729915686131,0.45711801792464524
Fibroblasts,Tumor surface,CD79A,0.41117328,0.2795924,0.6809454762244838,0.9979578088331161
Fibroblasts,Tumor surface,TNFRSF18,-0.6441383,-0.27919388,0.519485760778075,0.9979578088331161
Fibroblasts,Tumor surface,NFKBIA,-1.1233909,-0.27747285,0.2612714957924447,0.9979578088331161
Fibroblasts,Tumor surface,NTRK2,-0.24506353,-0.27745602,0.806407239766105,0.9979578088331161
Fibroblasts,Tumor surface,HBB,0.4933423,0.2773747,0.6217707278383681,0.9979578088331161
Fibroblasts,Tumor surface,MMP12,-0.3460241,-0.27639633,0.7293246136600279,0.9979578088331161
Fibroblasts,Tumor surface,EPHB6,1.0888444,0.2753479,0.2762224994886062,0.9979578088331161
Fibroblasts,Tumor surface,SMAD2,1.9276632,0.27422023,0.053897024492458756,0.31549477751683175
Fibroblasts,Tumor surface,CD81,-2.8133059,-0.27415472,0.0049034979612198335,0.03890378547744661
Fibroblasts,Tumor surface,MECOM,0.85332936,0.27387112,0.39347667363086125,0.9979578088331161
Fibroblasts,Tumor surface,PSCA,0.5494951,0.2738655,0.5826657077733806,0.9979578088331161
Fibroblasts,Tumor surface,KRT6B,0.59764034,0.27311227,0.5500799521422908,0.9979578088331161
Fibroblasts,Tumor surface,ADIPOQ,0.5600211,0.27298787,0.5754650519520645,0.9979578088331161
Fibroblasts,Tumor surface,CCL23,0.40766388,0.27176362,0.683520462023421,0.9979578088331161
Fibroblasts,Tumor surface,CDKN1A,2.9782753,0.27160698,0.002898755223350264,0.024410570301896962
Fibroblasts,Tumor surface,HCST,-0.57110596,-0.2713553,0.5679278356292763,0.9979578088331161
Fibroblasts,Tumor surface,IFITM1,2.6615913,0.2710804,0.007777224972996151,0.05832918729747113
Fibroblasts,Tumor surface,IL11,1.3917872,0.27034548,0.16398685460080908,0.7717028451802781
Fibroblasts,Tumor surface,DDIT3,-0.51230127,-0.2686614,0.6084401717153702,0.9979578088331161
Fibroblasts,Tumor surface,HGF,-2.0343869,-0.26790687,0.04191260668834401,0.25147564013006407
Fibroblasts,Tumor surface,BECN1,0.833083,0.26747346,0.4047979422418636,0.9979578088331161
Fibroblasts,Tumor surface,TWIST2,-0.2645429,-0.2655239,0.7913616126241515,0.9979578088331161
Fibroblasts,Tumor surface,CD58,0.5288505,0.26421496,0.5969091755668928,0.9979578088331161
Fibroblasts,Tumor surface,LMNA,2.7301798,0.26407123,0.006329980148475784,0.04822842017886312
Fibroblasts,Tumor surface,PTGS1,0.53240967,0.2637547,0.5944422899885932,0.9979578088331161
Fibroblasts,Tumor surface,KRT18,1.0505283,0.26335198,0.29347529447974885,0.9979578088331161
Fibroblasts,Tumor surface,CXCR6,-0.32171842,-0.26326308,0.7476660129396122,0.9979578088331161
Fibroblasts,Tumor surface,RYK,1.3369467,0.26250616,0.1812400278161167,0.8207095599220379
Fibroblasts,Tumor surface,NLRP1,0.70699316,0.26108542,0.47957074118758825,0.9979578088331161
Fibroblasts,Tumor surface,AZU1,-3.4495633,-0.2600145,0.0005614940808735125,0.005183022284986269
Fibroblasts,Tumor surface,WNT10B,-0.38091454,-0.2596978,0.7032666682790228,0.9979578088331161
Fibroblasts,Tumor surface,CHI3L1,-0.5530973,-0.25950813,0.5801967816185332,0.9979578088331161
Fibroblasts,Tumor surface,FAS,-1.410771,-0.25947458,0.15831214276174654,0.7561176967725208
Fibroblasts,Tumor surface,HCAR3,0.5440579,0.25911877,0.5864016167605111,0.9979578088331161
Fibroblasts,Tumor surface,BST1,-0.4470118,-0.25892594,0.6548665455011836,0.9979578088331161
Fibroblasts,Tumor surface,PTGDR2,-0.44128722,-0.25841877,0.659005073474426,0.9979578088331161
Fibroblasts,Tumor surface,CXCL9,-1.0351307,-0.25747547,0.30060783962303683,0.9979578088331161
Fibroblasts,Tumor surface,CXCL16,-0.86276245,-0.25738677,0.3882680785176249,0.9979578088331161
Fibroblasts,Tumor surface,PTK6,0.56623214,0.25641832,0.5712359886132043,0.9979578088331161
Fibroblasts,Tumor surface,CXCL10,-0.52442694,-0.25554886,0.5999816147992605,0.9979578088331161
Fibroblasts,Tumor surface,LIFR,-0.47034448,-0.25531036,0.6381089120460871,0.9979578088331161
Fibroblasts,Tumor surface,MARCO,0.41374594,0.25507885,0.6790601745119813,0.9979578088331161
Fibroblasts,Tumor surface,MERTK,0.41480714,0.25347245,0.678283091989378,0.9979578088331161
Fibroblasts,Tumor surface,CDKN3,0.51658225,0.25343642,0.6054478035811863,0.9979578088331161
Fibroblasts,Tumor surface,FZD4,-0.9983963,-0.25335437,0.3180872498364937,0.9979578088331161
Fibroblasts,Tumor surface,ESAM,-0.37916774,-0.25277367,0.704563299946595,0.9979578088331161
Fibroblasts,Tumor surface,PTGES3,1.4907973,0.25212818,0.13601471978336882,0.678834732920801
Fibroblasts,Tumor surface,FCGBP,-0.312851,-0.25149423,0.7543938595570798,0.9979578088331161
Fibroblasts,Tumor surface,ST6GALNAC3,0.56367755,0.25036222,0.5729735827141544,0.9979578088331161
Fibroblasts,Tumor surface,CD37,-0.50157845,-0.2494695,0.6159640739464803,0.9979578088331161
Fibroblasts,Tumor surface,MRC1,-0.39770132,-0.24941903,0.6908503656929459,0.9979578088331161
Fibroblasts,Tumor surface,EPHA4,0.41504472,0.24890365,0.678109165117708,0.9979578088331161
Fibroblasts,Tumor surface,PDGFA,1.005621,0.24886489,0.3145979306536808,0.9979578088331161
Fibroblasts,Tumor surface,TLR2,0.74928933,0.24739859,0.4536828425581312,0.9979578088331161
Fibroblasts,Tumor surface,HDAC11,0.9077354,0.2464122,0.36401803884003625,0.9979578088331161
Fibroblasts,Tumor surface,COL6A2,2.227952,0.24552971,0.02588372268352301,0.1662487571169446
Fibroblasts,Tumor surface,BAX,1.8617312,0.24512404,0.06264099155710887,0.3558304845847604
Fibroblasts,Tumor surface,EFNB2,0.43661255,0.245004,0.6623923678561262,0.9979578088331161
Fibroblasts,Tumor surface,DDX58,0.8119518,0.2449462,0.41681926624914,0.9979578088331161
Fibroblasts,Tumor surface,HLA.C,2.247524,0.24461763,0.024606556093955116,0.15961009358241154
Fibroblasts,Tumor surface,KRT16,-0.5158401,-0.2436101,0.6059660925542437,0.9979578088331161
Fibroblasts,Tumor surface,POU5F1,0.6874368,0.243081,0.4918074889196855,0.9979578088331161
Fibroblasts,Tumor surface,SPARCL1,-2.556379,-0.24245141,0.010576779918736784,0.07750922688539934
Fibroblasts,Tumor surface,ABL2,1.1071857,0.24235636,0.26821366499633903,0.9979578088331161
Fibroblasts,Tumor surface,ITGA3,0.80972534,0.24085952,0.41809803445451,0.9979578088331161
Fibroblasts,Tumor surface,ALCAM,-0.5848811,-0.24024874,0.5586276677526513,0.9979578088331161
Fibroblasts,Tumor surface,CD83,-0.46314692,-0.24013402,0.6432590551103485,0.9979578088331161
Fibroblasts,Tumor surface,TSC22D1,0.69706225,0.23891939,0.4857638316574041,0.9979578088331161
Fibroblasts,Tumor surface,CSF1R,-0.39842084,-0.2389082,0.6903199922326273,0.9979578088331161
Fibroblasts,Tumor surface,GPBAR1,-0.2633844,-0.23824854,0.7922543054274339,0.9979578088331161
Fibroblasts,Tumor surface,SNAI1,1.0154116,0.23808047,0.30990968089298543,0.9979578088331161
Fibroblasts,Tumor surface,ERBB3,-0.25576824,-0.23747459,0.7981297942215195,0.9979578088331161
Fibroblasts,Tumor surface,TNFRSF10A,0.21664433,0.23742215,0.8284855321899154,0.9979578088331161
Fibroblasts,Tumor surface,CD24,0.70793444,0.2368707,0.4789859884461438,0.9979578088331161
Fibroblasts,Tumor surface,RELA,1.2910641,0.23654756,0.1966814160065169,0.8523508311078268
Fibroblasts,Tumor surface,CXCL2,-0.36983648,-0.23642682,0.7115043348149381,0.9979578088331161
Fibroblasts,Tumor surface,PTPRCAP,0.7676849,0.23537533,0.44267442791826295,0.9979578088331161
Fibroblasts,Tumor surface,TNFRSF17,-0.19144492,-0.23481497,0.8481770265684498,0.9979578088331161
Fibroblasts,Tumor surface,VEGFD,1.2983477,0.23417242,0.19416786420696197,0.8485435950308122
Fibroblasts,Tumor surface,EMP3,1.058407,0.23404035,0.2898699673137496,0.9979578088331161
Fibroblasts,Tumor surface,TYROBP,-0.8087931,-0.23357414,0.4186341391197538,0.9979578088331161
Fibroblasts,Tumor surface,ELANE,0.51460695,0.2335336,0.6068277126578856,0.9979578088331161
Fibroblasts,Tumor surface,PLAC8,-0.48161715,-0.23319979,0.6300779461994692,0.9979578088331161
Fibroblasts,Tumor surface,SEC61G,1.0305828,0.2331101,0.3027365036217665,0.9979578088331161
Fibroblasts,Tumor surface,MAP1LC3B,0.990538,0.23288153,0.321911233296476,0.9979578088331161
Fibroblasts,Tumor surface,DLL1,-0.47184917,-0.23275135,0.6370344480563559,0.9979578088331161
Fibroblasts,Tumor surface,GDF10,-0.3473161,-0.23235142,0.7283538768070194,0.9979578088331161
Fibroblasts,Tumor surface,GCG,0.2887671,0.23220718,0.7727596125103972,0.9979578088331161
Fibroblasts,Tumor surface,ITGA6,-0.3012661,-0.23097943,0.7632115787632492,0.9979578088331161
Fibroblasts,Tumor surface,GDF6,0.50246316,0.23096737,0.6153417558096608,0.9979578088331161
Fibroblasts,Tumor surface,ERBB2,0.86287785,0.23066318,0.38820462214264007,0.9979578088331161
Fibroblasts,Tumor surface,DNTT,0.4878033,0.2303525,0.6256891767984307,0.9979578088331161
Fibroblasts,Tumor surface,NPR1,-0.22102034,-0.22859575,0.8250765894730046,0.9979578088331161
Fibroblasts,Tumor surface,TSHZ2,1.3708755,0.2282165,0.17041375938189796,0.7903246811914107
Fibroblasts,Tumor surface,ADGRE1,0.15774465,0.22801514,0.8746580200641413,0.9979578088331161
Fibroblasts,Tumor surface,HCK,-0.46547523,-0.22784491,0.6415911786407962,0.9979578088331161
Fibroblasts,Tumor surface,TYMS,0.7478299,0.22769111,0.45456276685956976,0.9979578088331161
Fibroblasts,Tumor surface,CHEK2,-0.415452,-0.22761609,0.6778110446696259,0.9979578088331161
Fibroblasts,Tumor surface,IL22RA1,-0.20997623,-0.22733337,0.8336862239417022,0.9979578088331161
Fibroblasts,Tumor surface,ADGRE2,0.41547462,0.2269734,0.6777944839010677,0.9979578088331161
Fibroblasts,Tumor surface,NOD2,0.71184206,0.2268785,0.4765625892490234,0.9979578088331161
Fibroblasts,Tumor surface,RNF43,0.8467857,0.22646973,0.39711456871321127,0.9979578088331161
Fibroblasts,Tumor surface,TPSAB1,-0.3088393,-0.22644252,0.7574437827795308,0.9979578088331161
Fibroblasts,Tumor surface,TNFRSF11B,0.9053143,0.22640906,0.3652988854709036,0.9979578088331161
Fibroblasts,Tumor surface,PNOC,0.4057157,0.22637534,0.6849514958633838,0.9979578088331161
Fibroblasts,Tumor surface,COL4A5,-0.93803036,-0.22584572,0.3482288136987264,0.9979578088331161
Fibroblasts,Tumor surface,IL6,-0.4698354,-0.22570527,0.6384726248167228,0.9979578088331161
Fibroblasts,Tumor surface,CRYAB,-0.816355,-0.22499448,0.4142971226813231,0.9979578088331161
Fibroblasts,Tumor surface,MSMB,-0.18175162,-0.22432186,0.8557776499274646,0.9979578088331161
Fibroblasts,Tumor surface,P2RX5,0.3399963,0.22432,0.7338592993166628,0.9979578088331161
Fibroblasts,Tumor surface,TLR8,-0.30679157,-0.22422181,0.7590020285575557,0.9979578088331161
Fibroblasts,Tumor surface,B3GNT7,-0.25903782,-0.22379324,0.7956060664195889,0.9979578088331161
Fibroblasts,Tumor surface,ITGAM,-0.26715854,-0.22295065,0.7893470873935249,0.9979578088331161
Fibroblasts,Tumor surface,FCGR3A,-0.9346567,-0.22271088,0.3499652479468449,0.9979578088331161
Fibroblasts,Tumor surface,COL4A2,2.4121428,0.22154158,0.0158590735912418,0.10953029242872034
Fibroblasts,Tumor surface,IL23A,0.69612324,0.2207394,0.48635164774196826,0.9979578088331161
Fibroblasts,Tumor surface,ADGRG6,-0.29257292,-0.22043955,0.7698486178469169,0.9979578088331161
Fibroblasts,Tumor surface,TUBB4B,0.81241566,0.2203209,0.41655314684621914,0.9979578088331161
Fibroblasts,Tumor surface,CD274,-0.4666405,-0.21940565,0.640757107881857,0.9979578088331161
Fibroblasts,Tumor surface,IL12RB1,0.46107206,0.2193995,0.6447469105939176,0.9979578088331161
Fibroblasts,Tumor surface,EPHB4,1.0138979,0.21877885,0.31063150271759976,0.9979578088331161
Fibroblasts,Tumor surface,KLRK1,0.5083823,0.21843845,0.6111852464743575,0.9979578088331161
Fibroblasts,Tumor surface,TNFRSF21,0.95755047,0.21835962,0.33828949739744385,0.9979578088331161
Fibroblasts,Tumor surface,NR3C1,1.0593641,0.21786804,0.28943402526864437,0.9979578088331161
Fibroblasts,Tumor surface,BMP3,0.4264124,0.21657072,0.6698073673820666,0.9979578088331161
Fibroblasts,Tumor surface,SMAD3,1.1616867,0.21648367,0.24536274470881203,0.9936276475604461
Fibroblasts,Tumor surface,RAMP1,0.96089244,0.21590519,0.3366062642466381,0.9979578088331161
Fibroblasts,Tumor surface,IL6R,-0.44412914,-0.21519503,0.6569492162989095,0.9979578088331161
Fibroblasts,Tumor surface,CAV1,1.5077312,0.2144361,0.1316233462992963,0.6615623688341595
Fibroblasts,Tumor surface,ANGPT4,-0.08603369,-0.21314777,0.9314396372845322,0.9979578088331161
Fibroblasts,Tumor surface,TGFB2,0.9585211,0.21310867,0.3378000402190635,0.9979578088331161
Fibroblasts,Tumor surface,JAK1,1.3449295,0.211747,0.1786480217053633,0.8153826033201351
Fibroblasts,Tumor surface,TIMP1,-5.215115,-0.2100318,1.8370327869882038e-07,2.755549180482306e-06
Fibroblasts,Tumor surface,MAPK13,0.56632036,0.20983598,0.5711760102672654,0.9979578088331161
Fibroblasts,Tumor surface,SOD1,-0.87392426,-0.20879275,0.38215951096618883,0.9979578088331161
Fibroblasts,Tumor surface,IGHD,0.6732974,0.20645887,0.5007581162434591,0.9979578088331161
Fibroblasts,Tumor surface,SOX9,0.6203417,0.20579925,0.5350328193524738,0.9979578088331161
Fibroblasts,Tumor surface,IL7,-0.34262556,-0.20571257,0.7318801795648551,0.9979578088331161
Fibroblasts,Tumor surface,IL27RA,0.57248163,0.20544203,0.5669957197791521,0.9979578088331161
Fibroblasts,Tumor surface,ACE2,-0.26888722,-0.20369999,0.7880164599303656,0.9979578088331161
Fibroblasts,Tumor surface,ARTN,0.65688396,0.20330387,0.511255544877889,0.9979578088331161
Fibroblasts,Tumor surface,BRCA1,0.7187636,0.2028852,0.4722866046898715,0.9979578088331161
Fibroblasts,Tumor surface,SMARCB1,0.93556404,0.20279214,0.3494976999209872,0.9979578088331161
Fibroblasts,Tumor surface,TLR3,-0.29713446,-0.2021835,0.7663638495454947,0.9979578088331161
Fibroblasts,Tumor surface,NRXN3,-0.19486383,-0.20046547,0.8454995540561814,0.9979578088331161
Fibroblasts,Tumor surface,FZD3,0.4841966,0.1979757,0.6282463554017771,0.9979578088331161
Fibroblasts,Tumor surface,FGF13,0.5215737,0.19731683,0.6019671658522829,0.9979578088331161
Fibroblasts,Tumor surface,ADGRL4,-0.122944705,-0.1973009,0.9021508855551781,0.9979578088331161
Fibroblasts,Tumor surface,ADGRF3,-0.1890216,-0.1970992,0.8500758881854553,0.9979578088331161
Fibroblasts,Tumor surface,CD27,-0.26482347,-0.19672437,0.7911454546899951,0.9979578088331161
Fibroblasts,Tumor surface,CLEC12A,0.57312196,0.19636239,0.5665621068454378,0.9979578088331161
Fibroblasts,Tumor surface,COL18A1,-1.7241085,-0.1959344,0.08468825752818267,0.45711801792464524
Fibroblasts,Tumor surface,HSPA1A,1.7863117,0.19506283,0.07404880388167392,0.40854512486440786
Fibroblasts,Tumor surface,CEACAM1,0.35567212,0.19502182,0.722086117754184,0.9979578088331161
Fibroblasts,Tumor surface,IL18,-0.32819647,-0.19499084,0.7427631165095618,0.9979578088331161
Fibroblasts,Tumor surface,KRT86,-0.35672653,-0.19490013,0.7212965363321371,0.9979578088331161
Fibroblasts,Tumor surface,TNFRSF14,-0.9655264,-0.19436318,0.334281232201761,0.9979578088331161
Fibroblasts,Tumor surface,CD59,1.1272013,0.19413657,0.259657387351514,0.9979578088331161
Fibroblasts,Tumor surface,IFNG,0.22209738,0.19346198,0.8242380765509867,0.9979578088331161
Fibroblasts,Tumor surface,NPPB,0.4394703,0.1932449,0.6603207999243685,0.9979578088331161
Fibroblasts,Tumor surface,COL27A1,1.1144172,0.19313487,0.2651002599662403,0.9979578088331161
Fibroblasts,Tumor surface,ARHGDIB,-0.56837034,-0.1928688,0.5697835114086371,0.9979578088331161
Fibroblasts,Tumor surface,YBX3,1.6703813,0.19275592,0.09484394975713183,0.5030397335184893
Fibroblasts,Tumor surface,GPX1,-1.850169,-0.1924868,0.06428920854042773,0.3630449423459448
Fibroblasts,Tumor surface,LYN,0.49380618,0.1923935,0.6214430737143213,0.9979578088331161
Fibroblasts,Tumor surface,AREG,0.3078505,0.19225104,0.7581960948468429,0.9979578088331161
Fibroblasts,Tumor surface,IL3RA,0.33246613,0.1911472,0.7395373049872088,0.9979578088331161
Fibroblasts,Tumor surface,ANGPTL1,0.4507203,0.19052339,0.6521911376841735,0.9979578088331161
Fibroblasts,Tumor surface,MX1,1.2707726,0.18924783,0.20380958283844253,0.8653121970309362
Fibroblasts,Tumor surface,CELSR2,-0.15195672,-0.18905106,0.879221070352445,0.9979578088331161
Fibroblasts,Tumor surface,AKT1,1.1830939,0.18905051,0.23677194283764502,0.9672385749963371
Fibroblasts,Tumor surface,NLRC5,0.9127472,0.18870142,0.36137550312499533,0.9979578088331161
Fibroblasts,Tumor surface,ITGB4,0.5320205,0.18786904,0.5947118050772007,0.9979578088331161
Fibroblasts,Tumor surface,TNFRSF4,-0.12216861,-0.18766823,0.9027654886618949,0.9979578088331161
Fibroblasts,Tumor surface,EFNB1,1.047166,0.1860241,0.2950230474872303,0.9979578088331161
Fibroblasts,Tumor surface,C5AR2,-0.20239401,-0.1855644,0.8396087124240311,0.9979578088331161
Fibroblasts,Tumor surface,GSTP1,1.9144243,0.18530422,0.055565956539907806,0.3213452908332018
Fibroblasts,Tumor surface,TNFSF10,0.72604036,0.18490638,0.46781404289644524,0.9979578088331161
Fibroblasts,Tumor surface,SFN,0.6630022,0.18314621,0.5073291361673455,0.9979578088331161
Fibroblasts,Tumor surface,LDLR,-0.6525079,-0.18309493,0.5140735603583538,0.9979578088331161
Fibroblasts,Tumor surface,S100A9,-0.8339903,-0.18261561,0.4042864532259801,0.9979578088331161
Fibroblasts,Tumor surface,TLR7,-0.27533585,-0.18130943,0.7830582171899458,0.9979578088331161
Fibroblasts,Tumor surface,LPAR5,-0.22490084,-0.17961542,0.8220564194746562,0.9979578088331161
Fibroblasts,Tumor surface,WNT7B,0.81826925,0.17822336,0.41320347256720524,0.9979578088331161
Fibroblasts,Tumor surface,CCR10,-0.27323157,-0.17747624,0.7846752125438214,0.9979578088331161
Fibroblasts,Tumor surface,CSHL1,0.37692997,0.17730622,0.7062256540865078,0.9979578088331161
Fibroblasts,Tumor surface,FKBP11,1.2097256,0.17659159,0.22638421695152167,0.9408175249933368
Fibroblasts,Tumor surface,IFNB1,-0.08185905,-0.17657605,0.93475879618918,0.9979578088331161
Fibroblasts,Tumor surface,CXCL6,0.33702317,0.17642388,0.7360994374262346,0.9979578088331161
Fibroblasts,Tumor surface,PPARD,0.66094995,0.17564262,0.5086443999610382,0.9979578088331161
Fibroblasts,Tumor surface,S100P,0.42022625,0.17554808,0.67432018250102,0.9979578088331161
Fibroblasts,Tumor surface,SYK,0.31362033,0.17528129,0.753809425676135,0.9979578088331161
Fibroblasts,Tumor surface,MMP10,-0.1539886,-0.17430273,0.8776187213926262,0.9979578088331161
Fibroblasts,Tumor surface,CALB1,0.52123207,0.17400137,0.6022051265910916,0.9979578088331161
Fibroblasts,Tumor surface,FYN,-0.40939483,-0.1738301,0.682249938948946,0.9979578088331161
Fibroblasts,Tumor surface,PTK2,0.84206355,0.17335646,0.39975240038028903,0.9979578088331161
Fibroblasts,Tumor surface,JAK2,-0.64549136,-0.17220646,0.5186088072740265,0.9979578088331161
Fibroblasts,Tumor surface,IL17D,0.5677708,0.17220579,0.5701906420361511,0.9979578088331161
Fibroblasts,Tumor surface,CD86,-0.08239983,-0.1719898,0.9343287695036563,0.9979578088331161
Fibroblasts,Tumor surface,HSD17B2,0.36868703,0.17146958,0.7123610115364556,0.9979578088331161
Fibroblasts,Tumor surface,RAMP3,-0.08651338,-0.17141725,0.9310583240966169,0.9979578088331161
Fibroblasts,Tumor surface,VPREB3,-0.08102865,-0.1710994,0.9354191670700827,0.9979578088331161
Fibroblasts,Tumor surface,BMP2,-0.28828967,-0.17097202,0.7731250116024829,0.9979578088331161
Fibroblasts,Tumor surface,TGFB3,1.5363607,0.17069928,0.12444991806325388,0.6287995860038091
Fibroblasts,Tumor surface,NRXN1,0.16138302,0.16915438,0.8717917353297591,0.9979578088331161
Fibroblasts,Tumor surface,CCL8,0.4820674,0.16870245,0.6297580568425252,0.9979578088331161
Fibroblasts,Tumor surface,TNFSF18,-0.11829038,-0.16797136,0.9058375782752859,0.9979578088331161
Fibroblasts,Tumor surface,IER3,1.4483111,0.16790687,0.14753007662875472,0.715297341230326
Fibroblasts,Tumor surface,KRT10,-0.15635084,-0.16753489,0.8757564874890226,0.9979578088331161
Fibroblasts,Tumor surface,HMGN2,0.3862318,0.16714941,0.6993249904337789,0.9979578088331161
Fibroblasts,Tumor surface,PECAM1,-0.23074307,-0.1671348,0.8175144175250967,0.9979578088331161
Fibroblasts,Tumor surface,ACKR1,0.15711336,0.16676451,0.8751555104191194,0.9979578088331161
Fibroblasts,Tumor surface,TNFRSF11A,0.47678408,0.1662388,0.6335158912024796,0.9979578088331161
Fibroblasts,Tumor surface,KRT24,-0.18520899,-0.1657625,0.8530651164882159,0.9979578088331161
Fibroblasts,Tumor surface,OSM,0.42080775,0.16572525,0.6738954688632374,0.9979578088331161
Fibroblasts,Tumor surface,LEFTY1,0.17963377,0.16571042,0.8574400983034517,0.9979578088331161
Fibroblasts,Tumor surface,NGFR,-0.17118719,-0.16489872,0.8640765752989426,0.9979578088331161
Fibroblasts,Tumor surface,CCL26,0.3908635,0.16471606,0.6958981240528064,0.9979578088331161
Fibroblasts,Tumor surface,PDGFB,-0.16304156,-0.16450828,0.8704857076226925,0.9979578088331161
Fibroblasts,Tumor surface,CSF1,-0.62377876,-0.16440946,0.5327729007455234,0.9979578088331161
Fibroblasts,Tumor surface,BCL2L1,1.3570167,0.16433279,0.17477592013220244,0.8066580929178574
Fibroblasts,Tumor surface,VEGFB,0.83547914,0.16365482,0.40344799041306334,0.9979578088331161
Fibroblasts,Tumor surface,ITGAX,-0.24546403,-0.1634593,0.8060971602045226,0.9979578088331161
Fibroblasts,Tumor surface,SQSTM1,-2.4081287,-0.16333431,0.016034527205874942,0.10995104369742817
Fibroblasts,Tumor surface,PRSS2,0.16982506,0.1631007,0.8651477139793856,0.9979578088331161
Fibroblasts,Tumor surface,IGHM,-0.27185133,-0.16260712,0.7857363278505946,0.9979578088331161
Fibroblasts,Tumor surface,S100A8,-0.13644609,-0.16214348,0.8914686437078667,0.9979578088331161
Fibroblasts,Tumor surface,LAMP2,1.1592928,0.16099043,0.24633685429102725,0.9936276475604461
Fibroblasts,Tumor surface,ESR1,0.82574964,0.160861,0.40894613134013347,0.9979578088331161
Fibroblasts,Tumor surface,C9orf16,0.93475854,0.1605907,0.3499127602036385,0.9979578088331161
Fibroblasts,Tumor surface,LAIR1,-0.31339857,-0.160133,0.7539778656989883,0.9979578088331161
Fibroblasts,Tumor surface,PSAP,-2.735556,-0.1598139,0.0062275014869917775,0.04782721142009685
Fibroblasts,Tumor surface,EPHA2,0.6165676,0.15959725,0.5375199711436089,0.9979578088331161
Fibroblasts,Tumor surface,TAP1,0.84984034,0.15934163,0.3954138629204712,0.9979578088331161
Fibroblasts,Tumor surface,EPHB2,0.6906023,0.1584184,0.48981548757621685,0.9979578088331161
Fibroblasts,Tumor surface,TBX21,0.33188236,0.15823887,0.7399780850618742,0.9979578088331161
Fibroblasts,Tumor surface,CD2,-0.30799982,-0.15812968,0.758082458644707,0.9979578088331161
Fibroblasts,Tumor surface,EPOR,0.4890387,0.15810217,0.6248142871723669,0.9979578088331161
Fibroblasts,Tumor surface,LEFTY2,0.33256343,0.15766613,0.7394638499542092,0.9979578088331161
Fibroblasts,Tumor surface,IL12B,0.44259053,0.1574772,0.6580619389125604,0.9979578088331161
Fibroblasts,Tumor surface,TAP2,0.7622092,0.15665042,0.4459351588746715,0.9979578088331161
Fibroblasts,Tumor surface,CRP,0.7919973,0.15631503,0.4283622444447587,0.9979578088331161
Fibroblasts,Tumor surface,HSP90B1,1.8629282,0.15625322,0.062472378066961154,0.3558304845847604
Fibroblasts,Tumor surface,PTGS2,-0.35287547,-0.15368475,0.724181804832934,0.9979578088331161
Fibroblasts,Tumor surface,IL17RA,0.57008773,0.15333088,0.5686181958562972,0.9979578088331161
Fibroblasts,Tumor surface,MS4A4A,-0.2200293,-0.1528842,0.8258483386691914,0.9979578088331161
Fibroblasts,Tumor surface,LIF,0.9821751,0.15274985,0.3260135743202589,0.9979578088331161
Fibroblasts,Tumor surface,CTSG,-0.30129325,-0.15255633,0.7631908757703761,0.9979578088331161
Fibroblasts,Tumor surface,ICOSLG,-0.27298722,-0.14769259,0.7848630530450786,0.9979578088331161
Fibroblasts,Tumor surface,CHEK1,-0.21424137,-0.14743555,0.8303588334059856,0.9979578088331161
Fibroblasts,Tumor surface,TCL1A,0.285579,0.14660926,0.7752005984103134,0.9979578088331161
Fibroblasts,Tumor surface,RPL21,-1.8363417,-0.14638463,0.06630713567349723,0.37225058623717744
Fibroblasts,Tumor surface,B2M,0.09979302,0.1462144,0.9205086542253715,0.9979578088331161
Fibroblasts,Tumor surface,ICAM2,-0.16629303,-0.14611547,0.8679263511014573,0.9979578088331161
Fibroblasts,Tumor surface,KRT8,0.8763906,0.14588118,0.3808177488700615,0.9979578088331161
Fibroblasts,Tumor surface,S100A4,-1.0386401,-0.14498384,0.2989721074479411,0.9979578088331161
Fibroblasts,Tumor surface,CCL3L3,-0.18003199,-0.14494945,0.8571274526643069,0.9979578088331161
Fibroblasts,Tumor surface,ADGRA3,0.7378108,0.14478007,0.4606294466263028,0.9979578088331161
Fibroblasts,Tumor surface,MPO,0.4101166,0.14470422,0.6817204048511541,0.9979578088331161
Fibroblasts,Tumor surface,ATG10,0.5546269,0.14434221,0.5791499035457137,0.9979578088331161
Fibroblasts,Tumor surface,CD63,1.3431782,0.14421062,0.17921430135473804,0.8153826033201351
Fibroblasts,Tumor surface,LGALS3BP,1.4646294,0.14351402,0.14302203747394893,0.7041084921794408
Fibroblasts,Tumor surface,IFNAR1,-0.3588625,-0.14292519,0.7196979517351949,0.9979578088331161
Fibroblasts,Tumor surface,TSLP,-0.12236998,-0.14009629,0.9026060087728596,0.9979578088331161
Fibroblasts,Tumor surface,CD38,-0.11283055,-0.13981901,0.9101648999495552,0.9979578088331161
Fibroblasts,Tumor surface,GPER1,-0.11870219,-0.13976629,0.9055113027009657,0.9979578088331161
Fibroblasts,Tumor surface,EFNA5,-0.2917244,-0.13974272,0.7704973415677527,0.9979578088331161
Fibroblasts,Tumor surface,H2AZ1,0.7975906,0.1388909,0.4251080828244346,0.9979578088331161
Fibroblasts,Tumor surface,FASLG,-0.12712386,-0.13834658,0.898842363609002,0.9979578088331161
Fibroblasts,Tumor surface,ARF1,1.2894148,0.1377544,0.19725394949466157,0.8523508311078268
Fibroblasts,Tumor surface,IL12RB2,-0.1313709,-0.13685831,0.8954819034243493,0.9979578088331161
Fibroblasts,Tumor surface,SNAI2,0.9725882,0.13600864,0.33075801806220595,0.9979578088331161
Fibroblasts,Tumor surface,DMBT1,0.25039667,0.1358865,0.8022806152643691,0.9979578088331161
Fibroblasts,Tumor surface,ATF3,0.9186528,0.13577095,0.3582772046522744,0.9979578088331161
Fibroblasts,Tumor surface,WNT9A,0.22691235,0.1355338,0.8204918960590765,0.9979578088331161
Fibroblasts,Tumor surface,CCL4L2,0.3267167,0.13538583,0.743882182539455,0.9979578088331161
Fibroblasts,Tumor surface,IRF4,0.34492216,0.13501766,0.7301528881322121,0.9979578088331161
Fibroblasts,Tumor surface,CLCF1,0.6843822,0.1344191,0.49373383462393017,0.9979578088331161
Fibroblasts,Tumor surface,IL12A,-0.18530177,-0.13387884,0.8529923563220076,0.9979578088331161
Fibroblasts,Tumor surface,LGALS3,1.2623396,0.13340999,0.20682663322288408,0.870848981991091
Fibroblasts,Tumor surface,LY6D,0.2006246,0.13319124,0.8409921241121077,0.9979578088331161
Fibroblasts,Tumor surface,CCR5,0.32839558,0.13315357,0.7426125802442065,0.9979578088331161
Fibroblasts,Tumor surface,HLA.DQA1,-0.8985127,-0.13288547,0.3689122605873725,0.9979578088331161
Fibroblasts,Tumor surface,MAF,-0.6092818,-0.1327224,0.5423376776588359,0.9979578088331161
Fibroblasts,Tumor surface,BMP5,-0.590126,-0.1313579,0.5551061920396012,0.9979578088331161
Fibroblasts,Tumor surface,ADIRF,-0.31958926,-0.1302571,0.7492797208749487,0.9979578088331161
Fibroblasts,Tumor surface,CLEC5A,-0.11936968,-0.12986667,0.9049824833350096,0.9979578088331161
Fibroblasts,Tumor surface,S100B,-0.22103167,-0.12980987,0.8250677805250839,0.9979578088331161
Fibroblasts,Tumor surface,CAMP,0.3219492,0.12891546,0.7474911608081449,0.9979578088331161
Fibroblasts,Tumor surface,CXCL14,-0.18605296,-0.12863512,0.8524032225629189,0.9979578088331161
Fibroblasts,Tumor surface,CD3D,-0.14198285,-0.1280638,0.8870935517137095,0.9979578088331161
Fibroblasts,Tumor surface,EZR,0.71170175,0.12803705,0.47664947387570245,0.9979578088331161
Fibroblasts,Tumor surface,RPL32,-0.8108816,-0.1278628,0.41743367054643166,0.9979578088331161
Fibroblasts,Tumor surface,SREBF1,0.64656615,0.1276573,0.5179127760323348,0.9979578088331161
Fibroblasts,Tumor surface,PPARA,0.33133933,0.12731569,0.7403881897174145,0.9979578088331161
Fibroblasts,Tumor surface,COTL1,-0.56427944,-0.12670441,0.5725639680935035,0.9979578088331161
Fibroblasts,Tumor surface,ADM2,0.2741751,0.12622677,0.7839500572882608,0.9979578088331161
Fibroblasts,Tumor surface,MALAT1,-2.6098688,0.12591836,0.009057695433395036,0.0668875970466095
Fibroblasts,Tumor surface,TNFSF9,0.5421188,0.12591314,0.5877366636214361,0.9979578088331161
Fibroblasts,Tumor surface,IL10,0.22638741,0.12586902,0.8209001170307365,0.9979578088331161
Fibroblasts,Tumor surface,TP53,0.4787707,0.1253603,0.6321017648484424,0.9979578088331161
Fibroblasts,Tumor surface,CD34,-0.39388418,-0.12504576,0.6936665466296396,0.9979578088331161
Fibroblasts,Tumor surface,BID,0.37396586,0.12474763,0.7084297173724027,0.9979578088331161
Fibroblasts,Tumor surface,NFKB1,-0.3023635,-0.12443281,0.762374967849846,0.9979578088331161
Fibroblasts,Tumor surface,TOX,-0.14738838,-0.124416105,0.8828254760492688,0.9979578088331161
Fibroblasts,Tumor surface,BMPR1A,0.67746747,0.12361145,0.4981093872133602,0.9979578088331161
Fibroblasts,Tumor surface,THBS1,-1.3064617,-0.12344412,0.1913955938840699,0.8467270512843645
Fibroblasts,Tumor surface,TNFSF15,0.40428117,0.12318167,0.6860059656647168,0.9979578088331161
Fibroblasts,Tumor surface,FZD7,0.611187,0.12292985,0.5410758161802415,0.9979578088331161
Fibroblasts,Tumor surface,CD84,0.2657919,0.12277583,0.7903994846603457,0.9979578088331161
Fibroblasts,Tumor surface,ETV4,0.33236885,0.122339904,0.7396107623963188,0.9979578088331161
Fibroblasts,Tumor surface,GADD45B,1.1972129,0.12215418,0.23122355502430791,0.9550768654896139
Fibroblasts,Tumor surface,TNFRSF10B,-0.3685196,-0.12177214,0.7124858333511438,0.9979578088331161
Fibroblasts,Tumor surface,AHI1,-0.48135242,-0.12173317,0.6302660542409999,0.9979578088331161
Fibroblasts,Tumor surface,COL5A3,-0.62896025,-0.1216927,0.5293750669588203,0.9979578088331161
Fibroblasts,Tumor surface,TUBB,1.317714,0.12124809,0.18759941054391838,0.8376531819635424
Fibroblasts,Tumor surface,PTGES2,0.90659726,0.12021706,0.3646198063246435,0.9979578088331161
Fibroblasts,Tumor surface,TIGIT,0.26542535,0.120173745,0.790681815256076,0.9979578088331161
Fibroblasts,Tumor surface,CXCR1,0.20890373,0.11994256,0.8345233972204942,0.9979578088331161
Fibroblasts,Tumor surface,EFNB3,0.29991305,0.11941298,0.7642434921217864,0.9979578088331161
Fibroblasts,Tumor surface,FABP4,-0.060286712,-0.11936422,0.9519272863502909,0.9979578088331161
Fibroblasts,Tumor surface,STAT5B,0.44208822,0.11879737,0.6584253743486395,0.9979578088331161
Fibroblasts,Tumor surface,PDGFRB,1.0107234,0.11791468,0.3121488791511301,0.9979578088331161
Fibroblasts,Tumor surface,IRF3,-0.7002006,-0.11743023,0.4838020435703948,0.9979578088331161
Fibroblasts,Tumor surface,MT2A,-1.2975038,-0.117240734,0.19445790719456113,0.8485435950308122
Fibroblasts,Tumor surface,COL9A3,-0.1914947,-0.11719825,0.8481380302026381,0.9979578088331161
Fibroblasts,Tumor surface,MMP19,-0.38349625,-0.11653168,0.7013518538711316,0.9979578088331161
Fibroblasts,Tumor surface,H4C3,0.80733824,0.11552959,0.41947163467604853,0.9979578088331161
Fibroblasts,Tumor surface,IL17RE,0.37674668,0.11517181,0.7063618646488803,0.9979578088331161
Fibroblasts,Tumor surface,GNLY,0.45794955,0.11504259,0.6469886776877514,0.9979578088331161
Fibroblasts,Tumor surface,BCL2,-0.35297728,-0.11462993,0.7241054691629911,0.9979578088331161
Fibroblasts,Tumor surface,NR1H4,0.2951501,0.1145411,0.767879216745511,0.9979578088331161
Fibroblasts,Tumor surface,CD300A,0.23798136,0.1136218,0.8118955523130466,0.9979578088331161
Fibroblasts,Tumor surface,COL9A2,-0.82059526,-0.11306288,0.4118768492682514,0.9979578088331161
Fibroblasts,Tumor surface,TNFRSF1B,-0.16830002,-0.11305874,0.86634725621642,0.9979578088331161
Fibroblasts,Tumor surface,CCL3,-0.14702636,-0.1129379,0.8831112197204716,0.9979578088331161
Fibroblasts,Tumor surface,KRT4,0.26260605,0.11242116,0.7928542364806541,0.9979578088331161
Fibroblasts,Tumor surface,CD36,-0.027758496,-0.11221828,0.977854768758908,0.9979578088331161
Fibroblasts,Tumor surface,HLA.DRB5,-0.52310556,-0.11180469,0.6009008037779099,0.9979578088331161
Fibroblasts,Tumor surface,IFIH1,-0.24518345,-0.11176393,0.806314387889503,0.9979578088331161
Fibroblasts,Tumor surface,IL20,0.32015944,0.111654446,0.7488474615818066,0.9979578088331161
Fibroblasts,Tumor surface,IL13RA1,0.79585063,0.11144102,0.42611885048369214,0.9979578088331161
Fibroblasts,Tumor surface,ARG1,0.15477376,0.111133024,0.8769996848351856,0.9979578088331161
Fibroblasts,Tumor surface,UPK3A,0.680547,0.11111573,0.4961581757550124,0.9979578088331161
Fibroblasts,Tumor surface,FOXP3,0.20120384,0.11061123,0.8405391882555716,0.9979578088331161
Fibroblasts,Tumor surface,DDC,0.23116392,0.10898624,0.8171874590228971,0.9979578088331161
Fibroblasts,Tumor surface,STAT4,-0.19905883,-0.1087262,0.842216729393569,0.9979578088331161
Fibroblasts,Tumor surface,TGFBR2,-0.5621978,-0.10862188,0.5739812710629308,0.9979578088331161
Fibroblasts,Tumor surface,MKI67,0.23263691,0.108617276,0.8160433551072227,0.9979578088331161
Fibroblasts,Tumor surface,TNFRSF10D,-0.062465668,-0.108287625,0.9501920029096017,0.9979578088331161
Fibroblasts,Tumor surface,KRT14,0.82247555,0.107934885,0.4108063013290236,0.9979578088331161
Fibroblasts,Tumor surface,NRG1,0.18523388,0.107195646,0.8530455953452781,0.9979578088331161
Fibroblasts,Tumor surface,ADORA2A,0.3130388,0.10682744,0.7542511759420106,0.9979578088331161
Fibroblasts,Tumor surface,TEK,-0.12303974,-0.10640615,0.9020756320544558,0.9979578088331161
Fibroblasts,Tumor surface,CSK,0.49554163,0.10594963,0.6202178338420751,0.9979578088331161
Fibroblasts,Tumor surface,SAA1,0.25598773,0.10587791,0.7979603149624963,0.9979578088331161
Fibroblasts,Tumor surface,TLR4,-0.13895991,-0.105359524,0.889481823365294,0.9979578088331161
Fibroblasts,Tumor surface,IL15RA,1.0632558,0.10524457,0.2876659503520731,0.9979578088331161
Fibroblasts,Tumor surface,CCL13,-0.04739625,-0.104419544,0.9621974166730848,0.9979578088331161
Fibroblasts,Tumor surface,CMKLR1,-0.22669514,-0.104404286,0.8206608091907845,0.9979578088331161
Fibroblasts,Tumor surface,RXRA,0.36334035,0.104304776,0.7163506647209139,0.9979578088331161
Fibroblasts,Tumor surface,FFAR4,-0.21402642,-0.104099974,0.8305264545899206,0.9979578088331161
Fibroblasts,Tumor surface,JUNB,0.7709092,0.10388763,0.44076076525609276,0.9979578088331161
Fibroblasts,Tumor surface,CLEC7A,0.2375243,0.10207739,0.8122500709206646,0.9979578088331161
Fibroblasts,Tumor surface,IFNAR2,-0.29581985,-0.10205616,0.7673676591911592,0.9979578088331161
Fibroblasts,Tumor surface,ICAM3,-0.23021133,-0.1018831,0.8179275556511256,0.9979578088331161
Fibroblasts,Tumor surface,LGALS9,0.57807726,0.10168397,0.5632119748236046,0.9979578088331161
Fibroblasts,Tumor surface,ATG12,-0.25771415,-0.10103867,0.7966275272360874,0.9979578088331161
Fibroblasts,Tumor surface,SOX2,-0.12835023,-0.10054431,0.8978718126474305,0.9979578088331161
Fibroblasts,Tumor surface,MMP16,0.33840567,0.10005624,0.7350575098394501,0.9979578088331161
Fibroblasts,Tumor surface,CSF3R,0.17832367,0.10000844,0.8584687889615183,0.9979578088331161
Fibroblasts,Tumor surface,LUM,-4.510588,-0.09962933,6.464813621014549e-06,8.501672707087627e-05
Fibroblasts,Tumor surface,HTT,0.45716667,0.09937654,0.64755124758445,0.9979578088331161
Fibroblasts,Tumor surface,HAVCR2,0.12041503,0.09936709,0.9041543831804234,0.9979578088331161
Fibroblasts,Tumor surface,IL1RN,-0.19047198,-0.09890983,0.8489393027667866,0.9979578088331161
Fibroblasts,Tumor surface,DUSP1,-1.5841327,-0.09839261,0.11316353710112444,0.5872270033355647
Fibroblasts,Tumor surface,IL7R,0.3736785,0.09824605,0.7086435239839084,0.9979578088331161
Fibroblasts,Tumor surface,MAML2,0.39343843,0.097744614,0.6939956840834955,0.9979578088331161
Fibroblasts,Tumor surface,CLEC10A,0.3631842,0.097664766,0.716467280327546,0.9979578088331161
Fibroblasts,Tumor surface,IL11RA,-0.26256078,-0.09747003,0.7928891199686998,0.9979578088331161
Fibroblasts,Tumor surface,BTK,-0.08249939,-0.09720197,0.934249603495774,0.9979578088331161
Fibroblasts,Tumor surface,ADGRA2,0.66526943,0.09603563,0.5058781897543059,0.9979578088331161
Fibroblasts,Tumor surface,KRT6A,-0.27464575,-0.0955251,0.7835884192275195,0.9979578088331161
Fibroblasts,Tumor surface,UCP1,0.15275997,0.09497135,0.8785875655507771,0.9979578088331161
Fibroblasts,Tumor surface,TLR1,-0.086221494,-0.09489582,0.9312903476948661,0.9979578088331161
Fibroblasts,Tumor surface,MTOR,0.4558023,0.09449494,0.648532161244606,0.9979578088331161
Fibroblasts,Tumor surface,KRT6C,0.3526311,0.09424911,0.7243650216300331,0.9979578088331161
Fibroblasts,Tumor surface,IFNGR1,0.73795784,0.0940577,0.4605400657281701,0.9979578088331161
Fibroblasts,Tumor surface,TGFB1,0.76691103,0.093718894,0.4431344129746374,0.9979578088331161
Fibroblasts,Tumor surface,OXER1,0.33576512,0.09351286,0.7370479965064864,0.9979578088331161
Fibroblasts,Tumor surface,SERPINA3,-0.16778414,-0.09316482,0.8667531059177236,0.9979578088331161
Fibroblasts,Tumor surface,SST,-0.056096237,-0.09284073,0.9552651421750522,0.9979578088331161
Fibroblasts,Tumor surface,NRG4,0.16414349,0.09266991,0.8696181871030502,0.9979578088331161
Fibroblasts,Tumor surface,PDGFRA,-0.59179133,-0.09248128,0.553990343593701,0.9979578088331161
Fibroblasts,Tumor surface,CCL11,0.27644458,0.09247786,0.7822066282142381,0.9979578088331161
Fibroblasts,Tumor surface,WNT3,0.2749512,0.09238617,0.7833537272258744,0.9979578088331161
Fibroblasts,Tumor surface,SPOCK2,-0.14421386,-0.09220708,0.8853316061143831,0.9979578088331161
Fibroblasts,Tumor surface,ADGRG1,0.1828196,0.09207733,0.8549395634705633,0.9979578088331161
Fibroblasts,Tumor surface,BMP6,-0.09747377,-0.09190132,0.9223501616090006,0.9979578088331161
Fibroblasts,Tumor surface,DST,0.880081,0.0916374,0.3788154408837263,0.9979578088331161
Fibroblasts,Tumor surface,RAD51,0.15567203,0.091545634,0.8762915422084423,0.9979578088331161
Fibroblasts,Tumor surface,FASN,0.23968288,0.09147857,0.8105760997992638,0.9979578088331161
Fibroblasts,Tumor surface,PDCD1LG2,-0.05538802,-0.091160074,0.9558293405544983,0.9979578088331161
Fibroblasts,Tumor surface,IAPP,-0.0725323,-0.0911464,0.9421782959855877,0.9979578088331161
Fibroblasts,Tumor surface,CD8A,0.27316368,0.089442,0.784727389203254,0.9979578088331161
Fibroblasts,Tumor surface,GZMA,-0.10750648,-0.089034304,0.9143871904003776,0.9979578088331161
Fibroblasts,Tumor surface,IL17B,-0.18367717,-0.088986635,0.8542667268486543,0.9979578088331161
Fibroblasts,Tumor surface,DUSP6,0.43638626,0.08849945,0.6625564981632603,0.9979578088331161
Fibroblasts,Tumor surface,IL10RA,0.26813376,0.08814068,0.788596356565655,0.9979578088331161
Fibroblasts,Tumor surface,ICOS,-0.14138325,-0.08802193,0.8875671924611226,0.9979578088331161
Fibroblasts,Tumor surface,CD209,0.25850156,0.087941885,0.7960198469047228,0.9979578088331161
Fibroblasts,Tumor surface,WNT2B,-0.07469316,-0.08760485,0.9404588488615511,0.9979578088331161
Fibroblasts,Tumor surface,PGF,-0.081734605,-0.087478645,0.9348577590041195,0.9979578088331161
Fibroblasts,Tumor surface,ACE,0.19958377,0.08667959,0.8418061254043226,0.9979578088331161
Fibroblasts,Tumor surface,HSD3B2,-0.05607587,-0.08624679,0.9552813648200174,0.9979578088331161
Fibroblasts,Tumor surface,CXCL5,0.13322856,0.08619056,0.8940126235072774,0.9979578088331161
Fibroblasts,Tumor surface,FGFR2,0.3720901,0.085532196,0.7098257664535483,0.9979578088331161
Fibroblasts,Tumor surface,CLEC4E,0.25110713,0.085123666,0.8017312788346294,0.9979578088331161
Fibroblasts,Tumor surface,WIF1,-0.27150288,-0.08417188,0.7860042790091302,0.9979578088331161
Fibroblasts,Tumor surface,EFNA1,0.3939566,0.08406915,0.6936130881315941,0.9979578088331161
Fibroblasts,Tumor surface,NLRP3,0.25960574,0.082827196,0.7951679058749676,0.9979578088331161
Fibroblasts,Tumor surface,PTTG1,0.11765909,0.082764946,0.906337778813754,0.9979578088331161
Fibroblasts,Tumor surface,CXCR5,0.2503265,0.08264446,0.8023348544208388,0.9979578088331161
Fibroblasts,Tumor surface,WNT11,-0.18373147,-0.08263531,0.8542241233430173,0.9979578088331161
Fibroblasts,Tumor surface,ABL1,-0.16946304,-0.08212933,0.8654324437641296,0.9979578088331161
Fibroblasts,Tumor surface,ADGRL1,0.16131514,0.082021594,0.8718451955038298,0.9979578088331161
Fibroblasts,Tumor surface,IFNGR2,-0.26459947,-0.08185586,0.791318031103675,0.9979578088331161
Fibroblasts,Tumor surface,FZD5,0.3166455,0.081500106,0.7515125956424941,0.9979578088331161
Fibroblasts,Tumor surface,NLRC4,-0.123815835,-0.080935895,0.9014610947941328,0.9979578088331161
Fibroblasts,Tumor surface,IL17A,-0.14634302,-0.080002934,0.8836506023184088,0.9979578088331161
Fibroblasts,Tumor surface,EPHB3,0.38888595,0.0793716,0.697360525858721,0.9979578088331161
Fibroblasts,Tumor surface,ITGB2,0.46344107,0.0793386,0.6430482423957313,0.9979578088331161
Fibroblasts,Tumor surface,ITK,0.20597582,0.07877191,0.8368097973240803,0.9979578088331161
Fibroblasts,Tumor surface,SRC,0.47288096,0.07874946,0.6362981133740229,0.9979578088331161
Fibroblasts,Tumor surface,LAMP3,0.19371213,0.07795593,0.8464012978196156,0.9979578088331161
Fibroblasts,Tumor surface,TOP2A,-0.10974878,-0.07763171,0.9126086101810218,0.9979578088331161
Fibroblasts,Tumor surface,MMP8,0.18933159,0.07649085,0.8498329411692276,0.9979578088331161
Fibroblasts,Tumor surface,KITLG,0.34977788,0.07638365,0.7265054132561788,0.9979578088331161
Fibroblasts,Tumor surface,JAG1,-0.22123304,-0.0760808,0.824910984938784,0.9979578088331161
Fibroblasts,Tumor surface,HDAC4,0.21801777,0.07605471,0.8274152595794991,0.9979578088331161
Fibroblasts,Tumor surface,CX3CR1,-0.12036752,-0.075905174,0.904192021842055,0.9979578088331161
Fibroblasts,Tumor surface,OAS3,0.32371184,0.0758352,0.7461561996156068,0.9979578088331161
Fibroblasts,Tumor surface,IL17RB,-0.016974587,-0.07365791,0.9864568893519355,0.9979578088331161
Fibroblasts,Tumor surface,FABP5,0.4590809,0.0733782,0.6461760717452862,0.9979578088331161
Fibroblasts,Tumor surface,FOS,0.46626037,0.07305022,0.6410291433133435,0.9979578088331161
Fibroblasts,Tumor surface,IL24,0.2968177,0.07255891,0.766605695596573,0.9979578088331161
Fibroblasts,Tumor surface,CD28,0.14316396,0.07218477,0.886160686904375,0.9979578088331161
Fibroblasts,Tumor surface,KRT5,-0.07636301,-0.071891055,0.939130293001255,0.9979578088331161
Fibroblasts,Tumor surface,CSF2RA,0.25628415,0.07151566,0.7977314457167655,0.9979578088331161
Fibroblasts,Tumor surface,MZT2A,-1.4890505,0.071502596,0.13647406609761936,0.678834732920801
Fibroblasts,Tumor surface,CLOCK,-0.16033767,-0.070935845,0.8726150868005499,0.9979578088331161
Fibroblasts,Tumor surface,FPR1,0.2418347,0.07077106,0.8089082545011228,0.9979578088331161
Fibroblasts,Tumor surface,CFLAR,-0.17598407,-0.07069257,0.860306460234254,0.9979578088331161
Fibroblasts,Tumor surface,GPR183,0.20326513,0.070018254,0.8389278026989275,0.9979578088331161
Fibroblasts,Tumor surface,NR1H2,0.59335935,0.06982438,0.5529406920518501,0.9979578088331161
Fibroblasts,Tumor surface,IFNL3,0.17126639,0.069488786,0.8640143074575517,0.9979578088331161
Fibroblasts,Tumor surface,DUSP2,0.1744545,0.0693008,0.8615082875396566,0.9979578088331161
Fibroblasts,Tumor surface,CD44,-0.20458427,-0.06926057,0.8378969404945952,0.9979578088331161
Fibroblasts,Tumor surface,PIGR,-0.07998556,-0.069041714,0.9362487421766896,0.9979578088331161
Fibroblasts,Tumor surface,HLA.E,-0.45709202,-0.06839048,0.6476049136186954,0.9979578088331161
Fibroblasts,Tumor surface,FLT1,0.46483037,0.06820015,0.6420529463438188,0.9979578088331161
Fibroblasts,Tumor surface,APOB,0.016083093,-0.06713782,0.9871681013995297,0.9979578088331161
Fibroblasts,Tumor surface,HDAC5,-0.105856985,-0.06706004,0.9156958248574611,0.9979578088331161
Fibroblasts,Tumor surface,MAPK14,-0.12642244,-0.06692824,0.8993975439004812,0.9979578088331161
Fibroblasts,Tumor surface,SMAD4,-0.1848085,-0.06639632,0.8533792417901822,0.9979578088331161
Fibroblasts,Tumor surface,COL4A1,0.7331519,0.06597285,0.4634657737680654,0.9979578088331161
Fibroblasts,Tumor surface,CNTFR,-0.064545065,-0.06582232,0.9485362256411671,0.9979578088331161
Fibroblasts,Tumor surface,RB1,0.29653713,0.06545694,0.766819921090272,0.9979578088331161
Fibroblasts,Tumor surface,NEAT1,-0.52169365,0.065130316,0.6018836532610053,0.9979578088331161
Fibroblasts,Tumor surface,CXCL8,0.22908679,0.06509612,0.818801465288068,0.9979578088331161
Fibroblasts,Tumor surface,IL1RL1,0.10202401,0.06487851,0.9187376159775457,0.9979578088331161
Fibroblasts,Tumor surface,HDAC1,-0.15203592,-0.064835764,0.8791586086898667,0.9979578088331161
Fibroblasts,Tumor surface,OSMR,-0.25256658,-0.0646014,0.8006031725140605,0.9979578088331161
Fibroblasts,Tumor surface,RELT,0.23017287,0.06408591,0.8179574442019464,0.9979578088331161
Fibroblasts,Tumor surface,ADGRG5,0.22721781,0.06367967,0.8202543760550145,0.9979578088331161
Fibroblasts,Tumor surface,SUCNR1,0.22440757,0.06347926,0.8224401792019178,0.9979578088331161
Fibroblasts,Tumor surface,IFNL2,0.2065347,0.063325465,0.8363732599226571,0.9979578088331161
Fibroblasts,Tumor surface,RSPO3,0.21513513,0.06308538,0.8296619650230144,0.9979578088331161
Fibroblasts,Tumor surface,FOXF1,-0.07038503,-0.06296416,0.9438872072954425,0.9979578088331161
Fibroblasts,Tumor surface,INS,0.06311053,0.061799277,0.9496784904262601,0.9979578088331161
Fibroblasts,Tumor surface,VHL,-0.09547131,-0.06160517,0.9239404813231334,0.9979578088331161
Fibroblasts,Tumor surface,GLUL,0.44141394,0.06158752,0.6589133560045771,0.9979578088331161
Fibroblasts,Tumor surface,RARA,-0.25725934,-0.061245926,0.796978571223638,0.9979578088331161
Fibroblasts,Tumor surface,FFAR2,-0.0024482142,-0.061237026,0.998046609598222,0.998046609598222
Fibroblasts,Tumor surface,CXCL3,-0.0641491,-0.060763713,0.9488515090809246,0.9979578088331161
Fibroblasts,Tumor surface,KRT13,0.12628216,0.06053092,0.8995085858754065,0.9979578088331161
Fibroblasts,Tumor surface,SPINK1,0.10121398,0.059468687,0.919380604001272,0.9979578088331161
Fibroblasts,Tumor surface,CD4,-0.26554528,-0.059276246,0.7905894448138,0.9979578088331161
Fibroblasts,Tumor surface,ATR,-0.15539825,-0.05912666,0.8765073636273298,0.9979578088331161
Fibroblasts,Tumor surface,KRT80,0.00679255,-0.058287654,0.9945803708402469,0.9979578088331161
Fibroblasts,Tumor surface,SAA2,0.18572941,0.057908878,0.8526569658837141,0.9979578088331161
Fibroblasts,Tumor surface,PARP1,0.25528404,0.05788822,0.798503730554663,0.9979578088331161
Fibroblasts,Tumor surface,STAT5A,0.32309413,0.057718217,0.7466239493427509,0.9979578088331161
Fibroblasts,Tumor surface,SMO,-0.15454295,-0.057019155,0.8771816416825602,0.9979578088331161
Fibroblasts,Tumor surface,DUSP4,0.14823009,0.05694795,0.8821611810087836,0.9979578088331161
Fibroblasts,Tumor surface,CALM1,0.36565733,0.056861755,0.7146208003893905,0.9979578088331161
Fibroblasts,Tumor surface,CD80,-0.08758588,-0.056314524,0.9302058227369093,0.9979578088331161
Fibroblasts,Tumor surface,AZGP1,0.119089104,0.05602639,0.9052047616099004,0.9979578088331161
Fibroblasts,Tumor surface,NR1H3,-0.0046113315,-0.05541145,0.996320702858807,0.9979578088331161
Fibroblasts,Tumor surface,TNFRSF9,-0.038239207,-0.05520232,0.9694969618998079,0.9979578088331161
Fibroblasts,Tumor surface,CSF3,-0.14737254,-0.055083543,0.8828379770162245,0.9979578088331161
Fibroblasts,Tumor surface,KLK3,0.16089655,0.054712325,0.8721748795038066,0.9979578088331161
Fibroblasts,Tumor surface,RPL37,-0.428528,-0.054673716,0.6682667518069392,0.9979578088331161
Fibroblasts,Tumor surface,PTPRC,-0.075356126,-0.05393246,0.9399313669408498,0.9979578088331161
Fibroblasts,Tumor surface,CPA3,0.17045635,0.053707894,0.864651258314445,0.9979578088331161
Fibroblasts,Tumor surface,KDR,-0.06452696,-0.053658396,0.9485506384230278,0.9979578088331161
Fibroblasts,Tumor surface,OXGR1,-0.024776291,-0.053468127,0.9802334028859924,0.9979578088331161
Fibroblasts,Tumor surface,NKG7,0.060408894,0.053093717,0.9518299746271653,0.9979578088331161
Fibroblasts,Tumor surface,NOTCH2,0.40061113,0.052630305,0.6887064587581818,0.9979578088331161
Fibroblasts,Tumor surface,PRF1,0.16102779,0.05250744,0.8720715167224493,0.9979578088331161
Fibroblasts,Tumor surface,RUNX3,0.14408036,0.052422665,0.8854370210783387,0.9979578088331161
Fibroblasts,Tumor surface,INSR,0.25350106,0.05239984,0.7998810528571645,0.9979578088331161
Fibroblasts,Tumor surface,CD8B,0.07136703,0.051951393,0.9431056494720859,0.9979578088331161
Fibroblasts,Tumor surface,CLEC14A,-0.021751095,-0.0519176,0.9826465063567548,0.9979578088331161
Fibroblasts,Tumor surface,CXCL1,-0.010781646,-0.05187499,0.9913976578239677,0.9979578088331161
Fibroblasts,Tumor surface,TNFSF12,-0.008745238,-0.051624525,0.9930223981410227,0.9979578088331161
Fibroblasts,Tumor surface,CIDEA,-0.11841483,-0.051213868,0.9057389768354817,0.9979578088331161
Fibroblasts,Tumor surface,HPGDS,0.31250256,0.05096934,0.7546586200352965,0.9979578088331161
Fibroblasts,Tumor surface,CCL28,0.005305973,-0.050252754,0.9957664661973232,0.9979578088331161
Fibroblasts,Tumor surface,CHGA,0.03876641,0.04970327,0.9690766262501944,0.9979578088331161
Fibroblasts,Tumor surface,ACKR4,0.18413422,0.04945309,0.8539081606181715,0.9979578088331161
Fibroblasts,Tumor surface,RSPO1,-0.072301514,-0.04935861,0.9423619598118871,0.9979578088331161
Fibroblasts,Tumor surface,FCER1G,0.27789947,0.0485564,0.7810895309992315,0.9979578088331161
Fibroblasts,Tumor surface,GDF9,0.08067341,0.0485523,0.9357016826514808,0.9979578088331161
Fibroblasts,Tumor surface,DHRS2,0.1649128,0.048333585,0.8690126189050135,0.9979578088331161
Fibroblasts,Tumor surface,ITGAL,-0.05893589,-0.048248034,0.9530031689567181,0.9979578088331161
Fibroblasts,Tumor surface,VWF,0.063925095,0.04818014,0.9490298729768041,0.9979578088331161
Fibroblasts,Tumor surface,NOTCH3,-0.15133901,-0.048048615,0.8797082970880421,0.9979578088331161
Fibroblasts,Tumor surface,CLEC4D,0.092475526,0.04745302,0.926320237259133,0.9979578088331161
Fibroblasts,Tumor surface,TTR,0.11912531,0.047045045,0.9051760801244673,0.9979578088331161
Fibroblasts,Tumor surface,PF4,-0.014569364,-0.046779487,0.9883757408514511,0.9979578088331161
Fibroblasts,Tumor surface,CD3E,-0.015999375,-0.046603907,0.9872348908807057,0.9979578088331161
Fibroblasts,Tumor surface,PTHLH,0.0071387393,-0.046400186,0.994304158476077,0.9979578088331161
Fibroblasts,Tumor surface,ADGRB3,0.2723808,0.046066567,0.7853292298781516,0.9979578088331161
Fibroblasts,Tumor surface,ST6GAL1,0.05878882,0.045719497,0.953120313809787,0.9979578088331161
Fibroblasts,Tumor surface,NLRP2,-0.037689377,-0.04484265,0.9699353467316013,0.9979578088331161
Fibroblasts,Tumor surface,IGF2R,-0.05852635,-0.044543147,0.953329374831883,0.9979578088331161
Fibroblasts,Tumor surface,FLT3LG,0.32779598,0.04443219,0.7430659294674626,0.9979578088331161
Fibroblasts,Tumor surface,CD40LG,0.07182409,0.0438575,0.9427419015610443,0.9979578088331161
Fibroblasts,Tumor surface,TXK,0.070715375,0.04209172,0.9436242808545796,0.9979578088331161
Fibroblasts,Tumor surface,CASP8,0.13891014,0.041918572,0.8895211596485605,0.9979578088331161
Fibroblasts,Tumor surface,FGG,-0.032209177,-0.041444607,0.9743052375230888,0.9979578088331161
Fibroblasts,Tumor surface,RPS4Y1,0.13706832,0.04110389,0.8909767925409189,0.9979578088331161
Fibroblasts,Tumor surface,TNFSF4,0.15921538,0.040598266,0.8734991848351891,0.9979578088331161
Fibroblasts,Tumor surface,IL2RG,-0.104793526,-0.040488075,0.916539647465501,0.9979578088331161
Fibroblasts,Tumor surface,STAT3,0.46411988,0.039929707,0.6425618612127955,0.9979578088331161
Fibroblasts,Tumor surface,CCL20,0.097161524,0.039830144,0.9225981234005091,0.9979578088331161
Fibroblasts,Tumor surface,NOTCH1,0.019594764,-0.039697558,0.9843666401850854,0.9979578088331161
Fibroblasts,Tumor surface,NOSIP,0.17835988,0.039521504,0.8584403590396621,0.9979578088331161
Fibroblasts,Tumor surface,SLC2A4,-0.07743326,-0.038871568,0.9382788819544509,0.9979578088331161
Fibroblasts,Tumor surface,CD47,-0.05203021,-0.038549602,0.9585046222747603,0.9979578088331161
Fibroblasts,Tumor surface,G6PD,-0.10106237,-0.03795069,0.919500945617743,0.9979578088331161
Fibroblasts,Tumor surface,HMGB2,0.22475828,0.03714341,0.8221673181454645,0.9979578088331161
Fibroblasts,Tumor surface,LTF,0.07152315,0.03713531,0.942981397609936,0.9979578088331161
Fibroblasts,Tumor surface,GLUD1,0.049570683,-0.036596477,0.9604645103419772,0.9979578088331161
Fibroblasts,Tumor surface,RPL34,0.38684726,0.03601171,0.6988692825526125,0.9979578088331161
Fibroblasts,Tumor surface,PHLDA2,0.2229572,0.03575662,0.8235688193948231,0.9979578088331161
Fibroblasts,Tumor surface,HSPA1B,0.3728413,0.035585154,0.7092665559650634,0.9979578088331161
Fibroblasts,Tumor surface,PLA2R1,0.2040797,0.035582837,0.8382912169510526,0.9979578088331161
Fibroblasts,Tumor surface,PPARG,0.22039585,0.035262205,0.8255628775341908,0.9979578088331161
Fibroblasts,Tumor surface,CD164,0.20767283,0.035023406,0.8354844348188837,0.9979578088331161
Fibroblasts,Tumor surface,HBA1,0.13707738,0.034930177,0.890969638651185,0.9979578088331161
Fibroblasts,Tumor surface,IGF2,0.17755437,0.0347069,0.8590729681331406,0.9979578088331161
Fibroblasts,Tumor surface,LINC02446,-0.009557539,-0.034170687,0.9923743034356137,0.9979578088331161
Fibroblasts,Tumor surface,CD48,0.11320841,0.034099076,0.9098653253538442,0.9979578088331161
Fibroblasts,Tumor surface,WNT5B,0.08117799,-0.03395183,0.9353004049839321,0.9979578088331161
Fibroblasts,Tumor surface,EZH2,0.19368272,0.033634257,0.8464243312432309,0.9979578088331161
Fibroblasts,Tumor surface,CD70,0.03551721,-0.033581235,0.9716673249907541,0.9979578088331161
Fibroblasts,Tumor surface,CSF2,-0.04326687,-0.0335481,0.9654888006953259,0.9979578088331161
Fibroblasts,Tumor surface,OLR1,0.016456435,-0.033154007,0.9868702575171969,0.9979578088331161
Fibroblasts,Tumor surface,VEGFC,0.2104627,0.032871544,0.8333065555360533,0.9979578088331161
Fibroblasts,Tumor surface,ACVR2A,0.056777302,0.0328374,0.954722595542688,0.9979578088331161
Fibroblasts,Tumor surface,TNFRSF1A,0.41516465,0.032827333,0.6780213799710888,0.9979578088331161
Fibroblasts,Tumor surface,INHA,0.17939392,0.032533724,0.8576284070399907,0.9979578088331161
Fibroblasts,Tumor surface,TIE1,-0.016060466,-0.03129936,0.9871861526018098,0.9979578088331161
Fibroblasts,Tumor surface,CCR1,0.22822471,0.031153444,0.8194715565869131,0.9979578088331161
Fibroblasts,Tumor surface,IL10RB,-0.09003636,-0.030914094,0.9282583210575212,0.9979578088331161
Fibroblasts,Tumor surface,SIGIRR,0.031403664,-0.030178543,0.9749476182937443,0.9979578088331161
Fibroblasts,Tumor surface,NANOG,0.16596721,0.030056262,0.8681827591297911,0.9979578088331161
Fibroblasts,Tumor surface,STMN1,0.21197191,0.029835638,0.8321289482579172,0.9979578088331161
Fibroblasts,Tumor surface,ADGRG3,0.038963262,-0.029793276,0.9689196790839031,0.9979578088331161
Fibroblasts,Tumor surface,CYSTM1,0.003862386,-0.0296923,0.9969182694489149,0.9979578088331161
Fibroblasts,Tumor surface,IL1B,0.10886408,0.029453196,0.9133102989304375,0.9979578088331161
Fibroblasts,Tumor surface,P2RY12,-0.017827615,-0.029193142,0.9857763741869349,0.9979578088331161
Fibroblasts,Tumor surface,PDCD1,-0.011059955,-0.029047623,0.9911756126007844,0.9979578088331161
Fibroblasts,Tumor surface,CXCR2,0.069133766,0.028651454,0.9448831414033732,0.9979578088331161
Fibroblasts,Tumor surface,FGF9,0.143483,0.028537164,0.885908733183219,0.9979578088331161
Fibroblasts,Tumor surface,AATK,0.076718256,0.028516222,0.9388476815714406,0.9979578088331161
Fibroblasts,Tumor surface,IL2RB,0.23200789,0.0282314,0.8165318800822805,0.9979578088331161
Fibroblasts,Tumor surface,ITGA2,0.31960735,0.028002854,0.7492659971463085,0.9979578088331161
Fibroblasts,Tumor surface,CCL4,-0.010562167,0.027984895,0.9915727671292687,0.9979578088331161
Fibroblasts,Tumor surface,ADGRF1,0.010215977,-0.027641764,0.9918489712883121,0.9979578088331161
Fibroblasts,Tumor surface,IL1RAP,0.03347175,-0.026646081,0.9732983934910359,0.9979578088331161
Fibroblasts,Tumor surface,CD3G,0.030405825,-0.026530368,0.9757433989825569,0.9979578088331161
Fibroblasts,Tumor surface,ENG,0.38148472,0.026254987,0.7028436020037387,0.9979578088331161
Fibroblasts,Tumor surface,COL6A1,-1.2814071,0.02512057,0.20005070973722416,0.8573601845881036
Fibroblasts,Tumor surface,CD68,0.4212399,0.024356676,0.6735798929600149,0.9979578088331161
Fibroblasts,Tumor surface,BMP4,0.19071634,0.024195245,0.8487478340364766,0.9979578088331161
Fibroblasts,Tumor surface,ADGRF4,0.089672066,0.023140205,0.9285478119446375,0.9979578088331161
Fibroblasts,Tumor surface,CSF2RB,0.18376315,0.022567406,0.8541992714943542,0.9979578088331161
Fibroblasts,Tumor surface,RAC2,0.14518002,0.020964885,0.8845687482540148,0.9979578088331161
Fibroblasts,Tumor surface,ADGRF5,0.08495213,0.019808369,0.9322994482128963,0.9979578088331161
Fibroblasts,Tumor surface,VCAM1,0.21708556,0.019796481,0.8281416700924534,0.9979578088331161
Fibroblasts,Tumor surface,OASL,0.02041159,-0.01966312,0.9837150380092488,0.9979578088331161
Fibroblasts,Tumor surface,KIT,0.11786274,0.019425213,0.9061764197323242,0.9979578088331161
Fibroblasts,Tumor surface,IL15,0.12416655,0.019415515,0.9011834078016321,0.9979578088331161
Fibroblasts,Tumor surface,WNT7A,0.1453995,0.019345522,0.8843954675632288,0.9979578088331161
Fibroblasts,Tumor surface,ITGA1,0.33121714,0.018929338,0.740480473438927,0.9979578088331161
Fibroblasts,Tumor surface,BEST1,0.030980544,-0.018787041,0.9752850551784861,0.9979578088331161
Fibroblasts,Tumor surface,G6PC2,0.052204434,-0.018641472,0.9583657987303652,0.9979578088331161
Fibroblasts,Tumor surface,IL2RA,0.08467608,-0.018216522,0.9325189105590811,0.9979578088331161
Fibroblasts,Tumor surface,ADGRB2,0.16232656,0.017300129,0.8710486996627385,0.9979578088331161
Fibroblasts,Tumor surface,DNMT1,0.0720843,0.017140884,0.9425348226835183,0.9979578088331161
Fibroblasts,Tumor surface,MST1R,0.06403144,-0.016602762,0.9489451948486541,0.9979578088331161
Fibroblasts,Tumor surface,FCRLA,0.036772992,-0.016348686,0.9706660082406408,0.9979578088331161
Fibroblasts,Tumor surface,CCR2,0.05416391,-0.016283743,0.9568045725261614,0.9979578088331161
Fibroblasts,Tumor surface,COL9A1,0.09992651,0.015816033,0.9204026681409998,0.9979578088331161
Fibroblasts,Tumor surface,OLFM4,0.025832959,-0.015684344,0.9793905727838567,0.9979578088331161
Fibroblasts,Tumor surface,RPL22,0.2274011,0.015488172,0.8201118719639316,0.9979578088331161
Fibroblasts,Tumor surface,SELPLG,-0.033408396,-0.015057201,0.9733489151300453,0.9979578088331161
Fibroblasts,Tumor surface,IFNA1,0.029566374,-0.01487793,0.9764128840087026,0.9979578088331161
Fibroblasts,Tumor surface,ACVRL1,0.16550788,0.014644916,0.8685442467707705,0.9979578088331161
Fibroblasts,Tumor surface,IL36G,0.107352614,0.0144823305,0.9145092480535271,0.9979578088331161
Fibroblasts,Tumor surface,SPRY2,0.041646793,-0.014188017,0.9667802690577418,0.9979578088331161
Fibroblasts,Tumor surface,CST7,0.067441285,0.013813114,0.9462304006428814,0.9979578088331161
Fibroblasts,Tumor surface,RAMP2,0.20918204,0.013790432,0.8343061379926836,0.9979578088331161
Fibroblasts,Tumor surface,FES,0.043413945,-0.013668813,0.9653715628869093,0.9979578088331161
Fibroblasts,Tumor surface,MT1X,0.1890148,0.013455235,0.8500812083524704,0.9979578088331161
Fibroblasts,Tumor surface,EGFR,0.01892275,-0.013229321,0.9849027307006193,0.9979578088331161
Fibroblasts,Tumor surface,PCNA,0.07185577,0.012874102,0.9427166917513873,0.9979578088331161
Fibroblasts,Tumor surface,BST2,0.22762962,0.012484185,0.8199341899978017,0.9979578088331161
Fibroblasts,Tumor surface,ACVR1B,0.05260493,-0.012280009,0.9580466896626205,0.9979578088331161
Fibroblasts,Tumor surface,CCRL2,0.11937194,0.011905052,0.9049806907985132,0.9979578088331161
Fibroblasts,Tumor surface,MZB1,0.0039664693,-0.011803028,0.9968352238298893,0.9979578088331161
Fibroblasts,Tumor surface,FGF2,0.1766063,0.010969047,0.8598176436015033,0.9979578088331161
Fibroblasts,Tumor surface,VTN,0.09688095,0.010762535,0.9228209360654896,0.9979578088331161
Fibroblasts,Tumor surface,STAT6,0.09808696,-0.00968607,0.9218632441332361,0.9979578088331161
Fibroblasts,Tumor surface,BTG1,0.117362686,-0.009273345,0.90657265282873,0.9979578088331161
Fibroblasts,Tumor surface,EPHA7,0.07397363,0.009205985,0.9410313673238088,0.9979578088331161
Fibroblasts,Tumor surface,REG1A,0.05856934,0.009070803,0.953295131857951,0.9979578088331161
Fibroblasts,Tumor surface,QRFPR,0.019029096,-0.00896025,0.9848178943675227,0.9979578088331161
Fibroblasts,Tumor surface,SELL,-0.053872027,-0.008906755,0.957037123578126,0.9979578088331161
Fibroblasts,Tumor surface,MTRNR2L1,0.16012497,0.008804867,0.8727826254538882,0.9979578088331161
Fibroblasts,Tumor surface,NRIP3,0.023095123,0.008737237,0.9815743960920638,0.9979578088331161
Fibroblasts,Tumor surface,STAT1,0.06801601,-0.008718278,0.94577289143209,0.9979578088331161
Fibroblasts,Tumor surface,PDGFD,0.108886704,-0.008705774,0.9132923520821523,0.9979578088331161
Fibroblasts,Tumor surface,AQP3,0.11321973,0.0071050785,0.9098563562519435,0.9979578088331161
Fibroblasts,Tumor surface,LAG3,0.018402334,-0.006754131,0.9853178896682222,0.9979578088331161
Fibroblasts,Tumor surface,CLEC4A,0.09006578,-0.0065970635,0.9282349464307271,0.9979578088331161
Fibroblasts,Tumor surface,CYP1B1,0.18251415,0.006457685,0.8551792537361272,0.9979578088331161
Fibroblasts,Tumor surface,CIITA,0.12324111,0.006051712,0.9019161692116122,0.9979578088331161
Fibroblasts,Tumor surface,CCR7,0.0699257,-0.0058925753,0.9442527932537171,0.9979578088331161
Fibroblasts,Tumor surface,UBE2C,0.051269952,-0.005532903,0.9591104124129719,0.9979578088331161
Fibroblasts,Tumor surface,CALM3,0.18886095,-0.004875858,0.8502018006352321,0.9979578088331161
Fibroblasts,Tumor surface,GDNF,-0.021158272,0.004777262,0.9831194000845859,0.9979578088331161
Fibroblasts,Tumor surface,OAS2,0.04279623,-0.0046179057,0.9658639666831506,0.9979578088331161
Fibroblasts,Tumor surface,SERPINB5,-0.011652776,-0.0034697747,0.9907026405230109,0.9979578088331161
Fibroblasts,Tumor surface,MMP7,0.07613449,0.0029041935,0.9393121044088208,0.9979578088331161
Fibroblasts,Tumor surface,CD19,0.07512307,-0.0023530591,0.9401167927472281,0.9979578088331161
Fibroblasts,Tumor surface,LTBR,0.1815231,0.0022340515,0.855957007387593,0.9979578088331161
Fibroblasts,Tumor surface,TFEB,0.027405519,-0.0015249745,0.978136296775148,0.9979578088331161
Fibroblasts,Tumor surface,GATA3,0.09315659,-0.00092399726,0.9257791615649299,0.9979578088331161
Fibroblasts,Tumor surface,TNFSF8,0.026717665,0.00017256204,0.9786849232661893,0.9979578088331161
Fibroblasts,Tumor surface,RARG,0.12367328,0.00014242742,0.9015739645686807,0.9979578088331161
Fibroblasts,Vascular stroma,MGP,14.896601,1.3638213,3.4678029290715476e-50,1.6645454059543428e-47
Fibroblasts,Vascular stroma,CXCL9,-3.7240965,-1.0907078,0.00019601597403198426,0.004090768153710975
Fibroblasts,Vascular stroma,GDF15,5.701147,1.0860803,1.190039305854306e-08,4.967120580957102e-07
Fibroblasts,Vascular stroma,IGFBP5,-6.8098893,-1.0755504,9.76739815513806e-12,5.860438893082836e-10
Fibroblasts,Vascular stroma,IGFBP7,17.189747,1.0385867,3.1691663907120995e-66,3.042399735083616e-63
Fibroblasts,Vascular stroma,IL32,-8.402307,-0.97095096,4.377929323108128e-17,4.669791277982003e-15
Fibroblasts,Vascular stroma,MMP1,-1.527779,-0.95942724,0.12656743019079014,0.9346517921781426
Fibroblasts,Vascular stroma,RGS5,1.7071594,0.94621295,0.08779242477979297,0.7808051432530351
Fibroblasts,Vascular stroma,RARRES2,-10.909846,-0.89666605,1.0343101230207288e-27,2.4823442952497493e-25
Fibroblasts,Vascular stroma,HILPDA,-7.661216,-0.87311065,1.8418139716749116e-14,1.3601087790830116e-12
Fibroblasts,Vascular stroma,TIMP1,12.09833,0.8652443,1.0778152344360626e-33,3.4490087501954e-31
Fibroblasts,Vascular stroma,VEGFA,-5.3953605,-0.86461544,6.838613654640438e-08,2.626027643381928e-06
Fibroblasts,Vascular stroma,HLA.B,-10.122758,-0.811449,4.378989600870945e-24,8.407660033672215e-22
Fibroblasts,Vascular stroma,TAGLN,-9.275632,-0.80542284,1.765691658070393e-20,2.1188299896844718e-18
Fibroblasts,Vascular stroma,XCL2,-1.0065306,-0.78912973,0.31416040268285816,0.9992357540704399
Fibroblasts,Vascular stroma,COL5A3,4.984934,0.78496695,6.198307180182107e-07,1.9834582976582742e-05
Fibroblasts,Vascular stroma,CD74,-7.0864196,-0.7546239,1.3762595904772236e-12,8.808061379054231e-11
Fibroblasts,Vascular stroma,CCL19,-2.1361673,-0.7495233,0.032665785603633986,0.39198942724360786
Fibroblasts,Vascular stroma,CXCL10,-1.6347169,-0.73005253,0.10210841728263947,0.8674697397463177
Fibroblasts,Vascular stroma,CD34,2.3749757,0.7213045,0.017550106659261596,0.2307959231902895
Fibroblasts,Vascular stroma,COL11A1,-5.913097,-0.7145008,3.3573493960059266e-09,1.611527710082845e-07
Fibroblasts,Vascular stroma,MARCO,-0.66568595,-0.705859,0.5056118398949775,0.9992357540704399
Fibroblasts,Vascular stroma,JUN,-8.302704,-0.7049708,1.017679404768796e-16,8.881565714345856e-15
Fibroblasts,Vascular stroma,CCL5,-1.5907713,-0.7037108,0.11166104308824118,0.9161931740573636
Fibroblasts,Vascular stroma,ACTA2,-4.279157,-0.69599235,1.8760241141249475e-05,0.00048675220258377014
Fibroblasts,Vascular stroma,AGR2,-0.55993885,-0.69368947,0.5755211637459721,0.9992357540704399
Fibroblasts,Vascular stroma,LAG3,-0.86988395,-0.69224614,0.3843638361381144,0.9992357540704399
Fibroblasts,Vascular stroma,IGFBP3,-4.2161436,-0.67715746,2.485153555011663e-05,0.0006278282665292623
Fibroblasts,Vascular stroma,FGFR2,-1.4557787,-0.6704245,0.1454538153430452,0.9992357540704399
Fibroblasts,Vascular stroma,MMP9,0.8123507,0.66456497,0.41659042488037945,0.9992357540704399
Fibroblasts,Vascular stroma,HLA.C,-8.325826,-0.66143453,8.374277701389299e-17,8.039306593333728e-15
Fibroblasts,Vascular stroma,COL18A1,5.5820713,0.65655327,2.3767096370478468e-08,9.506838548191387e-07
Fibroblasts,Vascular stroma,SLC2A1,-1.0245699,-0.6537681,0.3055661634617107,0.9992357540704399
Fibroblasts,Vascular stroma,S100A6,-7.583434,-0.6526835,3.3652618571673124e-14,2.3076081306290144e-12
Fibroblasts,Vascular stroma,HSPA1A,-4.1400533,-0.652167,3.472255325603024e-05,0.0008547090032253597
Fibroblasts,Vascular stroma,ADGRE1,-0.29616895,-0.64939404,0.7671010565803295,0.9992357540704399
Fibroblasts,Vascular stroma,KRT19,-1.9257799,-0.64917314,0.05413185657916614,0.5973170381149367
Fibroblasts,Vascular stroma,SAT1,-3.716214,-0.6453621,0.0002022303914978509,0.004130663315700785
Fibroblasts,Vascular stroma,SPP1,-1.8131735,-0.63988113,0.06980506426463831,0.67689759286922
Fibroblasts,Vascular stroma,HLA.DQA1,-3.8425546,-0.636564,0.00012176030479945358,0.002755077247406406
Fibroblasts,Vascular stroma,FFAR4,-1.0945106,-0.6321034,0.273731106622807,0.9992357540704399
Fibroblasts,Vascular stroma,DUSP1,-6.3329973,-0.62076664,2.404439757659908e-10,1.2823678707519508e-08
Fibroblasts,Vascular stroma,COL4A1,4.543626,0.6196736,5.529479841429515e-06,0.0001561264896403628
Fibroblasts,Vascular stroma,VEGFC,-1.4524733,-0.6189874,0.14637003934152854,0.9992357540704399
Fibroblasts,Vascular stroma,S100A10,-3.8392625,-0.61794174,0.00012340450170674527,0.002755077247406406
Fibroblasts,Vascular stroma,GPR183,-0.59376943,-0.6167464,0.5526663345569595,0.9992357540704399
Fibroblasts,Vascular stroma,CD3G,-0.7748039,-0.61290646,0.4384555543728862,0.9992357540704399
Fibroblasts,Vascular stroma,FN1,-9.30911,-0.6043445,1.2890883572944805e-20,1.767892604289573e-18
Fibroblasts,Vascular stroma,CLU,2.1913426,0.60380197,0.028427016879911643,0.3544147559053919
Fibroblasts,Vascular stroma,TWIST1,-1.5362372,-0.5937062,0.1244802015112075,0.9346517921781426
Fibroblasts,Vascular stroma,NOTCH3,2.9258857,0.58680624,0.003434771292455353,0.057848779662405946
Fibroblasts,Vascular stroma,HLA.DRB1,-4.4011064,-0.5820008,1.0770028658577422e-05,0.0002872007642287313
Fibroblasts,Vascular stroma,HSPB1,-6.1801667,-0.57966965,6.403396149467768e-10,3.235400159731083e-08
Fibroblasts,Vascular stroma,CD9,-2.9591038,-0.5796355,0.0030853505857683736,0.05289172432745783
Fibroblasts,Vascular stroma,KRT23,-0.6588659,-0.5792029,0.5099818578696604,0.9992357540704399
Fibroblasts,Vascular stroma,CHI3L1,-1.3353603,-0.5780342,0.18175844041028266,0.9992357540704399
Fibroblasts,Vascular stroma,SOD2,-5.1766796,-0.5732775,2.2586948463693368e-07,7.744096616123441e-06
Fibroblasts,Vascular stroma,TGFB3,3.9406023,0.56785154,8.12772434786966e-05,0.0019030769204767984
Fibroblasts,Vascular stroma,GPNMB,3.462428,0.56277096,0.0005353249655442368,0.010278239338449346
Fibroblasts,Vascular stroma,ACTG2,-0.6605199,-0.5626977,0.5089202409688206,0.9992357540704399
Fibroblasts,Vascular stroma,CD8B,-0.4923692,-0.5608687,0.622458362842899,0.9992357540704399
Fibroblasts,Vascular stroma,HLA.A,-8.069957,-0.55452377,7.032296345895982e-16,5.6258370767167857e-14
Fibroblasts,Vascular stroma,GADD45B,-5.0519614,-0.5527187,4.372957132087429e-07,1.4475996023461834e-05
Fibroblasts,Vascular stroma,WNT7A,-0.6864156,-0.5514114,0.4924510512769542,0.9992357540704399
Fibroblasts,Vascular stroma,FGG,-0.535281,-0.5465683,0.5924555762499539,0.9992357540704399
Fibroblasts,Vascular stroma,PTPRC,-1.1545274,-0.5460554,0.24828401203065908,0.9992357540704399
Fibroblasts,Vascular stroma,SPRY4,1.1989963,0.5406518,0.23052937789785666,0.9992357540704399
Fibroblasts,Vascular stroma,ADGRL4,0.50859755,0.54020834,0.6110343560986395,0.9992357540704399
Fibroblasts,Vascular stroma,FZD4,2.232009,0.52915335,0.02561437862397103,0.3278640463868292
Fibroblasts,Vascular stroma,RGS2,-2.5329776,-0.52412164,0.011309822340858337,0.16205118577946273
Fibroblasts,Vascular stroma,NOD2,-0.8832623,-0.52277327,0.377094570807485,0.9992357540704399
Fibroblasts,Vascular stroma,ANGPT4,-0.2380495,-0.51797456,0.8118426992969786,0.9992357540704399
Fibroblasts,Vascular stroma,SPARCL1,4.9668474,0.51578647,6.805015013814526e-07,2.1073594881490144e-05
Fibroblasts,Vascular stroma,IL20RA,-0.7224524,-0.50916076,0.4700163738090801,0.9992357540704399
Fibroblasts,Vascular stroma,RARB,-1.4701829,-0.5081497,0.141512222090326,0.9992357540704399
Fibroblasts,Vascular stroma,JUNB,-6.5100746,-0.5042195,7.511347402661459e-11,4.2417020626794126e-09
Fibroblasts,Vascular stroma,NOTCH1,1.9923106,0.50318986,0.0463369898524018,0.535945906726575
Fibroblasts,Vascular stroma,INHBA,-3.787853,-0.5013392,0.00015195468197434816,0.003241699882119427
Fibroblasts,Vascular stroma,COL4A2,5.220636,0.49816427,1.7831001077187203e-07,6.339911494111005e-06
Fibroblasts,Vascular stroma,PLAC8,0.98378843,0.49594057,0.3252195506926464,0.9992357540704399
Fibroblasts,Vascular stroma,COL14A1,5.262681,0.4931766,1.4196962031683436e-07,5.241955211698499e-06
Fibroblasts,Vascular stroma,FGF2,0.93488884,0.48555198,0.3498455868989476,0.9992357540704399
Fibroblasts,Vascular stroma,PDGFRB,2.8553483,0.482797,0.004298965109314664,0.06878344174903463
Fibroblasts,Vascular stroma,FABP4,-0.3741989,-0.4826836,0.7082563249862965,0.9992357540704399
Fibroblasts,Vascular stroma,IL7R,-0.80991423,-0.4793845,0.41798947347391213,0.9992357540704399
Fibroblasts,Vascular stroma,HSPA1B,-2.1430318,-0.47751778,0.03211054892505717,0.3902041388361378
Fibroblasts,Vascular stroma,FCRLA,0.5379059,0.47485334,0.5906420276041505,0.9992357540704399
Fibroblasts,Vascular stroma,MIF,-4.123767,-0.47460738,3.7272572680720166e-05,0.000894541744337284
Fibroblasts,Vascular stroma,ADM2,0.5731366,0.47426814,0.5665521997273129,0.9992357540704399
Fibroblasts,Vascular stroma,NFKBIA,-1.8572943,-0.47114912,0.0632692865804525,0.6531023130885419
Fibroblasts,Vascular stroma,SERPINA1,-1.7069004,-0.46929562,0.08784057861596645,0.7808051432530351
Fibroblasts,Vascular stroma,EMP3,-1.5682385,-0.4674077,0.11682547162495213,0.9346517921781426
Fibroblasts,Vascular stroma,IL15RA,-3.432625,-0.4652817,0.0005977680128609274,0.011252103771499811
Fibroblasts,Vascular stroma,WNT5A,-0.8762172,-0.46474907,0.3809119701442967,0.9992357540704399
Fibroblasts,Vascular stroma,ARHGDIB,1.5533214,0.4632837,0.1203463796273187,0.9346517921781426
Fibroblasts,Vascular stroma,EOMES,-0.23323414,-0.45563963,0.8155796037422627,0.9992357540704399
Fibroblasts,Vascular stroma,CD48,-0.87531954,-0.45343694,0.38140006110009395,0.9992357540704399
Fibroblasts,Vascular stroma,CD24,-0.84786147,-0.452952,0.3965151320926018,0.9992357540704399
Fibroblasts,Vascular stroma,CYSTM1,1.5570323,0.45184183,0.11946280791294897,0.9346517921781426
Fibroblasts,Vascular stroma,HLA.DRA,-3.0577903,-0.44874787,0.0022297559197200804,0.040388031753420324
Fibroblasts,Vascular stroma,IL12RB2,-0.5822937,-0.4486493,0.5603688883604407,0.9992357540704399
Fibroblasts,Vascular stroma,LY75,-0.43314013,-0.4436309,0.6649129718774918,0.9992357540704399
Fibroblasts,Vascular stroma,CPB1,-0.38095877,-0.43928483,0.7032338469521648,0.9992357540704399
Fibroblasts,Vascular stroma,COL9A1,0.80177,0.43590114,0.42268603357612133,0.9992357540704399
Fibroblasts,Vascular stroma,CALB1,-0.7462309,-0.4339876,0.455527927541014,0.9992357540704399
Fibroblasts,Vascular stroma,CRIP1,-1.734272,-0.432513,0.08286982198886579,0.7576669438982016
Fibroblasts,Vascular stroma,SOX4,-2.4290988,-0.4319171,0.015136403096438291,0.20466122496592618
Fibroblasts,Vascular stroma,FZD1,-2.6421084,-0.4302955,0.008239166707223754,0.12358750060835631
Fibroblasts,Vascular stroma,MYC,-0.8026179,-0.42926335,0.42219562326605586,0.9992357540704399
Fibroblasts,Vascular stroma,GLUL,-1.9153798,-0.42449895,0.0554440868719166,0.6034686371820202
Fibroblasts,Vascular stroma,CXCR4,-0.60946125,-0.423149,0.5422187378439585,0.9992357540704399
Fibroblasts,Vascular stroma,CCR2,-0.42581502,-0.4213985,0.6702426526908123,0.9992357540704399
Fibroblasts,Vascular stroma,PTTG1,0.36278334,0.42064583,0.7167667303097309,0.9992357540704399
Fibroblasts,Vascular stroma,HLA.DPB1,-1.8233355,-0.4174018,0.06825259041364184,0.6748918004350452
Fibroblasts,Vascular stroma,TACSTD2,-0.6123557,-0.416967,0.5403024276893,0.9992357540704399
Fibroblasts,Vascular stroma,ITGA1,3.026909,0.4154976,0.0024706828237049715,0.043923250199199494
Fibroblasts,Vascular stroma,OAS2,-0.9788265,-0.4130521,0.3276657136353853,0.9992357540704399
Fibroblasts,Vascular stroma,NLRC5,-1.3355304,-0.41130456,0.18170279850930127,0.9992357540704399
Fibroblasts,Vascular stroma,NRXN3,0.49038547,0.40624377,0.6238611464990458,0.9992357540704399
Fibroblasts,Vascular stroma,HAVCR2,-0.46049353,-0.40582064,0.6451620096625906,0.9992357540704399
Fibroblasts,Vascular stroma,HLA.DRB5,-1.6923888,-0.40455282,0.09057186807622368,0.7904453941197703
Fibroblasts,Vascular stroma,CD83,-0.79464114,-0.4036956,0.4268222895611553,0.9992357540704399
Fibroblasts,Vascular stroma,PDCD1LG2,-0.6820373,-0.40178877,0.49521536256613097,0.9992357540704399
Fibroblasts,Vascular stroma,TLR3,0.66101456,0.40052864,0.5086029888459611,0.9992357540704399
Fibroblasts,Vascular stroma,COL6A2,9.519083,0.39894244,1.7471379629792304e-21,2.7954207407667684e-19
Fibroblasts,Vascular stroma,CXCR6,0.53936094,0.39755878,0.5896378123193441,0.9992357540704399
Fibroblasts,Vascular stroma,ATG10,-0.9461029,-0.39623407,0.34409610264065926,0.9992357540704399
Fibroblasts,Vascular stroma,PDGFC,-1.4958483,-0.3962248,0.13469318598335386,0.9805354045488437
Fibroblasts,Vascular stroma,TLR7,-0.48927584,-0.3946828,0.6246464127457572,0.9992357540704399
Fibroblasts,Vascular stroma,KRT6C,-0.49855068,-0.3924495,0.6180959570505427,0.9992357540704399
Fibroblasts,Vascular stroma,TPM1,-3.6348524,-0.39078352,0.0002781397957086146,0.005562795914172292
Fibroblasts,Vascular stroma,KRT17,-0.9002888,-0.38395455,0.36796656740520517,0.9992357540704399
Fibroblasts,Vascular stroma,ITGAM,-0.5229625,-0.38317227,0.6010003321480033,0.9992357540704399
Fibroblasts,Vascular stroma,CXCL1,-0.5012829,-0.3821646,0.616172051393157,0.9992357540704399
Fibroblasts,Vascular stroma,PDGFB,0.3983412,0.3789185,0.6903786862391836,0.9992357540704399
Fibroblasts,Vascular stroma,SST,-0.3547961,-0.37700698,0.7227423404962081,0.9992357540704399
Fibroblasts,Vascular stroma,HLA.DPA1,-2.7995868,-0.37596455,0.005116805176094334,0.08052676998443542
Fibroblasts,Vascular stroma,CXCL12,-3.2894568,-0.37265685,0.0010038097771915247,0.018531872809689688
Fibroblasts,Vascular stroma,CLCF1,-1.153088,-0.37137842,0.2488742575852131,0.9992357540704399
Fibroblasts,Vascular stroma,CELSR2,0.42574435,0.37030134,0.6702941458596284,0.9992357540704399
Fibroblasts,Vascular stroma,CEACAM1,-0.4667326,-0.37009928,0.6406912139919765,0.9992357540704399
Fibroblasts,Vascular stroma,TP53,-0.79802495,-0.3700314,0.42485600015030256,0.9992357540704399
Fibroblasts,Vascular stroma,MET,-0.50640184,-0.36795506,0.6125745891976373,0.9992357540704399
Fibroblasts,Vascular stroma,FCER1G,-1.0592171,-0.36713696,0.289500942708383,0.9992357540704399
Fibroblasts,Vascular stroma,SAA2,-0.78328574,-0.3628251,0.4334593335575654,0.9992357540704399
Fibroblasts,Vascular stroma,S100A8,0.5959887,0.36170107,0.5511827797155424,0.9992357540704399
Fibroblasts,Vascular stroma,THBS2,-4.437528,-0.36116022,9.099793025301865e-06,0.00024959432297970825
Fibroblasts,Vascular stroma,TXK,-0.48362303,-0.359198,0.6286534299708306,0.9992357540704399
Fibroblasts,Vascular stroma,MYH11,-0.43460307,-0.3574472,0.6638505742185673,0.9992357540704399
Fibroblasts,Vascular stroma,C5AR2,-0.37626114,-0.35500607,0.706722751964818,0.9992357540704399
Fibroblasts,Vascular stroma,ATF3,-1.5732241,-0.35328874,0.11566695363407516,0.9346517921781426
Fibroblasts,Vascular stroma,STAT1,-2.6106725,-0.35233566,0.009036439822448993,0.13222671127064656
Fibroblasts,Vascular stroma,IGF2,0.58316255,0.35178623,0.5597838921421396,0.9992357540704399
Fibroblasts,Vascular stroma,JAG1,1.7486135,0.3507236,0.080357851512121,0.7468517020225615
Fibroblasts,Vascular stroma,IGHG2,-1.4012315,-0.34984896,0.16114486112571103,0.9992357540704399
Fibroblasts,Vascular stroma,APOD,1.3418767,0.34981796,0.1796359486890552,0.9992357540704399
Fibroblasts,Vascular stroma,BST2,-1.4914439,-0.3491102,0.13584500917187106,0.9805354045488437
Fibroblasts,Vascular stroma,ITGB8,0.79402876,0.34833944,0.42717870377418166,0.9992357540704399
Fibroblasts,Vascular stroma,SFN,-0.8519545,-0.34829998,0.3942393333034758,0.9992357540704399
Fibroblasts,Vascular stroma,OAS1,-0.77730316,-0.34688735,0.4369799275330971,0.9992357540704399
Fibroblasts,Vascular stroma,IL2RG,-0.66474384,-0.34623176,0.5062143503569746,0.9992357540704399
Fibroblasts,Vascular stroma,TNFRSF13B,-0.24728246,-0.3461041,0.8046896348376322,0.9992357540704399
Fibroblasts,Vascular stroma,PROK2,0.30963367,0.3444073,0.7568395429227985,0.9992357540704399
Fibroblasts,Vascular stroma,HLA.DQB1,-2.509416,-0.34398997,0.012093091814296223,0.17072600208418198
Fibroblasts,Vascular stroma,TNFSF15,-0.66936815,-0.34242693,0.5032606542640925,0.9992357540704399
Fibroblasts,Vascular stroma,TNFRSF17,0.2725867,0.34165576,0.7851709251893507,0.9992357540704399
Fibroblasts,Vascular stroma,FFAR3,0.5475078,0.3412297,0.5840298864932899,0.9992357540704399
Fibroblasts,Vascular stroma,MMP10,0.39970994,0.33824182,0.6893701783804477,0.9992357540704399
Fibroblasts,Vascular stroma,ITGB2,-1.032667,-0.33550096,0.3017597273080278,0.9992357540704399
Fibroblasts,Vascular stroma,WNT11,-0.55320257,-0.3350269,0.580124727788403,0.9992357540704399
Fibroblasts,Vascular stroma,NLRP3,-0.50083274,-0.33496726,0.6164888358062978,0.9992357540704399
Fibroblasts,Vascular stroma,TM4SF1,-0.8383877,-0.3347302,0.4018129756233554,0.9992357540704399
Fibroblasts,Vascular stroma,FABP5,-1.0342635,-0.33428165,0.30101300738268033,0.9992357540704399
Fibroblasts,Vascular stroma,XCL1,-0.6340694,-0.33288702,0.5260355372871528,0.9992357540704399
Fibroblasts,Vascular stroma,PDGFD,0.7201887,0.33214483,0.4714088434927277,0.9992357540704399
Fibroblasts,Vascular stroma,B2M,-4.837701,-0.33162412,1.3134950061515212e-06,3.940485018454563e-05
Fibroblasts,Vascular stroma,WNT2B,-0.32563433,-0.3309342,0.7447010406421158,0.9992357540704399
Fibroblasts,Vascular stroma,IL1RL1,0.36585575,0.33005047,0.7144727040539904,0.9992357540704399
Fibroblasts,Vascular stroma,KRT80,-0.3204735,-0.32988262,0.7486094160919656,0.9992357540704399
Fibroblasts,Vascular stroma,ADGRD1,0.65247774,0.32950488,0.5140930395488912,0.9992357540704399
Fibroblasts,Vascular stroma,ADGRG2,-0.2531996,-0.3291502,0.8001139700681669,0.9992357540704399
Fibroblasts,Vascular stroma,COL9A2,-2.2184865,-0.32905382,0.026521676164082485,0.3350106462831472
Fibroblasts,Vascular stroma,FZD7,1.1753931,0.3286457,0.23983746645116366,0.9992357540704399
Fibroblasts,Vascular stroma,COL12A1,-1.8946921,-0.32755756,0.058133217416512624,0.6177077688393376
Fibroblasts,Vascular stroma,EPHA3,0.7518288,0.32706913,0.4521540204654346,0.9992357540704399
Fibroblasts,Vascular stroma,IL1RN,-0.6818724,-0.32588485,0.4953196196656565,0.9992357540704399
Fibroblasts,Vascular stroma,CD40,-0.91425866,-0.32527667,0.3605809592977358,0.9992357540704399
Fibroblasts,Vascular stroma,ICOS,-0.5018246,-0.32514393,0.6157908998076116,0.9992357540704399
Fibroblasts,Vascular stroma,IGHM,-0.7046591,-0.32478407,0.4810224182713324,0.9992357540704399
Fibroblasts,Vascular stroma,MAP1LC3B,0.9992081,0.32445386,0.317693899168507,0.9992357540704399
Fibroblasts,Vascular stroma,DMBT1,-0.41221943,-0.3230266,0.6801785979462265,0.9992357540704399
Fibroblasts,Vascular stroma,ANXA2,-2.4925258,-0.3223237,0.012683814373607565,0.17647046085019222
Fibroblasts,Vascular stroma,HLA.E,-2.6086285,-0.32113492,0.00909058639985695,0.13222671127064656
Fibroblasts,Vascular stroma,MT2A,-2.8938398,-0.3194493,0.003805621479410745,0.0628180440146077
Fibroblasts,Vascular stroma,KLF2,-1.4932418,-0.31931514,0.1353739199900545,0.9805354045488437
Fibroblasts,Vascular stroma,AHI1,1.1414762,0.31814918,0.2536718230744007,0.9992357540704399
Fibroblasts,Vascular stroma,VPREB3,0.27241662,0.3181135,0.7853017050092992,0.9992357540704399
Fibroblasts,Vascular stroma,COL15A1,1.5535072,0.31682217,0.12030201739905302,0.9346517921781426
Fibroblasts,Vascular stroma,GC,-0.34288853,-0.31572714,0.7316823174805331,0.9992357540704399
Fibroblasts,Vascular stroma,CXCL6,-0.41159135,-0.31411052,0.6806389825990173,0.9992357540704399
Fibroblasts,Vascular stroma,KRT5,-0.2957633,-0.31385174,0.7674108431541766,0.9992357540704399
Fibroblasts,Vascular stroma,LTBR,1.8915306,0.31337702,0.058553548921228875,0.6177077688393376
Fibroblasts,Vascular stroma,PRF1,0.36145914,0.31290507,0.7177562574223662,0.9992357540704399
Fibroblasts,Vascular stroma,FOS,-2.8893254,-0.31234336,0.0038606922883977646,0.0628180440146077
Fibroblasts,Vascular stroma,BCL2L1,1.8315452,0.31220555,0.06701920738763072,0.6701920738763071
Fibroblasts,Vascular stroma,TNFSF12,-0.7177496,-0.30886176,0.47291171193148906,0.9992357540704399
Fibroblasts,Vascular stroma,AR,-0.56166345,-0.30812877,0.5743453321218932,0.9992357540704399
Fibroblasts,Vascular stroma,PTGDS,-2.9952533,-0.30783284,0.0027421709838567516,0.0478633480818633
Fibroblasts,Vascular stroma,RPS4Y1,0.2940439,0.30779326,0.7687243506165912,0.9992357540704399
Fibroblasts,Vascular stroma,LTB,-0.7154361,-0.30774316,0.4743396128595986,0.9992357540704399
Fibroblasts,Vascular stroma,LGALS1,-3.6155255,-0.30363783,0.00029973894792762867,0.005872436530827011
Fibroblasts,Vascular stroma,CX3CL1,0.6152449,0.301825,0.5383929671575325,0.9992357540704399
Fibroblasts,Vascular stroma,MMP16,0.7199296,0.301804,0.4715683578186587,0.9992357540704399
Fibroblasts,Vascular stroma,CD8A,-0.5081448,-0.29969215,0.611351808351831,0.9992357540704399
Fibroblasts,Vascular stroma,MERTK,0.42473418,0.29935688,0.6710304767356494,0.9992357540704399
Fibroblasts,Vascular stroma,CD40LG,0.2424226,0.29898047,0.8084527286136678,0.9992357540704399
Fibroblasts,Vascular stroma,RARA,1.8191063,0.29824847,0.06889520462774419,0.6748918004350452
Fibroblasts,Vascular stroma,NRIP3,-0.31040832,-0.2967312,0.7562504644676649,0.9992357540704399
Fibroblasts,Vascular stroma,ADGRF5,0.44244114,0.29361513,0.6581700256572676,0.9992357540704399
Fibroblasts,Vascular stroma,SREBF1,-0.8841809,-0.29351562,0.37659857833593924,0.9992357540704399
Fibroblasts,Vascular stroma,MAPK13,-0.37828413,-0.29301348,0.7052195270375063,0.9992357540704399
Fibroblasts,Vascular stroma,OLFM4,-0.34620696,-0.2929758,0.7291871887288791,0.9992357540704399
Fibroblasts,Vascular stroma,TNFRSF10A,-0.23365286,-0.29273057,0.8152544876486003,0.9992357540704399
Fibroblasts,Vascular stroma,TSHZ2,1.3808421,0.28888327,0.1673275311724538,0.9992357540704399
Fibroblasts,Vascular stroma,CD44,-1.5934486,-0.28819424,0.1110595923703568,0.9161931740573636
Fibroblasts,Vascular stroma,ESAM,0.5190762,0.2828369,0.6037076006086974,0.9992357540704399
Fibroblasts,Vascular stroma,CLEC4D,-0.2952556,-0.28266865,0.767798628395114,0.9992357540704399
Fibroblasts,Vascular stroma,ITGAE,-0.53248596,-0.28238595,0.5943894559245809,0.9992357540704399
Fibroblasts,Vascular stroma,FGF1,-0.7912102,-0.28159592,0.4288213572890388,0.9992357540704399
Fibroblasts,Vascular stroma,MX1,-1.5345728,-0.2808141,0.12488879504774784,0.9346517921781426
Fibroblasts,Vascular stroma,IFIT1,0.6131696,0.27991626,0.5397641845984376,0.9992357540704399
Fibroblasts,Vascular stroma,BMP2,0.5782006,0.2796967,0.5631286912582315,0.9992357540704399
Fibroblasts,Vascular stroma,SNAI2,1.5364231,0.27957016,0.12443465285372837,0.9346517921781426
Fibroblasts,Vascular stroma,TAP1,-1.0566392,-0.27903542,0.2906762584916557,0.9992357540704399
Fibroblasts,Vascular stroma,DUSP2,-0.42049453,-0.278958,0.6741242162034937,0.9992357540704399
Fibroblasts,Vascular stroma,ITGB6,-0.44465253,-0.27796552,0.6565708780456614,0.9992357540704399
Fibroblasts,Vascular stroma,PPARG,0.47545782,0.2779559,0.6344606838551345,0.9992357540704399
Fibroblasts,Vascular stroma,FYB1,-0.5317846,-0.27740768,0.5948751890938567,0.9992357540704399
Fibroblasts,Vascular stroma,MYL9,-1.9114516,-0.27673897,0.055946571572083124,0.6034686371820202
Fibroblasts,Vascular stroma,IER3,-1.9970003,-0.276295,0.045825145003319606,0.535945906726575
Fibroblasts,Vascular stroma,IL2,-0.354592,-0.27614504,0.7228952828909416,0.9992357540704399
Fibroblasts,Vascular stroma,ZFP36,-2.7427235,-0.27475074,0.006093195531200241,0.0943462533863263
Fibroblasts,Vascular stroma,CXCL16,-0.8582145,-0.27427858,0.3907740267945702,0.9992357540704399
Fibroblasts,Vascular stroma,MMP8,-0.41022,-0.273999,0.6816445692060543,0.9992357540704399
Fibroblasts,Vascular stroma,CCR10,-0.48171258,-0.2739046,0.6300101383934531,0.9992357540704399
Fibroblasts,Vascular stroma,CENPF,0.18906356,0.27386147,0.8500430029766189,0.9992357540704399
Fibroblasts,Vascular stroma,ACE2,0.38178575,0.2730043,0.7026202880657686,0.9992357540704399
Fibroblasts,Vascular stroma,IGF2R,1.2272316,0.27238438,0.21973552888931425,0.9992357540704399
Fibroblasts,Vascular stroma,GATA3,-0.40368,-0.27234745,0.6864480531129785,0.9992357540704399
Fibroblasts,Vascular stroma,IL6ST,1.8856999,0.27232212,0.05933541695791614,0.6191521769521684
Fibroblasts,Vascular stroma,CELSR1,-0.6829323,-0.2712885,0.4946496000493218,0.9992357540704399
Fibroblasts,Vascular stroma,COL6A1,5.8863716,0.27113062,3.947667041584793e-09,1.8046477904387624e-07
Fibroblasts,Vascular stroma,MMP12,-0.34838435,-0.26922768,0.727551561578454,0.9992357540704399
Fibroblasts,Vascular stroma,CXCL14,-0.65486187,-0.26756915,0.5125567012757817,0.9992357540704399
Fibroblasts,Vascular stroma,KRT6B,-0.38870785,-0.26714715,0.6974922749842637,0.9992357540704399
Fibroblasts,Vascular stroma,DUSP5,-1.780374,-0.26325715,0.07501477076260384,0.7130116824960364
Fibroblasts,Vascular stroma,KRT16,-0.4680437,-0.2630691,0.6397533202553812,0.9992357540704399
Fibroblasts,Vascular stroma,IFNG,0.20082459,0.26303393,0.8408357412716749,0.9992357540704399
Fibroblasts,Vascular stroma,CLEC14A,0.45133647,0.26216638,0.6517470578506459,0.9992357540704399
Fibroblasts,Vascular stroma,CD164,-0.7050831,-0.26152205,0.48075855496904385,0.9992357540704399
Fibroblasts,Vascular stroma,PDGFA,-0.994746,-0.25999996,0.3198598077449123,0.9992357540704399
Fibroblasts,Vascular stroma,CEACAM6,-0.44732717,-0.25988227,0.6546388616221808,0.9992357540704399
Fibroblasts,Vascular stroma,S100A2,-0.4402742,-0.25928175,0.6597385195855002,0.9992357540704399
Fibroblasts,Vascular stroma,PTGDR2,-0.44410557,-0.25884306,0.6569662608126696,0.9992357540704399
Fibroblasts,Vascular stroma,IL7,-0.4013927,-0.25814053,0.6881310290451153,0.9992357540704399
Fibroblasts,Vascular stroma,IFNL2,-0.32362965,-0.25801113,0.7462184283299567,0.9992357540704399
Fibroblasts,Vascular stroma,CD14,0.81063914,0.25695953,0.41757292626763476,0.9992357540704399
Fibroblasts,Vascular stroma,CSK,-0.68752,-0.25663933,0.4917550862965121,0.9992357540704399
Fibroblasts,Vascular stroma,CD68,-1.5999912,-0.25638002,0.10960053188743873,0.9149261792342711
Fibroblasts,Vascular stroma,PPBP,0.19652739,0.25425217,0.844197400442849,0.9992357540704399
Fibroblasts,Vascular stroma,ICOSLG,-0.4228682,-0.25351396,0.6723914209780266,0.9992357540704399
Fibroblasts,Vascular stroma,TNFSF8,-0.1828088,-0.25324777,0.8549480374165437,0.9992357540704399
Fibroblasts,Vascular stroma,AHR,1.2914227,0.25211126,0.19655715088616188,0.9992357540704399
Fibroblasts,Vascular stroma,TNFRSF11A,-0.46795213,-0.2509269,0.63981882309437,0.9992357540704399
Fibroblasts,Vascular stroma,CCR7,-0.7899854,-0.25015146,0.42953629991847453,0.9992357540704399
Fibroblasts,Vascular stroma,BAG3,-0.6992078,-0.24955937,0.4844221948562494,0.9992357540704399
Fibroblasts,Vascular stroma,TPSB2,0.41002634,0.24947862,0.6817866251623264,0.9992357540704399
Fibroblasts,Vascular stroma,FGF7,-1.6932917,-0.24855885,0.0903999622322276,0.7904453941197703
Fibroblasts,Vascular stroma,YES1,-0.7291442,-0.24837916,0.4659134547973264,0.9992357540704399
Fibroblasts,Vascular stroma,CCL11,-0.33629096,-0.24806634,0.736651472955715,0.9992357540704399
Fibroblasts,Vascular stroma,BRCA1,-0.5185528,-0.24764833,0.6040726342690439,0.9992357540704399
Fibroblasts,Vascular stroma,NR1H4,-0.29926494,-0.24759369,0.7647379148221961,0.9992357540704399
Fibroblasts,Vascular stroma,ACE,-0.32810745,-0.2475713,0.7428304324968577,0.9992357540704399
Fibroblasts,Vascular stroma,CD163,-0.38142982,-0.24687445,0.7028843276631058,0.9992357540704399
Fibroblasts,Vascular stroma,HDAC11,0.77379894,0.24686562,0.4390497019017131,0.9992357540704399
Fibroblasts,Vascular stroma,CUZD1,-0.420874,-0.24673384,0.6738470818107176,0.9992357540704399
Fibroblasts,Vascular stroma,RGS1,-0.49013686,-0.2458725,0.624037053479358,0.9992357540704399
Fibroblasts,Vascular stroma,KRT14,-1.3230078,-0.24558203,0.18583276483641475,0.9992357540704399
Fibroblasts,Vascular stroma,PTGES,-0.36505494,-0.24545957,0.7150703883751035,0.9992357540704399
Fibroblasts,Vascular stroma,HGF,1.7246177,0.24540082,0.08459637984888276,0.7661558929710136
Fibroblasts,Vascular stroma,FPR1,-0.37525097,-0.2448056,0.7074738209278136,0.9992357540704399
Fibroblasts,Vascular stroma,CD59,1.1880074,0.2443863,0.2348305247409609,0.9992357540704399
Fibroblasts,Vascular stroma,AQP3,0.4456025,0.24356002,0.655884389183542,0.9992357540704399
Fibroblasts,Vascular stroma,LAIR1,-0.4802863,-0.24351993,0.6310238380627665,0.9992357540704399
Fibroblasts,Vascular stroma,SIGIRR,-0.2925234,-0.24350679,0.7698864686050764,0.9992357540704399
Fibroblasts,Vascular stroma,CLEC5A,-0.26009554,-0.24306649,0.7947900824195009,0.9992357540704399
Fibroblasts,Vascular stroma,STAT5A,-0.8367861,-0.2429668,0.402712811855615,0.9992357540704399
Fibroblasts,Vascular stroma,ACVR1B,0.52341,0.24254112,0.600688938437606,0.9992357540704399
Fibroblasts,Vascular stroma,RSPO2,0.18419585,0.24230807,0.8538598193551155,0.9992357540704399
Fibroblasts,Vascular stroma,FASN,-0.39854795,-0.2419165,0.6902263141839922,0.9992357540704399
Fibroblasts,Vascular stroma,TNFAIP6,0.84373176,0.24145983,0.39881932053031055,0.9992357540704399
Fibroblasts,Vascular stroma,SOX2,0.32393587,0.2401568,0.7459865963818038,0.9992357540704399
Fibroblasts,Vascular stroma,APOA1,-0.29473743,-0.23942374,0.7681944691524638,0.9992357540704399
Fibroblasts,Vascular stroma,CD4,-1.1913258,-0.23913047,0.23352573191843928,0.9992357540704399
Fibroblasts,Vascular stroma,MAPK14,1.169769,0.23886396,0.24209390187991753,0.9992357540704399
Fibroblasts,Vascular stroma,BMP6,0.35257685,0.23803642,0.7244056920364289,0.9992357540704399
Fibroblasts,Vascular stroma,TNFRSF4,0.26349247,0.23725581,0.7921710300130664,0.9992357540704399
Fibroblasts,Vascular stroma,STAT3,-1.8500059,-0.23722048,0.0643127029943777,0.656810583772368
Fibroblasts,Vascular stroma,COL3A1,-0.62838775,-0.23671876,0.5297499432896411,0.9992357540704399
Fibroblasts,Vascular stroma,CCL20,-0.371294,-0.23664086,0.7104185681940007,0.9992357540704399
Fibroblasts,Vascular stroma,FLT1,0.9512899,0.23640977,0.34145723382229154,0.9992357540704399
Fibroblasts,Vascular stroma,PPARA,0.51279,0.23554221,0.6080981899889542,0.9992357540704399
Fibroblasts,Vascular stroma,CHEK2,0.46668547,0.23546909,0.6407249214645969,0.9992357540704399
Fibroblasts,Vascular stroma,JAK2,-0.95188135,-0.2349724,0.34115715839965766,0.9992357540704399
Fibroblasts,Vascular stroma,TYK2,-2.4025307,-0.23387878,0.016282072356294187,0.2170942980839225
Fibroblasts,Vascular stroma,NR1H2,-1.2223902,-0.23383316,0.22156013058047208,0.9992357540704399
Fibroblasts,Vascular stroma,IL4R,-0.95968276,-0.23315953,0.33721489363199864,0.9992357540704399
Fibroblasts,Vascular stroma,SERPINH1,-2.2692232,-0.23260309,0.023254750356740513,0.30168324787122824
Fibroblasts,Vascular stroma,RPL37,-1.9716412,-0.23260105,0.048650588057674596,0.5560067206591383
Fibroblasts,Vascular stroma,MZT2A,3.8300738,0.23200203,0.00012810477646826626,0.0027950133047621732
Fibroblasts,Vascular stroma,SPOCK2,-0.41088474,-0.23124938,0.6811570576072297,0.9992357540704399
Fibroblasts,Vascular stroma,DHRS2,0.335621,0.23103465,0.7371566963395251,0.9992357540704399
Fibroblasts,Vascular stroma,CD3E,-0.9112961,-0.22992754,0.3621393615418924,0.9992357540704399
Fibroblasts,Vascular stroma,CCR1,-0.53021175,-0.2297403,0.5959651223956848,0.9992357540704399
Fibroblasts,Vascular stroma,NOSIP,0.60832024,0.22852197,0.5429751033173942,0.9992357540704399
Fibroblasts,Vascular stroma,CD28,-0.41540438,-0.22824708,0.6778459017318902,0.9992357540704399
Fibroblasts,Vascular stroma,VCAN,-2.7206304,-0.22785199,0.006515756092009481,0.0992877118782397
Fibroblasts,Vascular stroma,ACKR4,0.41408277,0.22752647,0.67881349198683,0.9992357540704399
Fibroblasts,Vascular stroma,TNFSF18,-0.27487662,-0.22725956,0.783411019284188,0.9992357540704399
Fibroblasts,Vascular stroma,MMP2,-2.4387531,-0.2268463,0.014738030281317411,0.20212155814378163
Fibroblasts,Vascular stroma,EPHA7,-0.26666695,-0.22650194,0.7897256046794651,0.9992357540704399
Fibroblasts,Vascular stroma,IGHD,0.41962045,0.22469835,0.6747627491486162,0.9992357540704399
Fibroblasts,Vascular stroma,GPX3,0.8537498,0.22339034,0.3932436237199938,0.9992357540704399
Fibroblasts,Vascular stroma,APOB,0.32597977,0.22328044,0.7444396585591917,0.9992357540704399
Fibroblasts,Vascular stroma,ST6GALNAC3,-0.3854025,-0.22298236,0.6999392193620713,0.9992357540704399
Fibroblasts,Vascular stroma,SPRY2,0.45093608,0.22239172,0.652035626324323,0.9992357540704399
Fibroblasts,Vascular stroma,GPBAR1,0.34560764,0.22179458,0.7296375961321397,0.9992357540704399
Fibroblasts,Vascular stroma,GAS6,1.6248008,0.22134374,0.10420499930334712,0.8775157836071337
Fibroblasts,Vascular stroma,ICAM1,-1.1178101,-0.22060843,0.26364807060037543,0.9992357540704399
Fibroblasts,Vascular stroma,ABL1,0.7108589,0.21875398,0.47717169038656215,0.9992357540704399
Fibroblasts,Vascular stroma,RYK,-0.855566,-0.21779451,0.3922378541347875,0.9992357540704399
Fibroblasts,Vascular stroma,IL12A,0.30458277,0.21770707,0.7606839437674627,0.9992357540704399
Fibroblasts,Vascular stroma,CLEC12A,-0.39543366,-0.21752223,0.6925228654955152,0.9992357540704399
Fibroblasts,Vascular stroma,NPR2,0.620903,0.21690322,0.5346634393728771,0.9992357540704399
Fibroblasts,Vascular stroma,RELT,-0.45722747,-0.21661605,0.6475075643050664,0.9992357540704399
Fibroblasts,Vascular stroma,CDH11,-2.181853,-0.21592203,0.029120378092950094,0.3584046534516935
Fibroblasts,Vascular stroma,COL21A1,-0.3836517,-0.21511726,0.7012366093913507,0.9992357540704399
Fibroblasts,Vascular stroma,SUCNR1,0.15435885,0.2146314,0.8773267936680074,0.9992357540704399
Fibroblasts,Vascular stroma,C1QC,0.9405338,0.2145571,0.3469438096620432,0.9992357540704399
Fibroblasts,Vascular stroma,BATF3,0.30595934,0.21400253,0.7596356046616188,0.9992357540704399
Fibroblasts,Vascular stroma,ITGB1,-1.8381349,-0.21276782,0.06604252460577509,0.6673770907530957
Fibroblasts,Vascular stroma,MMP3,-0.24000183,-0.21125163,0.8103288433671713,0.9992357540704399
Fibroblasts,Vascular stroma,S100A4,-1.5347638,-0.21114321,0.12484184367480702,0.9346517921781426
Fibroblasts,Vascular stroma,COL1A1,0.7987473,-0.21083783,0.4244369682247263,0.9992357540704399
Fibroblasts,Vascular stroma,SCGB3A1,-0.23916699,-0.21069613,0.8109761027962439,0.9992357540704399
Fibroblasts,Vascular stroma,PGF,0.3472773,0.21049206,0.72838298187901,0.9992357540704399
Fibroblasts,Vascular stroma,STAT5B,-0.5737464,-0.2097344,0.566139435182234,0.9992357540704399
Fibroblasts,Vascular stroma,IFNGR1,-1.0446924,-0.20941539,0.2961651495168536,0.9992357540704399
Fibroblasts,Vascular stroma,CCND1,-0.87615436,-0.2094118,0.380946109795968,0.9992357540704399
Fibroblasts,Vascular stroma,IRF4,-0.30274037,-0.2087863,0.7620877316715007,0.9992357540704399
Fibroblasts,Vascular stroma,VWF,0.30604047,0.20842554,0.759573834174977,0.9992357540704399
Fibroblasts,Vascular stroma,TGFB1,1.1568042,0.20789132,0.2473523519769748,0.9992357540704399
Fibroblasts,Vascular stroma,EPHB3,-0.74756825,-0.2075298,0.4547206265966709,0.9992357540704399
Fibroblasts,Vascular stroma,TFEB,0.27997464,0.2074688,0.7794969554941484,0.9992357540704399
Fibroblasts,Vascular stroma,DCN,4.7656093,0.20692497,1.8828392185583573e-06,5.477350453987948e-05
Fibroblasts,Vascular stroma,ADIPOQ,0.33076897,0.20581259,0.7408189972053013,0.9992357540704399
Fibroblasts,Vascular stroma,PPARD,0.5503709,0.2055815,0.5820650093789087,0.9992357540704399
Fibroblasts,Vascular stroma,CD37,-0.39013153,-0.2052794,0.6964392925998992,0.9992357540704399
Fibroblasts,Vascular stroma,CHGA,-0.08542052,-0.20489502,0.9319270812699292,0.9992357540704399
Fibroblasts,Vascular stroma,CCL4L2,-0.3270004,-0.204373,0.743667565363556,0.9992357540704399
Fibroblasts,Vascular stroma,MS4A1,-0.32947093,-0.20382108,0.741799771865268,0.9992357540704399
Fibroblasts,Vascular stroma,ACVR1,-0.502157,-0.20341682,0.6155571044578634,0.9992357540704399
Fibroblasts,Vascular stroma,KIT,-0.26924473,-0.20260155,0.7877413519351468,0.9992357540704399
Fibroblasts,Vascular stroma,ABL2,-0.63056254,-0.20209162,0.5283265959732342,0.9992357540704399
Fibroblasts,Vascular stroma,MS4A4A,0.33449304,0.20196547,0.7380075438268059,0.9992357540704399
Fibroblasts,Vascular stroma,WNT5B,0.2894065,0.20171902,0.7722703239572929,0.9992357540704399
Fibroblasts,Vascular stroma,RAMP3,-0.18795654,-0.20110524,0.850910715585614,0.9992357540704399
Fibroblasts,Vascular stroma,CD33,-0.24360812,-0.20038,0.8075343403072821,0.9992357540704399
Fibroblasts,Vascular stroma,LIFR,-0.39247903,-0.20030236,0.6947043107800026,0.9992357540704399
Fibroblasts,Vascular stroma,CD70,0.44862783,0.19974552,0.6537001535802993,0.9992357540704399
Fibroblasts,Vascular stroma,CALM2,-1.535214,-0.19951697,0.12473127294065252,0.9346517921781426
Fibroblasts,Vascular stroma,SRC,0.669622,0.19918832,0.5030987742199889,0.9992357540704399
Fibroblasts,Vascular stroma,TIGIT,-0.375374,-0.19878608,0.7073823542867521,0.9992357540704399
Fibroblasts,Vascular stroma,DUSP6,0.45019284,0.19852439,0.6525714078694963,0.9992357540704399
Fibroblasts,Vascular stroma,ARF1,-1.191857,-0.19825287,0.2333173198041547,0.9992357540704399
Fibroblasts,Vascular stroma,MSMB,0.11087918,0.19641934,0.9117121533526011,0.9992357540704399
Fibroblasts,Vascular stroma,AZU1,-1.9459391,-0.19599682,0.051662057480913445,0.5834773550785518
Fibroblasts,Vascular stroma,OLR1,-0.2603049,-0.1954326,0.7946285943913437,0.9992357540704399
Fibroblasts,Vascular stroma,IL18,-0.27862164,-0.19529516,0.7805352092840663,0.9992357540704399
Fibroblasts,Vascular stroma,SCG5,0.24723274,0.19497243,0.8047281144008258,0.9992357540704399
Fibroblasts,Vascular stroma,SMAD2,-1.0378226,-0.1944571,0.2993526239275547,0.9992357540704399
Fibroblasts,Vascular stroma,ADGRF4,0.16389015,0.19427446,0.8698176198987061,0.9992357540704399
Fibroblasts,Vascular stroma,DDR1,0.54992074,0.19335523,0.5823737250547718,0.9992357540704399
Fibroblasts,Vascular stroma,CLEC1A,-0.2013951,-0.19187675,0.840389647616067,0.9992357540704399
Fibroblasts,Vascular stroma,HSP90AB1,-1.8060892,-0.19159372,0.07090441464614929,0.6806823806030331
Fibroblasts,Vascular stroma,FYN,0.5660758,0.19149484,0.5713422465716155,0.9992357540704399
Fibroblasts,Vascular stroma,FZD6,0.5362676,0.19132653,0.5917736138218905,0.9992357540704399
Fibroblasts,Vascular stroma,CALM1,0.7946045,0.19130675,0.42684360861209325,0.9992357540704399
Fibroblasts,Vascular stroma,PTGIS,1.1336224,0.19082154,0.2569529718153786,0.9992357540704399
Fibroblasts,Vascular stroma,PTGES2,1.0494162,0.19068357,0.2939866076722861,0.9992357540704399
Fibroblasts,Vascular stroma,COL17A1,-0.29773396,-0.1906252,0.7659062291638875,0.9992357540704399
Fibroblasts,Vascular stroma,ATG12,-0.554812,-0.18964438,0.579023240514943,0.9992357540704399
Fibroblasts,Vascular stroma,CDH1,-0.25768,-0.1890784,0.7966538849000363,0.9992357540704399
Fibroblasts,Vascular stroma,COL8A1,-1.9301661,-0.18877469,0.05358625778072898,0.5973170381149367
Fibroblasts,Vascular stroma,BCL2,0.70219904,0.1881255,0.48255503214633455,0.9992357540704399
Fibroblasts,Vascular stroma,LGALS9,-0.80821055,-0.1881013,0.41896939754307116,0.9992357540704399
Fibroblasts,Vascular stroma,CD81,1.7574172,0.18754815,0.07884671437811142,0.7420867235586956
Fibroblasts,Vascular stroma,BEST1,-0.14089675,-0.18696576,0.8879515105770307,0.9992357540704399
Fibroblasts,Vascular stroma,CSF2,-0.29466414,-0.18647264,0.768250451515009,0.9992357540704399
Fibroblasts,Vascular stroma,ADGRG5,0.09106026,0.18645614,0.9274447078849937,0.9992357540704399
Fibroblasts,Vascular stroma,S100P,-0.19724707,-0.18637438,0.8436341945654138,0.9992357540704399
Fibroblasts,Vascular stroma,CLEC2D,-0.4774625,-0.1859322,0.6330328249208774,0.9992357540704399
Fibroblasts,Vascular stroma,WNT9A,-0.24624349,-0.18577547,0.8054937533891418,0.9992357540704399
Fibroblasts,Vascular stroma,HSD17B2,-0.37855893,-0.18499893,0.7050154259551145,0.9992357540704399
Fibroblasts,Vascular stroma,ANXA1,-0.896167,-0.1845375,0.3701635940318351,0.9992357540704399
Fibroblasts,Vascular stroma,ITGA5,-0.77553666,-0.18429142,0.4380226133233144,0.9992357540704399
Fibroblasts,Vascular stroma,TWIST2,0.3199187,0.18381374,0.7490299730606119,0.9992357540704399
Fibroblasts,Vascular stroma,LAMP2,-0.8705382,-0.18339439,0.3840063546002014,0.9992357540704399
Fibroblasts,Vascular stroma,ARTN,-0.44910675,-0.18295944,0.6533546504591535,0.9992357540704399
Fibroblasts,Vascular stroma,GZMK,-0.41290772,-0.1828884,0.6796742299665612,0.9992357540704399
Fibroblasts,Vascular stroma,CCR5,0.21915703,0.18175665,0.8265277361364657,0.9992357540704399
Fibroblasts,Vascular stroma,CTNNB1,-1.5543342,-0.18164738,0.12010472951715281,0.9346517921781426
Fibroblasts,Vascular stroma,BTG1,-0.7973733,-0.18097459,0.4252342471345727,0.9992357540704399
Fibroblasts,Vascular stroma,SLC40A1,1.1717005,0.18033324,0.24131732910448866,0.9992357540704399
Fibroblasts,Vascular stroma,OAS3,-0.58804595,-0.18025039,0.556501453149012,0.9992357540704399
Fibroblasts,Vascular stroma,INSR,0.49929917,0.17981407,0.6175686488437974,0.9992357540704399
Fibroblasts,Vascular stroma,CNTFR,0.2123553,0.17964534,0.8318298522701483,0.9992357540704399
Fibroblasts,Vascular stroma,HCAR3,0.25765905,0.1791147,0.7966700442883872,0.9992357540704399
Fibroblasts,Vascular stroma,MST1R,0.14751789,0.17910832,0.882723263300689,0.9992357540704399
Fibroblasts,Vascular stroma,CD276,1.2524705,0.17910804,0.21039846995543254,0.9992357540704399
Fibroblasts,Vascular stroma,RBPJ,-1.1509813,-0.17855537,0.2497399302606932,0.9992357540704399
Fibroblasts,Vascular stroma,IL36G,-0.17078085,-0.17829388,0.8643960911795567,0.9992357540704399
Fibroblasts,Vascular stroma,MRC1,-0.27383766,-0.17824349,0.7842093770064802,0.9992357540704399
Fibroblasts,Vascular stroma,ROR1,0.5876063,0.17813075,0.5567965933963259,0.9992357540704399
Fibroblasts,Vascular stroma,MALAT1,5.8278933,0.17770356,5.613141465935246e-09,2.4493708214990167e-07
Fibroblasts,Vascular stroma,FGF18,-0.66567814,-0.17701696,0.5056168592550372,0.9992357540704399
Fibroblasts,Vascular stroma,TNF,0.07302355,0.17684405,0.9417873758987654,0.9992357540704399
Fibroblasts,Vascular stroma,G6PC2,0.21507704,0.17642586,0.8297072568981866,0.9992357540704399
Fibroblasts,Vascular stroma,BMPR2,0.90318066,0.17608255,0.36643001847062295,0.9992357540704399
Fibroblasts,Vascular stroma,LMNA,1.5312465,0.17604235,0.1257084720049388,0.9346517921781426
Fibroblasts,Vascular stroma,ADGRB2,0.18598329,0.17601883,0.8524578655590913,0.9992357540704399
Fibroblasts,Vascular stroma,LY6D,-0.33146772,-0.17551121,0.7402912141003769,0.9992357540704399
Fibroblasts,Vascular stroma,THBS1,-1.645575,-0.17492484,0.09985129027811526,0.8558682023838451
Fibroblasts,Vascular stroma,TAP2,-0.5225359,-0.17412856,0.6012972255824727,0.9992357540704399
Fibroblasts,Vascular stroma,ESR1,-0.6057843,-0.17376846,0.5446579879874118,0.9992357540704399
Fibroblasts,Vascular stroma,WNT2,-0.55773,-0.17376788,0.5770287435236334,0.9992357540704399
Fibroblasts,Vascular stroma,IL16,-0.73002094,-0.17367817,0.46537739720048943,0.9992357540704399
Fibroblasts,Vascular stroma,HCK,-0.40290797,-0.17348965,0.687015932343066,0.9992357540704399
Fibroblasts,Vascular stroma,WNT7B,0.5830474,0.1728158,0.5598614047335551,0.9992357540704399
Fibroblasts,Vascular stroma,CCL21,0.61327434,0.17206468,0.5396949766778043,0.9992357540704399
Fibroblasts,Vascular stroma,CST7,-0.16734204,-0.1713216,0.8671009264434574,0.9992357540704399
Fibroblasts,Vascular stroma,RELA,-0.745786,-0.17084806,0.45579667995499484,0.9992357540704399
Fibroblasts,Vascular stroma,IL6,0.39749068,0.17063072,0.6910056652491894,0.9992357540704399
Fibroblasts,Vascular stroma,ETV5,0.5485808,0.17041099,0.5832931448460719,0.9992357540704399
Fibroblasts,Vascular stroma,SELENOP,1.2690417,0.1702916,0.2044262041392927,0.9992357540704399
Fibroblasts,Vascular stroma,C11orf96,-1.7454364,-0.16995212,0.0809089343857775,0.7468517020225615
Fibroblasts,Vascular stroma,PTGES3,-0.6019556,-0.16925888,0.5472037136336645,0.9992357540704399
Fibroblasts,Vascular stroma,EFNB3,-0.23641123,-0.16818857,0.8131135827835343,0.9992357540704399
Fibroblasts,Vascular stroma,ITGB5,-1.6616437,-0.16815585,0.0965842386717974,0.835323145269599
Fibroblasts,Vascular stroma,IFI27,-0.6134784,-0.16805822,0.5395600340119546,0.9992357540704399
Fibroblasts,Vascular stroma,KRT7,-0.40845612,-0.16791537,0.682938846358695,0.9992357540704399
Fibroblasts,Vascular stroma,FGR,0.27084377,0.16754873,0.7865112019674153,0.9992357540704399
Fibroblasts,Vascular stroma,TUBB,-1.3902032,-0.16653152,0.1644671703637498,0.9992357540704399
Fibroblasts,Vascular stroma,HCAR2,0.19388416,0.16606823,0.846266583472721,0.9992357540704399
Fibroblasts,Vascular stroma,FCGR3A,-0.7615171,-0.16569608,0.4463482576512702,0.9992357540704399
Fibroblasts,Vascular stroma,IGF1,-1.4194279,-0.16543,0.15577432124168306,0.9992357540704399
Fibroblasts,Vascular stroma,OSM,-0.29558012,-0.16480877,0.7675507589542292,0.9992357540704399
Fibroblasts,Vascular stroma,FOXF1,0.82801116,0.16427632,0.40766419622876326,0.9992357540704399
Fibroblasts,Vascular stroma,TLR1,-0.3646493,-0.16401237,0.7153732036686409,0.9992357540704399
Fibroblasts,Vascular stroma,CTSW,0.1738742,0.16378334,0.8619643303918498,0.9992357540704399
Fibroblasts,Vascular stroma,PGR,0.1161002,0.16353302,0.9075731317648233,0.9992357540704399
Fibroblasts,Vascular stroma,AXL,0.62143165,0.16307776,0.5343156490714345,0.9992357540704399
Fibroblasts,Vascular stroma,ANGPT2,-0.23024023,-0.16283129,0.8179051057517867,0.9992357540704399
Fibroblasts,Vascular stroma,DST,-1.0527556,-0.16262333,0.29245304138237005,0.9992357540704399
Fibroblasts,Vascular stroma,NPR1,0.1665988,0.1619657,0.8676857388419205,0.9992357540704399
Fibroblasts,Vascular stroma,IL33,0.4046614,0.16132216,0.6857264282143029,0.9992357540704399
Fibroblasts,Vascular stroma,ATR,-0.24427024,-0.16003126,0.8070215367896696,0.9992357540704399
Fibroblasts,Vascular stroma,AZGP1,0.19373238,0.15995932,0.8463854401816711,0.9992357540704399
Fibroblasts,Vascular stroma,ADGRG3,0.14079207,0.15947089,0.8880342103894867,0.9992357540704399
Fibroblasts,Vascular stroma,ADIRF,-0.51874125,-0.15760152,0.6039412107324105,0.9992357540704399
Fibroblasts,Vascular stroma,STAT4,-0.17543396,-0.15715581,0.8607386578338367,0.9992357540704399
Fibroblasts,Vascular stroma,IL34,0.35984442,0.15710491,0.7189634956056198,0.9992357540704399
Fibroblasts,Vascular stroma,TLR4,0.24523331,0.15689905,0.8062757888640372,0.9992357540704399
Fibroblasts,Vascular stroma,ANGPT1,-0.33999145,-0.15643828,0.7338629591190431,0.9992357540704399
Fibroblasts,Vascular stroma,CRP,-0.5095946,-0.15519118,0.6103354849510756,0.9992357540704399
Fibroblasts,Vascular stroma,ST6GAL1,0.18633136,0.15419902,0.8521849183773491,0.9992357540704399
Fibroblasts,Vascular stroma,KRT10,-0.21229511,-0.1539864,0.8318768082081609,0.9992357540704399
Fibroblasts,Vascular stroma,AKT1,-0.6475394,-0.15366319,0.5172829364138611,0.9992357540704399
Fibroblasts,Vascular stroma,GLUD1,-0.38864765,-0.15322028,0.697536807315587,0.9992357540704399
Fibroblasts,Vascular stroma,CLDN4,-0.34742388,-0.1529046,0.7282728936724073,0.9992357540704399
Fibroblasts,Vascular stroma,CX3CR1,0.39374566,0.15272939,0.6937688187310204,0.9992357540704399
Fibroblasts,Vascular stroma,EFNA5,-0.44663888,-0.15272485,0.6551358236213392,0.9992357540704399
Fibroblasts,Vascular stroma,ADGRB3,0.41394144,0.15250339,0.6789169884549087,0.9992357540704399
Fibroblasts,Vascular stroma,ADGRF1,0.18403096,0.15239814,0.85398915905894,0.9992357540704399
Fibroblasts,Vascular stroma,PCNA,0.48789927,0.15227625,0.6256211799715796,0.9992357540704399
Fibroblasts,Vascular stroma,KRT6A,-0.4052476,-0.15186745,0.6852955142628141,0.9992357540704399
Fibroblasts,Vascular stroma,ADGRA3,0.5806397,0.1516674,0.5614833135451665,0.9992357540704399
Fibroblasts,Vascular stroma,GZMA,0.16445805,0.15144171,0.8693705668669692,0.9992357540704399
Fibroblasts,Vascular stroma,TNFRSF11B,-0.5119369,-0.1513619,0.6086951771752227,0.9992357540704399
Fibroblasts,Vascular stroma,IL11RA,-0.36857226,-0.15067208,0.7124465713461885,0.9992357540704399
Fibroblasts,Vascular stroma,SAA1,-0.3912045,-0.14912939,0.6956460708456198,0.9992357540704399
Fibroblasts,Vascular stroma,TNFSF14,-0.3976346,-0.14852399,0.6908995461954061,0.9992357540704399
Fibroblasts,Vascular stroma,MAF,-0.84738517,-0.14804097,0.396780476996792,0.9992357540704399
Fibroblasts,Vascular stroma,KRT4,-0.29050565,-0.14793181,0.7714294230245935,0.9992357540704399
Fibroblasts,Vascular stroma,ENG,0.89249784,0.14768094,0.37212613666513483,0.9992357540704399
Fibroblasts,Vascular stroma,GDF9,0.19063641,0.14761572,0.848810466154217,0.9992357540704399
Fibroblasts,Vascular stroma,HDAC5,0.40758985,0.1472207,0.683574804931353,0.9992357540704399
Fibroblasts,Vascular stroma,REG1A,0.23915389,0.14684989,0.810986248958268,0.9992357540704399
Fibroblasts,Vascular stroma,SERPINB5,0.60055023,0.1456586,0.5481396074042396,0.9992357540704399
Fibroblasts,Vascular stroma,CLOCK,0.40333194,0.14534181,0.686704058131612,0.9992357540704399
Fibroblasts,Vascular stroma,CCL28,0.16800416,0.14521857,0.8665800104481776,0.9992357540704399
Fibroblasts,Vascular stroma,CD274,-0.35546347,-0.14516862,0.722242413839868,0.9992357540704399
Fibroblasts,Vascular stroma,NOTCH2,-0.82702976,-0.14499733,0.40822020687014726,0.9992357540704399
Fibroblasts,Vascular stroma,KRT24,0.2332603,0.14471862,0.8155592830555878,0.9992357540704399
Fibroblasts,Vascular stroma,ACVR2A,-0.3377408,-0.14422797,0.7355585279043941,0.9992357540704399
Fibroblasts,Vascular stroma,EPHB4,-0.46247202,-0.14366984,0.643742858040063,0.9992357540704399
Fibroblasts,Vascular stroma,IAPP,0.072968595,0.14346987,0.9418311094109965,0.9992357540704399
Fibroblasts,Vascular stroma,INS,-0.17034641,-0.14287506,0.8647377109236114,0.9992357540704399
Fibroblasts,Vascular stroma,SLC2A4,0.41341802,0.14266604,0.6793003614322705,0.9992357540704399
Fibroblasts,Vascular stroma,TNFRSF12A,1.4101949,0.1424224,0.15848214577154252,0.9992357540704399
Fibroblasts,Vascular stroma,ADGRE5,0.14805438,0.142297,0.8822998511522007,0.9992357540704399
Fibroblasts,Vascular stroma,IFITM1,-1.1765499,-0.14208184,0.23937521368107229,0.9992357540704399
Fibroblasts,Vascular stroma,FKBP11,-0.65303516,-0.1417025,0.5137336154128622,0.9992357540704399
Fibroblasts,Vascular stroma,CSF1,-0.7153,-0.14154546,0.47442368072924956,0.9992357540704399
Fibroblasts,Vascular stroma,RSPO1,0.24456596,0.1412795,0.8067925248439605,0.9992357540704399
Fibroblasts,Vascular stroma,FAS,0.6790434,0.14097148,0.4971103639359318,0.9992357540704399
Fibroblasts,Vascular stroma,LYN,0.29896134,0.1403403,0.7649695381135443,0.9992357540704399
Fibroblasts,Vascular stroma,IL13RA1,-0.6712472,-0.14032449,0.5020630603569243,0.9992357540704399
Fibroblasts,Vascular stroma,TEK,0.1898068,0.13990737,0.8494605270676079,0.9992357540704399
Fibroblasts,Vascular stroma,ANXA4,-0.7225545,-0.1392558,0.4699536455225155,0.9992357540704399
Fibroblasts,Vascular stroma,VEGFD,-0.5992417,-0.13921855,0.5490117273192097,0.9992357540704399
Fibroblasts,Vascular stroma,ANGPTL1,-0.31788784,-0.13904546,0.7505700061354645,0.9992357540704399
Fibroblasts,Vascular stroma,RAMP1,-0.55787396,-0.13879065,0.5769304441062746,0.9992357540704399
Fibroblasts,Vascular stroma,PECAM1,-0.27411246,-0.13865694,0.7839982023314707,0.9992357540704399
Fibroblasts,Vascular stroma,NLRP2,0.18092977,0.13832866,0.856422704684471,0.9992357540704399
Fibroblasts,Vascular stroma,TYMS,-0.32487014,-0.13805759,0.7452793539211366,0.9992357540704399
Fibroblasts,Vascular stroma,KRT1,0.61096084,0.13781367,0.5412255067625447,0.9992357540704399
Fibroblasts,Vascular stroma,CSHL1,-0.21182404,-0.1373153,0.8322443101725678,0.9992357540704399
Fibroblasts,Vascular stroma,CYP1B1,0.84035575,0.1372021,0.4007089479790237,0.9992357540704399
Fibroblasts,Vascular stroma,STAT6,-0.63352245,-0.13719359,0.5263925395324645,0.9992357540704399
Fibroblasts,Vascular stroma,UPK3A,0.6248783,0.13716273,0.5320509282188759,0.9992357540704399
Fibroblasts,Vascular stroma,VTN,0.27854836,0.13622949,0.7805914508541514,0.9992357540704399
Fibroblasts,Vascular stroma,AATK,0.10885097,0.13621461,0.913320696461107,0.9992357540704399
Fibroblasts,Vascular stroma,CCL13,0.11325023,0.13598531,0.9098321736116093,0.9992357540704399
Fibroblasts,Vascular stroma,BMP7,0.15747838,0.13555132,0.8748678463971735,0.9992357540704399
Fibroblasts,Vascular stroma,KRT20,-0.16017917,-0.1340935,0.8727399337213727,0.9992357540704399
Fibroblasts,Vascular stroma,RPL22,-1.1239445,-0.13371243,0.26103654991191816,0.9992357540704399
Fibroblasts,Vascular stroma,DDIT3,0.20748235,0.13313462,0.8356331698359276,0.9992357540704399
Fibroblasts,Vascular stroma,NANOG,-0.2923847,-0.13274083,0.769992505137565,0.9992357540704399
Fibroblasts,Vascular stroma,MZB1,-0.10934298,-0.13260813,0.9129304621593605,0.9992357540704399
Fibroblasts,Vascular stroma,HTT,-0.39721066,-0.13201664,0.6912121324391196,0.9992357540704399
Fibroblasts,Vascular stroma,FGF9,0.22869879,0.13128363,0.8191030406286717,0.9992357540704399
Fibroblasts,Vascular stroma,SEC23A,-0.74785614,-0.1312289,0.45454694910784743,0.9992357540704399
Fibroblasts,Vascular stroma,OXGR1,0.13147275,0.13062851,0.895401340954156,0.9992357540704399
Fibroblasts,Vascular stroma,VCAM1,-1.0398352,-0.13036786,0.29841648426625444,0.9992357540704399
Fibroblasts,Vascular stroma,MT1X,-0.63813365,-0.12974781,0.5233866702649561,0.9992357540704399
Fibroblasts,Vascular stroma,CRYAB,0.42058352,0.12969506,0.6740592289961682,0.9992357540704399
Fibroblasts,Vascular stroma,CCL15,0.19820753,0.12918507,0.8428826953071045,0.9992357540704399
Fibroblasts,Vascular stroma,MTRNR2L1,0.23497185,0.12831894,0.8142305801033122,0.9992357540704399
Fibroblasts,Vascular stroma,CXCL3,-0.25733456,-0.1276294,0.7969205259507701,0.9992357540704399
Fibroblasts,Vascular stroma,IGFBP6,-0.5020026,-0.12746167,0.6156657131940708,0.9992357540704399
Fibroblasts,Vascular stroma,LYZ,0.5257732,0.12648319,0.5990457716199871,0.9992357540704399
Fibroblasts,Vascular stroma,TLR5,-0.15659119,-0.1263978,0.8755670392253722,0.9992357540704399
Fibroblasts,Vascular stroma,ETV4,0.16631877,0.12639277,0.8679060918894634,0.9992357540704399
Fibroblasts,Vascular stroma,COL1A2,-0.61498064,-0.12619847,0.5385675143411095,0.9992357540704399
Fibroblasts,Vascular stroma,PTK2,0.3326768,0.1261823,0.7393782602828429,0.9992357540704399
Fibroblasts,Vascular stroma,EPCAM,-0.32657385,-0.12611204,0.7439902294277294,0.9992357540704399
Fibroblasts,Vascular stroma,OXER1,-0.33298823,-0.1260754,0.7391431649271414,0.9992357540704399
Fibroblasts,Vascular stroma,LAMP3,-0.21267982,-0.1259827,0.8315767088620428,0.9992357540704399
Fibroblasts,Vascular stroma,BECN1,0.25425953,0.12575214,0.7992950764912017,0.9992357540704399
Fibroblasts,Vascular stroma,CMKLR1,0.22918817,0.12557931,0.8187226656684292,0.9992357540704399
Fibroblasts,Vascular stroma,EZR,-0.44408986,-0.1251235,0.6569776129329148,0.9992357540704399
Fibroblasts,Vascular stroma,TNFSF10,-0.40984577,-0.1248523,0.681919092906311,0.9992357540704399
Fibroblasts,Vascular stroma,CD209,0.22450627,0.12426151,0.8223633896639896,0.9992357540704399
Fibroblasts,Vascular stroma,C1QB,-0.6309446,-0.12354296,0.5280767266616921,0.9992357540704399
Fibroblasts,Vascular stroma,CDKN3,0.21695085,0.123289235,0.8282466526899064,0.9992357540704399
Fibroblasts,Vascular stroma,SELL,-0.1520794,-0.12314524,0.879124308190419,0.9992357540704399
Fibroblasts,Vascular stroma,RGCC,-0.6539171,-0.12286878,0.5131652162965248,0.9992357540704399
Fibroblasts,Vascular stroma,BMP3,-0.18964455,-0.12251039,0.8495876803012143,0.9992357540704399
Fibroblasts,Vascular stroma,TGFB2,0.40111005,0.122411825,0.6883391014973441,0.9992357540704399
Fibroblasts,Vascular stroma,SLPI,0.13349311,0.12225557,0.8938034099109711,0.9992357540704399
Fibroblasts,Vascular stroma,EPOR,0.23350108,0.12218754,0.8153723385602015,0.9992357540704399
Fibroblasts,Vascular stroma,FGFR3,-0.16379856,-0.1220205,0.8698897291270131,0.9992357540704399
Fibroblasts,Vascular stroma,MRC2,-1.1493796,-0.12111929,0.2503994627299192,0.9992357540704399
Fibroblasts,Vascular stroma,IL27RA,-0.27452856,-0.121107586,0.7836784538221521,0.9992357540704399
Fibroblasts,Vascular stroma,EZH2,0.22606604,0.12096528,0.8211500643040935,0.9992357540704399
Fibroblasts,Vascular stroma,TLR8,-0.29529223,-0.12082783,0.76777064194583,0.9992357540704399
Fibroblasts,Vascular stroma,COL5A1,-1.1764923,-0.120613225,0.23939820686844293,0.9992357540704399
Fibroblasts,Vascular stroma,IFNGR2,-0.46510217,-0.119646534,0.6418582977326491,0.9992357540704399
Fibroblasts,Vascular stroma,LCN2,0.15228353,0.118252054,0.87896331119877,0.9992357540704399
Fibroblasts,Vascular stroma,BMP4,-0.29881218,-0.11783777,0.7650833607109517,0.9992357540704399
Fibroblasts,Vascular stroma,KRAS,-0.3617941,-0.11776872,0.7175058974403963,0.9992357540704399
Fibroblasts,Vascular stroma,CCL3L3,-0.32046303,-0.11734754,0.7486173504374085,0.9992357540704399
Fibroblasts,Vascular stroma,TPM2,-1.0940499,-0.11693879,0.2739330557415073,0.9992357540704399
Fibroblasts,Vascular stroma,SERPINA3,0.22695844,0.11665967,0.8204560552524796,0.9992357540704399
Fibroblasts,Vascular stroma,CD80,-0.11930609,-0.1165457,0.90503286306911,0.9992357540704399
Fibroblasts,Vascular stroma,TTR,-0.14086273,-0.11550517,0.8879783878823295,0.9992357540704399
Fibroblasts,Vascular stroma,GZMH,0.2053416,0.11549472,0.8373052364846116,0.9992357540704399
Fibroblasts,Vascular stroma,FZD5,0.14995174,0.11451775,0.8808026885366036,0.9992357540704399
Fibroblasts,Vascular stroma,CSF3R,0.06877085,0.1144187,0.9451720252562126,0.9992357540704399
Fibroblasts,Vascular stroma,EGF,-0.21876708,-0.11402431,0.8268314939035318,0.9992357540704399
Fibroblasts,Vascular stroma,CXCL5,-0.13665451,-0.114000246,0.8913038875012314,0.9992357540704399
Fibroblasts,Vascular stroma,ERBB2,-0.3722178,-0.11280259,0.7097306821067813,0.9992357540704399
Fibroblasts,Vascular stroma,FZD8,-0.26316795,-0.11270216,0.7924211314582714,0.9992357540704399
Fibroblasts,Vascular stroma,CD53,-0.357879,-0.11232561,0.7204338681889035,0.9992357540704399
Fibroblasts,Vascular stroma,FCGBP,0.10464799,0.112297006,0.9166551360187767,0.9992357540704399
Fibroblasts,Vascular stroma,RAD51,0.06312849,0.112192184,0.9496641917798657,0.9992357540704399
Fibroblasts,Vascular stroma,PLA2R1,0.3578921,0.1115652,0.7204240753309822,0.9992357540704399
Fibroblasts,Vascular stroma,KRT13,0.16097476,0.11141238,0.8721132815420063,0.9992357540704399
Fibroblasts,Vascular stroma,BTK,-0.23592445,-0.111184,0.8134912885486049,0.9992357540704399
Fibroblasts,Vascular stroma,BIRC5,-0.32020918,-0.11111775,0.7488097664615578,0.9992357540704399
Fibroblasts,Vascular stroma,IL15,-0.22792937,-0.11080379,0.8197011493462145,0.9992357540704399
Fibroblasts,Vascular stroma,MMP7,0.33099142,0.11065846,0.7406509631186516,0.9992357540704399
Fibroblasts,Vascular stroma,CSF2RB,0.12995225,0.10980464,0.8966042092591339,0.9992357540704399
Fibroblasts,Vascular stroma,ADGRA2,0.37897766,0.109724835,0.7047044556103093,0.9992357540704399
Fibroblasts,Vascular stroma,LIF,0.6195631,0.10971808,0.5355454785882721,0.9992357540704399
Fibroblasts,Vascular stroma,CAV1,-0.61083263,-0.109683625,0.541310407208871,0.9992357540704399
Fibroblasts,Vascular stroma,SRGN,-0.64111185,-0.10952401,0.5214500004141405,0.9992357540704399
Fibroblasts,Vascular stroma,POU5F1,-0.15493722,-0.10927629,0.87687080811176,0.9992357540704399
Fibroblasts,Vascular stroma,S100A9,0.50672114,0.109272815,0.6123505154487855,0.9992357540704399
Fibroblasts,Vascular stroma,TGFBR2,0.67819023,0.10892729,0.4976510795238017,0.9992357540704399
Fibroblasts,Vascular stroma,ITGA9,0.42548263,0.10858398,0.6704848747916113,0.9992357540704399
Fibroblasts,Vascular stroma,TOX,-0.22986338,-0.10807446,0.8181979403192138,0.9992357540704399
Fibroblasts,Vascular stroma,ITGAX,-0.16697827,-0.10773721,0.8673871459789779,0.9992357540704399
Fibroblasts,Vascular stroma,GDF6,0.14682175,0.107278466,0.8832727163158867,0.9992357540704399
Fibroblasts,Vascular stroma,TLR2,-0.34204847,-0.106883794,0.732314422288179,0.9992357540704399
Fibroblasts,Vascular stroma,TNFRSF19,-0.5755129,-0.10679435,0.5649444734421822,0.9992357540704399
Fibroblasts,Vascular stroma,EIF5A,-0.95694274,-0.10650757,0.3385961640871076,0.9992357540704399
Fibroblasts,Vascular stroma,IL17B,0.17230397,0.10641925,0.8631985647382447,0.9992357540704399
Fibroblasts,Vascular stroma,COL4A5,0.4008431,0.10638678,0.6885356360302312,0.9992357540704399
Fibroblasts,Vascular stroma,SEC61G,-0.32002336,-0.106383644,0.7489506169716794,0.9992357540704399
Fibroblasts,Vascular stroma,SQSTM1,1.2529364,0.10620934,0.21022887600053086,0.9992357540704399
Fibroblasts,Vascular stroma,CD84,-0.07358622,-0.105560035,0.941339638155659,0.9992357540704399
Fibroblasts,Vascular stroma,SOX9,0.2640185,0.105250254,0.7917656690750706,0.9992357540704399
Fibroblasts,Vascular stroma,NPPB,-0.13938932,-0.104435086,0.8891425051188379,0.9992357540704399
Fibroblasts,Vascular stroma,TNFRSF9,-0.14681913,-0.10440187,0.8832747820348521,0.9992357540704399
Fibroblasts,Vascular stroma,TNFRSF21,0.22046293,0.10357112,0.8255106426959505,0.9992357540704399
Fibroblasts,Vascular stroma,LINC02446,-0.26146165,-0.10332457,0.7937365318489231,0.9992357540704399
Fibroblasts,Vascular stroma,CDKN1A,1.0147926,0.10318208,0.31020469197886247,0.9992357540704399
Fibroblasts,Vascular stroma,KRT8,0.41248637,0.1031328,0.6799829705503142,0.9992357540704399
Fibroblasts,Vascular stroma,DNMT3A,-0.31418473,-0.10207671,0.7533807410999835,0.9992357540704399
Fibroblasts,Vascular stroma,GDF3,-0.18336362,-0.102012925,0.8545127169626947,0.9992357540704399
Fibroblasts,Vascular stroma,CD2,-0.35752046,-0.101707384,0.7207022103339349,0.9992357540704399
Fibroblasts,Vascular stroma,COTL1,-0.40994784,-0.101284705,0.681844218628731,0.9992357540704399
Fibroblasts,Vascular stroma,ELANE,0.15986775,0.10038145,0.8729852568390928,0.9992357540704399
Fibroblasts,Vascular stroma,TNFRSF10B,0.3965747,0.10013832,0.6916811104986459,0.9992357540704399
Fibroblasts,Vascular stroma,NEAT1,2.1098685,0.099972986,0.03486968496521979,0.4132703403285308
Fibroblasts,Vascular stroma,RAC2,-0.41805807,-0.099709004,0.6759046622820979,0.9992357540704399
Fibroblasts,Vascular stroma,RXRA,0.23897594,0.0986862,0.8111242399133862,0.9992357540704399
Fibroblasts,Vascular stroma,CFLAR,-0.3626996,-0.09854819,0.7168292950376164,0.9992357540704399
Fibroblasts,Vascular stroma,PDGFRA,0.620008,0.09853776,0.5352525327224387,0.9992357540704399
Fibroblasts,Vascular stroma,IL2RA,0.27050617,0.09794787,0.786770878405525,0.9992357540704399
Fibroblasts,Vascular stroma,ALCAM,0.14435649,0.09793905,0.8852189734428009,0.9992357540704399
Fibroblasts,Vascular stroma,CCL3,-0.29977262,-0.09741945,0.7643505918671842,0.9992357540704399
Fibroblasts,Vascular stroma,ITGB4,0.12353785,0.09724719,0.9016812000298976,0.9992357540704399
Fibroblasts,Vascular stroma,RSPO3,0.08615853,0.09714589,0.9313403988908571,0.9992357540704399
Fibroblasts,Vascular stroma,P2RX5,-0.0908823,-0.097111106,0.9275861126244515,0.9992357540704399
Fibroblasts,Vascular stroma,TYROBP,-0.36270747,-0.09692339,0.7168234295136413,0.9992357540704399
Fibroblasts,Vascular stroma,CXCR5,-0.01828533,0.09654315,0.9854112306592794,0.9992357540704399
Fibroblasts,Vascular stroma,NDRG1,-0.44006747,-0.0959175,0.6598882489045031,0.9992357540704399
Fibroblasts,Vascular stroma,ACKR1,0.101667166,0.095826104,0.9190208645690977,0.9992357540704399
Fibroblasts,Vascular stroma,RPL21,-0.9324838,-0.095653,0.35108656790951387,0.9992357540704399
Fibroblasts,Vascular stroma,TNFRSF18,0.23495091,0.095537946,0.8142468301303041,0.9992357540704399
Fibroblasts,Vascular stroma,ITGAV,-0.7401175,-0.09549529,0.4592287010916182,0.9992357540704399
Fibroblasts,Vascular stroma,NLRP1,0.1560076,0.09527858,0.8760270332322835,0.9992357540704399
Fibroblasts,Vascular stroma,IL24,-0.14256643,-0.09489234,0.8866326140491674,0.9992357540704399
Fibroblasts,Vascular stroma,RB1,-0.23977414,-0.09450655,0.8105053558236864,0.9992357540704399
Fibroblasts,Vascular stroma,SMARCB1,0.37105322,0.094301365,0.7105978860752207,0.9992357540704399
Fibroblasts,Vascular stroma,BMPR1A,0.2610298,0.093279146,0.7940695101266053,0.9992357540704399
Fibroblasts,Vascular stroma,NRG4,-0.0809663,-0.09243628,0.9354687538356894,0.9992357540704399
Fibroblasts,Vascular stroma,ADGRG6,-0.17905073,-0.09226078,0.857897873386953,0.9992357540704399
Fibroblasts,Vascular stroma,GNLY,-0.22075342,-0.091930635,0.8252844352073363,0.9992357540704399
Fibroblasts,Vascular stroma,LPAR5,-0.13163762,-0.091508165,0.8952709238515663,0.9992357540704399
Fibroblasts,Vascular stroma,SMO,0.41836163,0.091132015,0.6756827245403245,0.9992357540704399
Fibroblasts,Vascular stroma,CLEC2B,-0.117450595,-0.09113049,0.9065029916171032,0.9992357540704399
Fibroblasts,Vascular stroma,CD55,-0.30395728,-0.09081291,0.7611604257283031,0.9992357540704399
Fibroblasts,Vascular stroma,PRSS2,0.14135997,0.09051264,0.8875855785596332,0.9992357540704399
Fibroblasts,Vascular stroma,ATM,-0.2821756,-0.090034686,0.7778088767600744,0.9992357540704399
Fibroblasts,Vascular stroma,DDC,0.1299915,0.09002475,0.8965731511384036,0.9992357540704399
Fibroblasts,Vascular stroma,CXCR1,-0.018547034,0.089939594,0.985202455671301,0.9992357540704399
Fibroblasts,Vascular stroma,MMP14,0.8541345,0.08943934,0.3930304557551928,0.9992357540704399
Fibroblasts,Vascular stroma,TNFSF9,-0.3395832,-0.08940753,0.7341704313386543,0.9992357540704399
Fibroblasts,Vascular stroma,EFNB2,0.09699311,0.08821823,0.9227318623977208,0.9992357540704399
Fibroblasts,Vascular stroma,IL1B,-0.14501598,-0.08781035,0.8846982503179269,0.9992357540704399
Fibroblasts,Vascular stroma,COL6A3,0.25815105,-0.087599196,0.7962903217223303,0.9992357540704399
Fibroblasts,Vascular stroma,HBA1,0.06816107,0.087535866,0.9456574144830232,0.9992357540704399
Fibroblasts,Vascular stroma,IL18R1,0.1551178,0.08747187,0.8767284499436098,0.9992357540704399
Fibroblasts,Vascular stroma,EPHB6,-0.22330505,-0.08729353,0.8232981028561032,0.9992357540704399
Fibroblasts,Vascular stroma,APP,-0.7335487,-0.08728598,0.4632238341131125,0.9992357540704399
Fibroblasts,Vascular stroma,IL6R,-0.31141588,-0.08703164,0.75548447640838,0.9992357540704399
Fibroblasts,Vascular stroma,PTGS1,-0.17584223,-0.087023824,0.8604178994679741,0.9992357540704399
Fibroblasts,Vascular stroma,IL10,-0.17773697,-0.08699174,0.8589295539048758,0.9992357540704399
Fibroblasts,Vascular stroma,CCL4,-0.046235427,-0.08649281,0.9631226068387857,0.9992357540704399
Fibroblasts,Vascular stroma,ETS1,0.26429066,0.08646947,0.7915559521743134,0.9992357540704399
Fibroblasts,Vascular stroma,EGFR,0.28293976,0.08631873,0.7772230109244853,0.9992357540704399
Fibroblasts,Vascular stroma,CD52,-0.28475076,-0.08627675,0.7758350954846006,0.9992357540704399
Fibroblasts,Vascular stroma,IL11,-0.3589075,-0.086266115,0.7196642895311631,0.9992357540704399
Fibroblasts,Vascular stroma,TNFRSF10D,0.16508615,0.08582983,0.8688761789631574,0.9992357540704399
Fibroblasts,Vascular stroma,ITGA6,-0.091581054,-0.08552005,0.9270309042554984,0.9992357540704399
Fibroblasts,Vascular stroma,AREG,0.046787623,0.08540565,0.9626824932217835,0.9992357540704399
Fibroblasts,Vascular stroma,WNT3,0.18679719,0.08507708,0.8518196483498468,0.9992357540704399
Fibroblasts,Vascular stroma,CXCR3,-0.1707128,-0.084898815,0.864449596214105,0.9992357540704399
Fibroblasts,Vascular stroma,ARG1,-0.08469298,-0.08456247,0.932505478117607,0.9992357540704399
Fibroblasts,Vascular stroma,IL12RB1,-0.07974414,-0.084404655,0.9364407551625223,0.9992357540704399
Fibroblasts,Vascular stroma,HBB,0.1438069,0.083753236,0.8856529472605946,0.9992357540704399
Fibroblasts,Vascular stroma,LGALS3,-0.71352303,-0.08269578,0.47552216393617963,0.9992357540704399
Fibroblasts,Vascular stroma,GPX1,-0.7230779,-0.08266099,0.46963203469652604,0.9992357540704399
Fibroblasts,Vascular stroma,MXRA8,-0.74029285,-0.08179683,0.4591223232579017,0.9992357540704399
Fibroblasts,Vascular stroma,IRF3,0.5758662,0.081582434,0.5647056267230548,0.9992357540704399
Fibroblasts,Vascular stroma,NPPC,-0.5507739,-0.08153255,0.5817886660423954,0.9992357540704399
Fibroblasts,Vascular stroma,GCG,0.120117374,0.08068277,0.904390172565939,0.9992357540704399
Fibroblasts,Vascular stroma,IFIH1,-0.28930706,-0.08034059,0.7723464186820499,0.9992357540704399
Fibroblasts,Vascular stroma,WNT10B,0.19342618,0.080248915,0.8466252134872361,0.9992357540704399
Fibroblasts,Vascular stroma,IFNAR2,0.1914634,0.0799604,0.8481625582206713,0.9992357540704399
Fibroblasts,Vascular stroma,FGFR1,-0.6651181,-0.078981,0.505974974606967,0.9992357540704399
Fibroblasts,Vascular stroma,IL23A,-0.21993951,-0.078727536,0.8259182603126597,0.9992357540704399
Fibroblasts,Vascular stroma,PNOC,0.0640366,0.07844975,0.9489410828821742,0.9992357540704399
Fibroblasts,Vascular stroma,DDX58,-0.23059876,-0.07771469,0.8176265297822047,0.9992357540704399
Fibroblasts,Vascular stroma,SMAD3,0.21064375,0.07736146,0.833165267643644,0.9992357540704399
Fibroblasts,Vascular stroma,TSLP,-0.03043106,-0.07701211,0.9757232742122031,0.9992357540704399
Fibroblasts,Vascular stroma,HSP90AA1,-0.5148392,-0.076599956,0.6066653893646802,0.9992357540704399
Fibroblasts,Vascular stroma,UBE2C,0.27646255,0.07570925,0.7821928072960656,0.9992357540704399
Fibroblasts,Vascular stroma,ITGA3,-0.18466169,-0.07468291,0.8534944046044567,0.9992357540704399
Fibroblasts,Vascular stroma,BMP1,0.34202752,0.074493006,0.7323301780007341,0.9992357540704399
Fibroblasts,Vascular stroma,DUSP4,-0.033116154,0.0742071,0.973581961367388,0.9992357540704399
Fibroblasts,Vascular stroma,CALM3,0.2867371,0.07383915,0.774313623916442,0.9992357540704399
Fibroblasts,Vascular stroma,CD58,0.160399,0.07357148,0.8725667718283439,0.9992357540704399
Fibroblasts,Vascular stroma,CASP8,0.20728084,0.07355965,0.8357905333193187,0.9992357540704399
Fibroblasts,Vascular stroma,HDAC1,0.17017107,0.07337412,0.8648756007562979,0.9992357540704399
Fibroblasts,Vascular stroma,CPA3,-0.033233922,0.07270868,0.9734880483833459,0.9992357540704399
Fibroblasts,Vascular stroma,KLRK1,-0.1002906,-0.072465844,0.9201136216585947,0.9992357540704399
Fibroblasts,Vascular stroma,TNFSF4,0.08247634,0.072053,0.9342679344316857,0.9992357540704399
Fibroblasts,Vascular stroma,BMP5,-0.3296855,-0.0718275,0.7416375986816194,0.9992357540704399
Fibroblasts,Vascular stroma,IL20,-0.15452896,-0.07129391,0.8771926760364409,0.9992357540704399
Fibroblasts,Vascular stroma,PF4,-0.06213924,-0.07060757,0.9504519483404383,0.9992357540704399
Fibroblasts,Vascular stroma,CYTOR,0.4964204,0.07002351,0.6195978337619539,0.9992357540704399
Fibroblasts,Vascular stroma,RARRES1,-0.5043631,-0.069470696,0.6140062087555508,0.9992357540704399
Fibroblasts,Vascular stroma,CD36,-0.16423821,-0.06851833,0.8695436147083836,0.9992357540704399
Fibroblasts,Vascular stroma,ADGRF3,-0.11605309,-0.06803577,0.9076104652749551,0.9992357540704399
Fibroblasts,Vascular stroma,CFD,0.2223315,0.06761178,0.8240558322182963,0.9992357540704399
Fibroblasts,Vascular stroma,HMGN2,-0.16961625,-0.06759181,0.8653119359704339,0.9992357540704399
Fibroblasts,Vascular stroma,XBP1,0.27009267,0.06711866,0.7870889640262956,0.9992357540704399
Fibroblasts,Vascular stroma,CCL26,0.112582885,0.06709414,0.9103612563932608,0.9992357540704399
Fibroblasts,Vascular stroma,KRT86,-0.14566763,-0.06708527,0.8841837751895868,0.9992357540704399
Fibroblasts,Vascular stroma,CLEC4E,0.065735064,0.066472456,0.9475887533476227,0.9992357540704399
Fibroblasts,Vascular stroma,UCP1,-0.062720224,-0.066348456,0.9499892917441041,0.9992357540704399
Fibroblasts,Vascular stroma,S100B,-0.24137315,-0.06587298,0.8092659151678296,0.9992357540704399
Fibroblasts,Vascular stroma,CCRL2,0.017740984,0.0655541,0.9858454858180004,0.9992357540704399
Fibroblasts,Vascular stroma,EPHB2,-0.2026539,-0.06541169,0.8394055582502057,0.9992357540704399
Fibroblasts,Vascular stroma,ENTPD1,-0.26328573,-0.0652964,0.7923303663664751,0.9992357540704399
Fibroblasts,Vascular stroma,TNFRSF1A,-0.5756961,-0.06519882,0.5648206209310986,0.9992357540704399
Fibroblasts,Vascular stroma,CLEC4A,-0.20869929,-0.064771235,0.8346829979452333,0.9992357540704399
Fibroblasts,Vascular stroma,CD86,-0.09985093,-0.06432651,0.9204626710191879,0.9992357540704399
Fibroblasts,Vascular stroma,DPP4,-0.042192083,-0.06432194,0.9663455734931952,0.9992357540704399
Fibroblasts,Vascular stroma,CD63,0.89131755,0.06348805,0.37275882256565085,0.9992357540704399
Fibroblasts,Vascular stroma,CIITA,-0.21863884,-0.06268961,0.8269313930617455,0.9992357540704399
Fibroblasts,Vascular stroma,KITLG,0.073293105,0.06253812,0.941572875978036,0.9992357540704399
Fibroblasts,Vascular stroma,ACVRL1,-0.16097476,-0.062306352,0.8721132815420063,0.9992357540704399
Fibroblasts,Vascular stroma,CCL23,-0.05018979,-0.062267635,0.9599711486597151,0.9992357540704399
Fibroblasts,Vascular stroma,COL27A1,0.27662483,0.062208477,0.7820682018105206,0.9992357540704399
Fibroblasts,Vascular stroma,COL5A2,-0.4877501,-0.061767533,0.6257268499950039,0.9992357540704399
Fibroblasts,Vascular stroma,CD38,-0.09184799,-0.061424255,0.9268188115461014,0.9992357540704399
Fibroblasts,Vascular stroma,ITK,0.09112045,0.061336577,0.9273968803297309,0.9992357540704399
Fibroblasts,Vascular stroma,ICAM2,-0.16894107,-0.061097,0.8658430030757411,0.9992357540704399
Fibroblasts,Vascular stroma,LTF,-0.05262103,-0.060879245,0.9580338619122107,0.9992357540704399
Fibroblasts,Vascular stroma,IL17RA,-0.21004969,-0.060533643,0.8336288961444015,0.9992357540704399
Fibroblasts,Vascular stroma,ADGRL1,0.0023553453,0.06036834,0.9981207081808371,0.9992357540704399
Fibroblasts,Vascular stroma,ADGRE2,-0.11323453,-0.059289616,0.9098446221598032,0.9992357540704399
Fibroblasts,Vascular stroma,GSTP1,-0.44551092,-0.058601163,0.6559505669213076,0.9992357540704399
Fibroblasts,Vascular stroma,PSCA,-0.05774783,-0.058598146,0.9539494945790001,0.9992357540704399
Fibroblasts,Vascular stroma,EPHA2,-0.19234796,-0.058114387,0.8474696563250804,0.9992357540704399
Fibroblasts,Vascular stroma,IFNB1,-0.11605833,-0.0565449,0.9076063170970823,0.9992357540704399
Fibroblasts,Vascular stroma,PIGR,0.047816124,0.056078345,0.9618627859519931,0.9992357540704399
Fibroblasts,Vascular stroma,NFKB1,-0.21881418,-0.05597923,0.8267947969573282,0.9992357540704399
Fibroblasts,Vascular stroma,BGN,1.1029061,-0.055175316,0.2700679518014206,0.9992357540704399
Fibroblasts,Vascular stroma,CD3D,-0.13640851,-0.054920327,0.8914983483415205,0.9992357540704399
Fibroblasts,Vascular stroma,HMGB2,0.12847623,0.054909088,0.8977721091583126,0.9992357540704399
Fibroblasts,Vascular stroma,KRT18,-0.1496534,-0.054217823,0.8810380763665165,0.9992357540704399
Fibroblasts,Vascular stroma,GZMB,-0.038180146,-0.05401401,0.9695440510165346,0.9992357540704399
Fibroblasts,Vascular stroma,DDR2,-0.20531282,-0.053904332,0.8373277265144811,0.9992357540704399
Fibroblasts,Vascular stroma,RPL34,-0.4452937,-0.05319947,0.6561075134943851,0.9992357540704399
Fibroblasts,Vascular stroma,NRG1,0.113815516,0.05297063,0.9093840406434762,0.9992357540704399
Fibroblasts,Vascular stroma,BMX,0.060184304,0.05284677,0.95200884702616,0.9992357540704399
Fibroblasts,Vascular stroma,TNFRSF14,0.23985788,0.05276989,0.8104404305809135,0.9992357540704399
Fibroblasts,Vascular stroma,CIDEA,0.08132745,0.05259417,0.9351815426665291,0.9992357540704399
Fibroblasts,Vascular stroma,LGALS3BP,-0.50536025,-0.052296724,0.6133058356984793,0.9992357540704399
Fibroblasts,Vascular stroma,TCL1A,0.11807607,0.052159373,0.906007383321214,0.9992357540704399
Fibroblasts,Vascular stroma,TBX21,0.11311414,0.05212504,0.9099400617644097,0.9992357540704399
Fibroblasts,Vascular stroma,INHA,-0.11342295,-0.05132336,0.9096952410431907,0.9992357540704399
Fibroblasts,Vascular stroma,NKG7,-0.04651545,-0.05117243,0.9628994198477813,0.9992357540704399
Fibroblasts,Vascular stroma,NPR3,-0.09943482,-0.05068584,0.9207930354225121,0.9992357540704399
Fibroblasts,Vascular stroma,DNTT,-0.02279189,0.050584104,0.9818162770131458,0.9992357540704399
Fibroblasts,Vascular stroma,IFNAR1,-0.1706814,-0.050181273,0.8644742910550716,0.9992357540704399
Fibroblasts,Vascular stroma,NRXN1,-0.04039417,-0.050080966,0.9677788782143343,0.9992357540704399
Fibroblasts,Vascular stroma,HIF1A,-0.29640973,-0.049763903,0.7669172008560382,0.9992357540704399
Fibroblasts,Vascular stroma,MTOR,-0.07559873,-0.049742285,0.9397383475087937,0.9992357540704399
Fibroblasts,Vascular stroma,CCL7,0.07401279,0.049396623,0.9410002028185322,0.9992357540704399
Fibroblasts,Vascular stroma,FLT3LG,-0.22584881,-0.04869236,0.8213190085376679,0.9992357540704399
Fibroblasts,Vascular stroma,MAML2,0.029687818,0.04849936,0.9763160278632584,0.9992357540704399
Fibroblasts,Vascular stroma,NLRC4,-0.023668602,-0.048445743,0.9811169509307652,0.9992357540704399
Fibroblasts,Vascular stroma,BST1,0.057656232,0.047912266,0.9540224566516312,0.9992357540704399
Fibroblasts,Vascular stroma,VHL,0.16725568,0.047900498,0.8671688762681824,0.9992357540704399
Fibroblasts,Vascular stroma,G6PD,0.064811245,0.047754046,0.9483242854478496,0.9992357540704399
Fibroblasts,Vascular stroma,IGKC,-0.38404164,-0.04686938,0.700947578486872,0.9992357540704399
Fibroblasts,Vascular stroma,BID,-0.07454144,-0.046502013,0.9405795677678153,0.9992357540704399
Fibroblasts,Vascular stroma,H4C3,0.313889,0.045707706,0.753605344166049,0.9992357540704399
Fibroblasts,Vascular stroma,CXCL8,0.0017743601,0.045510586,0.9985842662634367,0.9992357540704399
Fibroblasts,Vascular stroma,KRT15,-0.22031637,-0.04530697,0.8256247708922411,0.9992357540704399
Fibroblasts,Vascular stroma,SPINK1,0.031836417,0.04526401,0.9746025057996373,0.9992357540704399
Fibroblasts,Vascular stroma,DNMT1,-0.2281021,-0.045149114,0.819566870899062,0.9992357540704399
Fibroblasts,Vascular stroma,TUBB4B,-0.123632066,-0.04497106,0.9016066001594252,0.9992357540704399
Fibroblasts,Vascular stroma,CXCR2,-0.053052843,0.044843238,0.9576898053566687,0.9992357540704399
Fibroblasts,Vascular stroma,CSF1R,-0.046536386,-0.044685684,0.9628827330865345,0.9992357540704399
Fibroblasts,Vascular stroma,CASP3,-0.09556421,-0.043738965,0.9238666951400704,0.9992357540704399
Fibroblasts,Vascular stroma,C1QA,-0.22142076,-0.04368214,0.8247648243238607,0.9992357540704399
Fibroblasts,Vascular stroma,SOD1,0.18416443,0.04338512,0.8538844551864518,0.9992357540704399
Fibroblasts,Vascular stroma,ITM2A,0.054165088,0.043082822,0.9568036355291288,0.9992357540704399
Fibroblasts,Vascular stroma,GDNF,-0.053801317,-0.04209788,0.9570934593687231,0.9992357540704399
Fibroblasts,Vascular stroma,TIE1,0.06814537,0.041450404,0.945669914043635,0.9992357540704399
Fibroblasts,Vascular stroma,INHBB,-0.14478831,-0.041414082,0.8848780181605194,0.9992357540704399
Fibroblasts,Vascular stroma,RARG,0.15647866,0.040083207,0.8756557343547717,0.9992357540704399
Fibroblasts,Vascular stroma,LUM,-0.06054022,-0.039621357,0.9517253817782599,0.9992357540704399
Fibroblasts,Vascular stroma,CD27,0.040237147,0.038991135,0.9679040626755475,0.9992357540704399
Fibroblasts,Vascular stroma,IDO1,-0.18858464,-0.038582906,0.8504183741484088,0.9992357540704399
Fibroblasts,Vascular stroma,CYP19A1,-0.08968631,-0.038551375,0.9285364947660184,0.9992357540704399
Fibroblasts,Vascular stroma,EFNA1,-0.039412778,-0.03845854,0.9685612940016141,0.9992357540704399
Fibroblasts,Vascular stroma,CCL2,-0.17698848,-0.038314726,0.8595174319229166,0.9992357540704399
Fibroblasts,Vascular stroma,QRFPR,-0.049954254,-0.038258273,0.9601588425736354,0.9992357540704399
Fibroblasts,Vascular stroma,IL3RA,0.0030855022,-0.038183678,0.9975381293469299,0.9992357540704399
Fibroblasts,Vascular stroma,CTLA4,0.08283487,0.03715493,0.9339828397332789,0.9992357540704399
Fibroblasts,Vascular stroma,PHLDA2,0.060909227,0.036827944,0.9514315014631898,0.9992357540704399
Fibroblasts,Vascular stroma,CXCL2,0.07520094,0.03646293,0.940054838380899,0.9992357540704399
Fibroblasts,Vascular stroma,CTSG,-0.12392518,-0.036302723,0.9013745172332606,0.9992357540704399
Fibroblasts,Vascular stroma,RXRB,0.04077364,0.036283698,0.9674763523838297,0.9992357540704399
Fibroblasts,Vascular stroma,HDAC4,0.0741201,0.035349425,0.9409148250623004,0.9992357540704399
Fibroblasts,Vascular stroma,ATG5,-0.06773188,-0.035115294,0.9459990739439452,0.9992357540704399
Fibroblasts,Vascular stroma,TSC22D1,0.08706403,0.03445504,0.9306206197337276,0.9992357540704399
Fibroblasts,Vascular stroma,CD79A,-0.02086836,-0.034309387,0.9833506675275691,0.9992357540704399
Fibroblasts,Vascular stroma,CD5L,0.031009428,0.034186725,0.9752620209466543,0.9992357540704399
Fibroblasts,Vascular stroma,LEFTY2,0.009405678,0.034154236,0.9924954650471347,0.9992357540704399
Fibroblasts,Vascular stroma,MEG3,0.40002134,0.03304413,0.6891407860714276,0.9992357540704399
Fibroblasts,Vascular stroma,ITGA2,0.06890432,0.032884154,0.9450657839713114,0.9992357540704399
Fibroblasts,Vascular stroma,CD69,-0.028811106,-0.03256251,0.9770152435004752,0.9992357540704399
Fibroblasts,Vascular stroma,SYK,-0.046135977,-0.032375995,0.9632018702047302,0.9992357540704399
Fibroblasts,Vascular stroma,LEP,-0.12572832,-0.032358453,0.8999469789881488,0.9992357540704399
Fibroblasts,Vascular stroma,YBX3,0.13816193,0.031832565,0.8901124408603108,0.9992357540704399
Fibroblasts,Vascular stroma,ADORA2A,-0.090704344,-0.03180652,0.9277275196509177,0.9992357540704399
Fibroblasts,Vascular stroma,IL17A,0.01657378,-0.031223815,0.9867766430625966,0.9992357540704399
Fibroblasts,Vascular stroma,HCST,0.109568045,0.031055396,0.9127519577158917,0.9992357540704399
Fibroblasts,Vascular stroma,GDF10,0.02570205,0.030992977,0.9794949886985056,0.9992357540704399
Fibroblasts,Vascular stroma,STMN1,0.002755754,-0.030813921,0.9978012293215532,0.9992357540704399
Fibroblasts,Vascular stroma,HSD3B2,-0.078527205,0.030709218,0.9374086878732406,0.9992357540704399
Fibroblasts,Vascular stroma,CAMP,-0.13696332,-0.030515872,0.8910597863399061,0.9992357540704399
Fibroblasts,Vascular stroma,JAK1,-0.1143808,-0.030402351,0.9089359365063746,0.9992357540704399
Fibroblasts,Vascular stroma,CSF2RA,0.1805058,0.03013864,0.8567554985657957,0.9992357540704399
Fibroblasts,Vascular stroma,IL17RB,-0.07494185,-0.02994748,0.940260978977651,0.9992357540704399
Fibroblasts,Vascular stroma,H2AZ1,0.08269093,0.029337335,0.9340972927940598,0.9992357540704399
Fibroblasts,Vascular stroma,IGF1R,0.015977092,0.029291006,0.9872526677053753,0.9992357540704399
Fibroblasts,Vascular stroma,HDAC3,-0.05479318,-0.028794013,0.9563032337304165,0.9992357540704399
Fibroblasts,Vascular stroma,IL12B,-0.051568974,-0.028690493,0.9588721413913871,0.9992357540704399
Fibroblasts,Vascular stroma,IL1R1,0.32816762,0.028593952,0.7427849233402284,0.9992357540704399
Fibroblasts,Vascular stroma,CCL8,-0.036484297,-0.0281243,0.9708961996459078,0.9992357540704399
Fibroblasts,Vascular stroma,NCR1,-0.09794049,-0.027746448,0.9219795506919888,0.9992357540704399
Fibroblasts,Vascular stroma,EFNB1,-0.026044883,-0.027586628,0.9792215386261566,0.9992357540704399
Fibroblasts,Vascular stroma,FES,-0.12788215,-0.027421366,0.8982422308146202,0.9992357540704399
Fibroblasts,Vascular stroma,MKI67,-0.100162365,-0.027406469,0.9202154261352321,0.9992357540704399
Fibroblasts,Vascular stroma,ADGRG1,-0.007149781,-0.027232522,0.994295348606293,0.9992357540704399
Fibroblasts,Vascular stroma,TOP2A,-0.06576385,-0.02708575,0.9475658337982409,0.9992357540704399
Fibroblasts,Vascular stroma,JCHAIN,-0.12230261,-0.02708078,0.9026593672974059,0.9992357540704399
Fibroblasts,Vascular stroma,BAX,0.13288072,0.026760528,0.8942877116675877,0.9992357540704399
Fibroblasts,Vascular stroma,RUNX3,0.06706453,0.026713876,0.9465303324449752,0.9992357540704399
Fibroblasts,Vascular stroma,SMAD4,0.00095784036,-0.025938317,0.9992357540704399,0.9992357540704399
Fibroblasts,Vascular stroma,NR3C1,-0.04957478,-0.025712142,0.9604612429645494,0.9992357540704399
Fibroblasts,Vascular stroma,GPER1,-0.08990876,-0.025683725,0.9283597200890732,0.9992357540704399
Fibroblasts,Vascular stroma,P2RY12,0.10514522,0.025553968,0.916260573001485,0.9992357540704399
Fibroblasts,Vascular stroma,VIM,0.26395306,0.025044417,0.791816084038931,0.9992357540704399
Fibroblasts,Vascular stroma,MECOM,-0.13130003,-0.024937112,0.8955379714270515,0.9992357540704399
Fibroblasts,Vascular stroma,IFNA1,0.017091954,-0.024230814,0.9863632570543933,0.9992357540704399
Fibroblasts,Vascular stroma,IGHA1,-0.2227921,-0.024033228,0.8236973161201024,0.9992357540704399
Fibroblasts,Vascular stroma,CCL18,-0.0042971964,-0.02397998,0.9965713438630718,0.9992357540704399
Fibroblasts,Vascular stroma,CLEC10A,-0.052783284,-0.023943683,0.9579045791346377,0.9992357540704399
Fibroblasts,Vascular stroma,RNF43,0.09735165,0.023867143,0.9224471395796734,0.9992357540704399
Fibroblasts,Vascular stroma,CASR,-0.07766096,-0.023808094,0.9380977458786753,0.9992357540704399
Fibroblasts,Vascular stroma,CLEC7A,-0.018709293,0.023392024,0.9850730156867548,0.9992357540704399
Fibroblasts,Vascular stroma,PSAP,-0.16721119,-0.023156723,0.8672038811064283,0.9992357540704399
Fibroblasts,Vascular stroma,ITGAL,0.045897827,0.023047518,0.9633916865841413,0.9992357540704399
Fibroblasts,Vascular stroma,HPGDS,0.060466945,0.022992143,0.9517837417723474,0.9992357540704399
Fibroblasts,Vascular stroma,SNAI1,-0.090861365,-0.022687262,0.9276027486265952,0.9992357540704399
Fibroblasts,Vascular stroma,IL10RB,0.099691294,0.022305878,0.9205894129755485,0.9992357540704399
Fibroblasts,Vascular stroma,PROKR1,-0.03864598,0.021779686,0.969172642635854,0.9992357540704399
Fibroblasts,Vascular stroma,FGF12,0.06759841,0.021607133,0.9461053237306697,0.9992357540704399
Fibroblasts,Vascular stroma,TNFRSF1B,-0.14917709,-0.02139427,0.8814138927468709,0.9992357540704399
Fibroblasts,Vascular stroma,IL17D,-0.08647519,-0.021181036,0.9310886777991496,0.9992357540704399
Fibroblasts,Vascular stroma,LDLR,-0.10927755,-0.0210618,0.9129823538104691,0.9992357540704399
Fibroblasts,Vascular stroma,RPL32,-0.18897457,-0.021017896,0.8501127415004639,0.9992357540704399
Fibroblasts,Vascular stroma,LEFTY1,0.0075423387,0.020811,0.9939821414666711,0.9992357540704399
Fibroblasts,Vascular stroma,COL16A1,0.20613457,0.020758541,0.8366857907181864,0.9992357540704399
Fibroblasts,Vascular stroma,FASLG,0.0443433,0.020739913,0.964630758273359,0.9992357540704399
Fibroblasts,Vascular stroma,KLRB1,-0.0122922845,0.020551335,0.9901924227261446,0.9992357540704399
Fibroblasts,Vascular stroma,CXCL17,-0.03835287,0.020469207,0.9694063370218631,0.9992357540704399
Fibroblasts,Vascular stroma,RAMP2,-0.08226959,0.019844815,0.9344323359391931,0.9992357540704399
Fibroblasts,Vascular stroma,CSF3,-0.0130774,0.019610908,0.9895660419526371,0.9992357540704399
Fibroblasts,Vascular stroma,ADGRV1,0.03352703,0.019506594,0.9732543109995002,0.9992357540704399
Fibroblasts,Vascular stroma,CD300A,-0.033445902,-0.018762693,0.9733190059392014,0.9992357540704399
Fibroblasts,Vascular stroma,NGFR,0.021535706,0.018674674,0.9828183206950573,0.9992357540704399
Fibroblasts,Vascular stroma,GSN,-0.46000153,-0.018412927,0.6455151213891954,0.9992357540704399
Fibroblasts,Vascular stroma,EPHA4,-0.052466623,-0.01840796,0.9581568900965786,0.9992357540704399
Fibroblasts,Vascular stroma,DLL1,-0.004323367,-0.018320238,0.9965504630175213,0.9992357540704399
Fibroblasts,Vascular stroma,TPSAB1,-0.062714994,-0.018149273,0.9499934597465263,0.9992357540704399
Fibroblasts,Vascular stroma,IFITM3,0.25117138,0.018147863,0.8016816006264388,0.9992357540704399
Fibroblasts,Vascular stroma,NR1H3,0.020473184,-0.017893735,0.9836659038678572,0.9992357540704399
Fibroblasts,Vascular stroma,FFAR2,0.12555821,0.016647479,0.900081638654722,0.9992357540704399
Fibroblasts,Vascular stroma,CALD1,0.3507397,0.0163913,0.7257836500273915,0.9992357540704399
Fibroblasts,Vascular stroma,TNFSF13B,0.01635918,0.015601924,0.9869478443745698,0.9992357540704399
Fibroblasts,Vascular stroma,FGF13,-0.07631842,0.015545084,0.9391657731118588,0.9992357540704399
Fibroblasts,Vascular stroma,RAC1,-0.118392736,-0.01529038,0.9057564826048102,0.9992357540704399
Fibroblasts,Vascular stroma,COL9A3,0.01166681,-0.015236119,0.9906914437541042,0.9992357540704399
Fibroblasts,Vascular stroma,HSP90B1,-0.041765504,-0.015068113,0.9666856346715909,0.9992357540704399
Fibroblasts,Vascular stroma,IL22RA1,-0.06588424,-0.015015719,0.947469988880261,0.9992357540704399
Fibroblasts,Vascular stroma,PTGS2,-0.07140883,-0.014398424,0.9430723807606105,0.9992357540704399
Fibroblasts,Vascular stroma,KLK3,-0.05101416,-0.014325708,0.9593142375021778,0.9992357540704399
Fibroblasts,Vascular stroma,ICAM3,-0.027212089,0.01425057,0.978290574437224,0.9992357540704399
Fibroblasts,Vascular stroma,IGHG1,-0.020619739,-0.013776484,0.9835489947262662,0.9992357540704399
Fibroblasts,Vascular stroma,ADGRL2,-0.12943931,-0.012711901,0.8970100499135546,0.9992357540704399
Fibroblasts,Vascular stroma,VEGFB,0.07410963,0.0111563895,0.9409231545696185,0.9992357540704399
Fibroblasts,Vascular stroma,WIF1,0.039679714,-0.009633429,0.9683484738795103,0.9992357540704399
Fibroblasts,Vascular stroma,EFNA4,-0.101463035,-0.00925782,0.919182898788576,0.9992357540704399
Fibroblasts,Vascular stroma,ACKR3,-0.006725819,-0.008956258,0.9946336133030215,0.9992357540704399
Fibroblasts,Vascular stroma,IL1A,0.06212877,0.008932277,0.9504602846489841,0.9992357540704399
Fibroblasts,Vascular stroma,IL10RA,0.00734606,-0.008572679,0.9941387449235806,0.9992357540704399
Fibroblasts,Vascular stroma,IL1R2,0.02372356,-0.008477614,0.9810731130570836,0.9992357540704399
Fibroblasts,Vascular stroma,IL17RE,-0.07428497,-0.008329286,0.9407836361751237,0.9992357540704399
Fibroblasts,Vascular stroma,TGFBR1,-0.15810908,-0.008029539,0.8743708394817299,0.9992357540704399
Fibroblasts,Vascular stroma,MPO,-0.061765,0.0078820065,0.9507499747323392,0.9992357540704399
Fibroblasts,Vascular stroma,SELPLG,-0.102695666,-0.0076395245,0.9182045126776668,0.9992357540704399
Fibroblasts,Vascular stroma,OASL,-0.0539976,-0.0075219437,0.9569370788921248,0.9992357540704399
Fibroblasts,Vascular stroma,PDCD1,0.035306625,0.0075131757,0.9718352412050935,0.9992357540704399
Fibroblasts,Vascular stroma,IL2RB,-0.11941862,-0.0074520134,0.9049437119511955,0.9992357540704399
Fibroblasts,Vascular stroma,C9orf16,0.0070084604,0.007283526,0.9944081033942761,0.9992357540704399
Fibroblasts,Vascular stroma,MMP19,0.012514734,-0.007241563,0.9900149475431346,0.9992357540704399
Fibroblasts,Vascular stroma,NTRK2,-0.051356994,0.0071890233,0.9590410539856912,0.9992357540704399
Fibroblasts,Vascular stroma,FZD3,0.1354402,-0.0070717903,0.892263842593763,0.9992357540704399
Fibroblasts,Vascular stroma,B3GNT7,-0.023184448,0.0062849177,0.9815031441717431,0.9992357540704399
Fibroblasts,Vascular stroma,ERBB3,-0.066949375,0.006023892,0.9466220029903858,0.9992357540704399
Fibroblasts,Vascular stroma,PTHLH,-0.018609844,0.004121753,0.9851523498244354,0.9992357540704399
Fibroblasts,Vascular stroma,RORA,-0.12100194,-0.003858954,0.9036895039794551,0.9992357540704399
Fibroblasts,Vascular stroma,FOXP3,0.0011567362,-0.0033096953,0.9990770582590516,0.9992357540704399
Fibroblasts,Vascular stroma,PTK6,0.013027675,-0.0031398796,0.9896057125482617,0.9992357540704399
Fibroblasts,Vascular stroma,SOSTDC1,-0.041270882,0.0029839852,0.9670799463186096,0.9992357540704399
Fibroblasts,Vascular stroma,CHEK1,0.030718936,0.0026830204,0.9754936901144675,0.9992357540704399
Fibroblasts,Vascular stroma,CDH5,0.022697676,-0.0025807351,0.9818914293137863,0.9992357540704399
Fibroblasts,Vascular stroma,PARP1,0.01014107,-0.002267324,0.9919087358723656,0.9992357540704399
Fibroblasts,Vascular stroma,KDR,-0.040559042,-0.0021727816,0.9676474353846789,0.9992357540704399
Fibroblasts,Vascular stroma,IL1RAP,-0.1635918,-0.0020585873,0.8700524939326632,0.9992357540704399
Fibroblasts,Vascular stroma,CD19,0.003807808,-0.0020481844,0.9969618160918616,0.9992357540704399
Fibroblasts,Vascular stroma,PTPRCAP,-0.026950384,-0.0016335341,0.9784993082757888,0.9992357540704399
Fibroblasts,Vascular stroma,CD47,-0.123341575,-0.001469778,0.9018366192146761,0.9992357540704399
Fibroblasts,Vascular stroma,VSIR,-0.01687474,-0.0014199483,0.9865365446892338,0.9992357540704399
Fibroblasts,Vascular stroma,OSMR,0.018908188,0.0010204739,0.9849143478550048,0.9992357540704399
Fibroblasts,Vascular stroma,IFNL3,-0.04200104,0.00043850788,0.9664978700777096,0.9992357540704399
Fibroblasts,Smooth muscle structures,FFAR2,-0.857174,-26.869534,0.3913487547616967,0.9978484900371166
Fibroblasts,Smooth muscle structures,ADGRB2,-0.80156314,-26.680067,0.42280572069844946,0.9978484900371166
Fibroblasts,Smooth muscle structures,COL3A1,-17.249798,-3.6645489,1.1229142868568874e-66,1.077997715382612e-63
Fibroblasts,Smooth muscle structures,COL1A2,-15.02873,-3.152834,4.760421472674305e-51,1.5233348712557775e-48
Fibroblasts,Smooth muscle structures,COL8A1,-9.261829,-3.0030172,2.0095913118673227e-20,2.869016389227746e-18
Fibroblasts,Smooth muscle structures,APOA1,-0.61573124,-2.9965441,0.5380719077804446,0.9978484900371166
Fibroblasts,Smooth muscle structures,P2RX5,-0.46729288,-2.9605944,0.6402903484114479,0.9978484900371166
Fibroblasts,Smooth muscle structures,PROK2,-0.5221489,-2.8604875,0.6015666517716662,0.9978484900371166
Fibroblasts,Smooth muscle structures,COL1A1,-17.055473,-2.8474975,3.18287195289813e-65,1.5277785373911024e-62
Fibroblasts,Smooth muscle structures,COL11A1,-6.3170524,-2.720363,2.665989075933063e-10,1.5995934455598378e-08
Fibroblasts,Smooth muscle structures,TNFAIP6,-1.9153982,-2.6447043,0.05544172881556018,0.49764139860109863
Fibroblasts,Smooth muscle structures,RARRES2,-9.88364,-2.5731237,4.901930601076272e-23,1.1764633442583052e-20
Fibroblasts,Smooth muscle structures,INHBA,-5.28679,-2.5728939,1.2448136622299492e-07,6.289584819688164e-06
Fibroblasts,Smooth muscle structures,NRG1,-0.6357914,-2.5464559,0.5249123873163368,0.9978484900371166
Fibroblasts,Smooth muscle structures,LUM,-9.16803,-2.4565396,4.817444761878584e-20,5.7809337142543e-18
Fibroblasts,Smooth muscle structures,JUN,-8.3588505,-2.3628433,6.3332434232559e-17,6.079913686325664e-15
Fibroblasts,Smooth muscle structures,COL6A3,-9.257539,-2.3279185,2.0919911171452315e-20,2.869016389227746e-18
Fibroblasts,Smooth muscle structures,THBS2,-8.896204,-2.2551453,5.77892632821764e-19,6.16418808343215e-17
Fibroblasts,Smooth muscle structures,COL12A1,-3.41175,-2.245058,0.0006454726258805619,0.014410551647566033
Fibroblasts,Smooth muscle structures,MGP,9.843799,2.2185836,7.290519259901618e-23,1.3997796979011107e-20
Fibroblasts,Smooth muscle structures,FCRLA,-0.6404359,-2.203038,0.5218892846239196,0.9978484900371166
Fibroblasts,Smooth muscle structures,ADGRE1,-0.2651817,-2.2020826,0.7908694998194532,0.9978484900371166
Fibroblasts,Smooth muscle structures,CLU,4.384137,2.1790795,1.1644629305267731e-05,0.00036060787525990387
Fibroblasts,Smooth muscle structures,PTGS1,-0.6995623,-2.1696367,0.48420068588552867,0.9978484900371166
Fibroblasts,Smooth muscle structures,SERPINH1,-6.4130964,-2.063164,1.425931655054073e-10,9.125962592346068e-09
Fibroblasts,Smooth muscle structures,COL16A1,-7.00753,-2.0085392,2.4256199572228796e-12,1.7912270453338186e-10
Fibroblasts,Smooth muscle structures,CXCL1,-0.65767395,-1.9905608,0.5107476443031147,0.9978484900371166
Fibroblasts,Smooth muscle structures,GDNF,-0.49927354,-1.9829725,0.6175866973593926,0.9978484900371166
Fibroblasts,Smooth muscle structures,CXCR1,-0.38731065,-1.9625046,0.6985262408055717,0.9978484900371166
Fibroblasts,Smooth muscle structures,TXK,-0.6641544,-1.9362408,0.5065914742779795,0.9978484900371166
Fibroblasts,Smooth muscle structures,IGF1,-5.066958,-1.9254949,4.0422358820645776e-07,1.6871941072965192e-05
Fibroblasts,Smooth muscle structures,COL5A1,-7.025149,-1.917701,2.1383799840459967e-12,1.7107039872367974e-10
Fibroblasts,Smooth muscle structures,FGF12,-0.6267337,-1.914878,0.5308337845258957,0.9978484900371166
Fibroblasts,Smooth muscle structures,FN1,-7.4660645,-1.9075797,8.262890121030435e-14,7.211249560172016e-12
Fibroblasts,Smooth muscle structures,ARHGDIB,-1.3046447,-1.8936661,0.19201386680974064,0.9978484900371166
Fibroblasts,Smooth muscle structures,LGALS1,-6.806575,-1.8839366,9.994975280979754e-12,6.853697335528974e-10
Fibroblasts,Smooth muscle structures,TSLP,-0.54097146,-1.8598555,0.5885272527411075,0.9978484900371166
Fibroblasts,Smooth muscle structures,PARP1,-0.85155714,-1.8497294,0.3944599533416566,0.9978484900371166
Fibroblasts,Smooth muscle structures,MS4A4A,-0.60306954,-1.8081517,0.5464624210396947,0.9978484900371166
Fibroblasts,Smooth muscle structures,IGKC,-4.1184797,-1.8012198,3.813802402929394e-05,0.0011094697899430965
Fibroblasts,Smooth muscle structures,SUCNR1,-0.4837762,-1.7897646,0.6285446991826096,0.9978484900371166
Fibroblasts,Smooth muscle structures,IL3RA,-0.50213635,-1.7775135,0.6155716076471764,0.9978484900371166
Fibroblasts,Smooth muscle structures,CTNNB1,-4.7471514,-1.7716943,2.0630152474179755e-06,7.921978550085025e-05
Fibroblasts,Smooth muscle structures,COL5A2,-5.82751,-1.7663941,5.626050791395647e-09,3.177063976317542e-07
Fibroblasts,Smooth muscle structures,HILPDA,-5.1688976,-1.765833,2.3547896120898109e-07,1.1302990138031093e-05
Fibroblasts,Smooth muscle structures,ITGAM,-0.6693089,-1.7620547,0.5032984674337905,0.9978484900371166
Fibroblasts,Smooth muscle structures,KRT80,-0.47771057,-1.7446828,0.6328562243610649,0.9978484900371166
Fibroblasts,Smooth muscle structures,GDF3,-0.60512996,-1.7423533,0.5450926435736523,0.9978484900371166
Fibroblasts,Smooth muscle structures,CCL7,-0.48827106,-1.7341676,0.6253578663775021,0.9978484900371166
Fibroblasts,Smooth muscle structures,KRT4,-0.7771033,-1.7318543,0.437097813608889,0.9978484900371166
Fibroblasts,Smooth muscle structures,TPM1,-5.1594453,-1.7191584,2.476823710320439e-07,1.132262267575058e-05
Fibroblasts,Smooth muscle structures,FOS,-5.7862744,-1.7179071,7.196462776079768e-09,3.838113480575876e-07
Fibroblasts,Smooth muscle structures,EFNA5,-1.3918078,-1.7015626,0.16398061752398763,0.9978484900371166
Fibroblasts,Smooth muscle structures,MMP1,-0.88634616,-1.6889609,0.3754310093398201,0.9978484900371166
Fibroblasts,Smooth muscle structures,RNF43,-1.3336741,-1.6695175,0.18231068376042503,0.9978484900371166
Fibroblasts,Smooth muscle structures,IGFBP3,-3.2842968,-1.6586572,0.001022372373369327,0.02088249954116072
Fibroblasts,Smooth muscle structures,WNT2,-1.1029551,-1.6534489,0.2700466683516115,0.9978484900371166
Fibroblasts,Smooth muscle structures,ITGB6,-0.6189409,-1.6443151,0.5359553085338251,0.9978484900371166
Fibroblasts,Smooth muscle structures,FZD7,-1.535384,-1.5987222,0.12468950755925602,0.8984424584273711
Fibroblasts,Smooth muscle structures,JCHAIN,-0.74538785,-1.5928229,0.45603727279869244,0.9978484900371166
Fibroblasts,Smooth muscle structures,IGHG1,-3.2096796,-1.5885597,0.00132882960462666,0.02551352840883187
Fibroblasts,Smooth muscle structures,NOTCH3,-2.034882,-1.588503,0.04186274420906956,0.4186274420906956
Fibroblasts,Smooth muscle structures,DUSP4,-0.57846695,-1.5847659,0.562948899244271,0.9978484900371166
Fibroblasts,Smooth muscle structures,YES1,-1.2267841,-1.5767375,0.21990376115434662,0.9978484900371166
Fibroblasts,Smooth muscle structures,SMARCB1,-1.6861548,-1.5703506,0.09176597076763324,0.7465706096349823
Fibroblasts,Smooth muscle structures,BID,-0.9188436,-1.5623736,0.3581773627877908,0.9978484900371166
Fibroblasts,Smooth muscle structures,RUNX3,-0.7191601,-1.5598825,0.4720423010996987,0.9978484900371166
Fibroblasts,Smooth muscle structures,IGHG2,-1.9685271,-1.5588322,0.04900741992677235,0.45237618393943707
Fibroblasts,Smooth muscle structures,FPR1,-0.77922493,-1.5198787,0.43584722132523757,0.9978484900371166
Fibroblasts,Smooth muscle structures,DDR2,-2.0813265,-1.5164853,0.037404040372716274,0.4080440767932685
Fibroblasts,Smooth muscle structures,COL9A3,-0.5052916,-1.5077682,0.6133540549008869,0.9978484900371166
Fibroblasts,Smooth muscle structures,NKG7,-0.37211254,-1.5066603,0.7098090660968919,0.9978484900371166
Fibroblasts,Smooth muscle structures,MYH11,0.9761681,1.5017428,0.32898117278527605,0.9978484900371166
Fibroblasts,Smooth muscle structures,BMP4,1.5249188,1.4887314,0.1272793482772109,0.8984424584273711
Fibroblasts,Smooth muscle structures,ADIPOQ,-0.6889066,-1.4855398,0.4908820281267168,0.9978484900371166
Fibroblasts,Smooth muscle structures,KRT7,-0.9894078,-1.4761322,0.3224636618487787,0.9978484900371166
Fibroblasts,Smooth muscle structures,CX3CL1,1.3361833,1.4628195,0.1814893589601878,0.9978484900371166
Fibroblasts,Smooth muscle structures,INS,-0.42760098,-1.4307436,0.6689416602127203,0.9978484900371166
Fibroblasts,Smooth muscle structures,GADD45B,-4.4771757,-1.4259095,7.56370070394048e-06,0.0002503845750269952
Fibroblasts,Smooth muscle structures,LMNA,-3.8077445,-1.4245678,0.00014024011228092487,0.003638662372694267
Fibroblasts,Smooth muscle structures,NPR1,-0.3812382,-1.4240669,0.7030265032373441,0.9978484900371166
Fibroblasts,Smooth muscle structures,GDF10,1.2388066,1.4225875,0.215417143592466,0.9978484900371166
Fibroblasts,Smooth muscle structures,CCL19,2.0531402,1.4187105,0.04005898432947164,0.4179628774731984
Fibroblasts,Smooth muscle structures,TYK2,-5.083618,-1.4182034,3.7031223216377576e-07,1.6159079221692034e-05
Fibroblasts,Smooth muscle structures,TNF,-0.42736977,-1.4161439,0.6691100241267476,0.9978484900371166
Fibroblasts,Smooth muscle structures,IAPP,-0.36061364,-1.4050232,0.7183882902404626,0.9978484900371166
Fibroblasts,Smooth muscle structures,IL1R1,-4.876019,-1.404315,1.0824806647337577e-06,4.32992265893503e-05
Fibroblasts,Smooth muscle structures,APOB,-0.5730269,-1.4039371,0.5666264703026203,0.9978484900371166
Fibroblasts,Smooth muscle structures,CSF2RA,-0.98423976,-1.3995385,0.32499764309777046,0.9978484900371166
Fibroblasts,Smooth muscle structures,SMAD4,-1.3829134,-1.3954222,0.1666914528293284,0.9978484900371166
Fibroblasts,Smooth muscle structures,HMGB2,-1.4051834,-1.3953577,0.159966727689124,0.9978484900371166
Fibroblasts,Smooth muscle structures,ITGB5,-4.463963,-1.3951381,8.04573991933621e-06,0.0002574636774187587
Fibroblasts,Smooth muscle structures,ICOS,-0.6965363,-1.3800082,0.4860930398419724,0.9978484900371166
Fibroblasts,Smooth muscle structures,MMP3,-0.4546992,-1.3662741,0.6493256689440641,0.9978484900371166
Fibroblasts,Smooth muscle structures,GNLY,-1.0602847,-1.3653142,0.2890150729768408,0.9978484900371166
Fibroblasts,Smooth muscle structures,CD70,-0.808064,-1.36368,0.419053759331516,0.9978484900371166
Fibroblasts,Smooth muscle structures,CLEC4D,-0.36255845,-1.3618909,0.7169347482958497,0.9978484900371166
Fibroblasts,Smooth muscle structures,EPHB6,-1.3376658,-1.3574349,0.18100542392691832,0.9978484900371166
Fibroblasts,Smooth muscle structures,GPX3,2.7853088,1.3404682,0.0053476776824655965,0.08280275121237052
Fibroblasts,Smooth muscle structures,EGFR,-1.295553,-1.3329372,0.19512952775871462,0.9978484900371166
Fibroblasts,Smooth muscle structures,NLRC4,-0.44895995,-1.330021,0.653460557127029,0.9978484900371166
Fibroblasts,Smooth muscle structures,JAK1,-2.038146,-1.3278913,0.04153532808596931,0.4186274420906956
Fibroblasts,Smooth muscle structures,IL17RB,0.9757873,1.3275341,0.3291698852684264,0.9978484900371166
Fibroblasts,Smooth muscle structures,OLR1,-0.50083077,-1.3233516,0.6164902451357244,0.9978484900371166
Fibroblasts,Smooth muscle structures,CCR5,-0.53794545,-1.3185183,0.5906147172202053,0.9978484900371166
Fibroblasts,Smooth muscle structures,CCL2,3.3286738,1.3141761,0.0008726053244061375,0.0186155802539976
Fibroblasts,Smooth muscle structures,GLUD1,-0.9780789,-1.311777,0.32803529947828836,0.9978484900371166
Fibroblasts,Smooth muscle structures,PNOC,-0.59010863,-1.3103001,0.5551178102616781,0.9978484900371166
Fibroblasts,Smooth muscle structures,MMP2,-4.030317,-1.3089769,5.570169144902476e-05,0.0015278178226018218
Fibroblasts,Smooth muscle structures,TTR,-0.4815526,-1.3031394,0.6301238092024444,0.9978484900371166
Fibroblasts,Smooth muscle structures,MTOR,-1.1757904,-1.301533,0.23967861780311117,0.9978484900371166
Fibroblasts,Smooth muscle structures,GZMH,-0.51592004,-1.3007746,0.6059102393723295,0.9978484900371166
Fibroblasts,Smooth muscle structures,GPNMB,3.1467793,1.2950326,0.0016507957379117643,0.031073802125397915
Fibroblasts,Smooth muscle structures,VCAN,-4.6282115,-1.2941449,3.688369335987435e-06,0.00013618594471338221
Fibroblasts,Smooth muscle structures,SPINK1,-0.3795518,-1.2901591,0.7042781527953041,0.9978484900371166
Fibroblasts,Smooth muscle structures,PDGFC,-1.470804,-1.2894802,0.1413441334017469,0.9623430359267874
Fibroblasts,Smooth muscle structures,VEGFC,-1.0236733,-1.284707,0.30598962678368014,0.9978484900371166
Fibroblasts,Smooth muscle structures,TNFRSF19,-2.0378265,-1.2837459,0.04156729152631186,0.4186274420906956
Fibroblasts,Smooth muscle structures,MAP1LC3B,-1.242057,-1.2740511,0.2142155371820923,0.9978484900371166
Fibroblasts,Smooth muscle structures,BMX,-0.5319682,-1.273536,0.5947480262247411,0.9978484900371166
Fibroblasts,Smooth muscle structures,ADGRV1,-0.3176509,-1.2718368,0.7507497574407801,0.9978484900371166
Fibroblasts,Smooth muscle structures,EPHB3,-1.580652,-1.2716368,0.11395761666453337,0.848056682154667
Fibroblasts,Smooth muscle structures,CALD1,-4.53006,-1.2676374,5.8967023493030825e-06,0.00020217265197610567
Fibroblasts,Smooth muscle structures,MAML2,-0.9819617,-1.2644897,0.3261186988149156,0.9978484900371166
Fibroblasts,Smooth muscle structures,BTK,-0.57519615,-1.2638098,0.5651586583703497,0.9978484900371166
Fibroblasts,Smooth muscle structures,SOX4,-2.289075,-1.2363604,0.02207500460769618,0.26895968260599445
Fibroblasts,Smooth muscle structures,JUNB,-4.5725193,-1.2301179,4.8189498596917975e-06,0.00017134043945570836
Fibroblasts,Smooth muscle structures,CXCL9,-1.6292044,-1.2269143,0.10326974801079532,0.8060077893525489
Fibroblasts,Smooth muscle structures,EPHB4,-1.172132,-1.2167947,0.24114404986637428,0.9978484900371166
Fibroblasts,Smooth muscle structures,BMPR2,-1.9111551,-1.2155589,0.055984657342623596,0.49764139860109863
Fibroblasts,Smooth muscle structures,HDAC4,-0.8111716,-1.2115031,0.4172671374175879,0.9978484900371166
Fibroblasts,Smooth muscle structures,IL20,-0.47520813,-1.2030333,0.6346386226989995,0.9978484900371166
Fibroblasts,Smooth muscle structures,CAV1,1.9965637,1.1967797,0.045872596049873385,0.4403769220787845
Fibroblasts,Smooth muscle structures,SMAD2,-2.0085726,-1.1924953,0.04458247677670555,0.4336043658219208
Fibroblasts,Smooth muscle structures,SCGB3A1,0.8021819,1.1874055,0.4224477329112095,0.9978484900371166
Fibroblasts,Smooth muscle structures,MIF,-3.574686,-1.1846995,0.00035064824154151976,0.008415557796996475
Fibroblasts,Smooth muscle structures,KRT15,-2.3116782,-1.1827655,0.020795422821516345,0.2614120085360002
Fibroblasts,Smooth muscle structures,NANOG,-0.72834694,-1.1720318,0.46640123565119274,0.9978484900371166
Fibroblasts,Smooth muscle structures,RAMP3,-0.32429457,-1.1674367,0.7457150414584959,0.9978484900371166
Fibroblasts,Smooth muscle structures,REG1A,-0.45087075,-1.1656944,0.6520827041153674,0.9978484900371166
Fibroblasts,Smooth muscle structures,EFNB1,-1.6013855,-1.1642678,0.10929158049626955,0.8227053882629267
Fibroblasts,Smooth muscle structures,TLR3,-0.5706537,-1.1632943,0.5682344120711917,0.9978484900371166
Fibroblasts,Smooth muscle structures,CDH11,-4.159749,-1.1632206,3.18597275969943e-05,0.000955791827909829
Fibroblasts,Smooth muscle structures,FZD6,-1.0308133,-1.1607213,0.30262836972753426,0.9978484900371166
Fibroblasts,Smooth muscle structures,KRT13,-0.49902192,-1.1592034,0.617763933473189,0.9978484900371166
Fibroblasts,Smooth muscle structures,ITGA9,-1.7192031,-1.1543456,0.08557738816698447,0.7082266606922852
Fibroblasts,Smooth muscle structures,COL6A2,-3.2564232,-1.148962,0.0011282542520852524,0.022565085041705048
Fibroblasts,Smooth muscle structures,MEG3,-3.8210726,-1.1486789,0.0001328725768278003,0.0035432687154080085
Fibroblasts,Smooth muscle structures,MZB1,-0.44737554,-1.1482584,0.6546039443122518,0.9978484900371166
Fibroblasts,Smooth muscle structures,LINC02446,-0.5597328,-1.1466919,0.5756616991817454,0.9978484900371166
Fibroblasts,Smooth muscle structures,VEGFD,-1.2928058,-1.1466833,0.1960782386181431,0.9978484900371166
Fibroblasts,Smooth muscle structures,PGF,0.80371875,1.1460596,0.4215594329415606,0.9978484900371166
Fibroblasts,Smooth muscle structures,TIGIT,-0.5775558,-1.1440718,0.5635640887457949,0.9978484900371166
Fibroblasts,Smooth muscle structures,GSTP1,-3.1054826,-1.1424817,0.0018996888144446422,0.034409457771072766
Fibroblasts,Smooth muscle structures,TFEB,-0.40920684,-1.1391486,0.6823878867397868,0.9978484900371166
Fibroblasts,Smooth muscle structures,BGN,-3.7144,-1.1351314,0.00020368634084079408,0.005014761388987374
Fibroblasts,Smooth muscle structures,QRFPR,-0.5077668,-1.1341684,0.6116168948467686,0.9978484900371166
Fibroblasts,Smooth muscle structures,MMP14,-3.7143524,-1.125587,0.00020372468142761208,0.005014761388987374
Fibroblasts,Smooth muscle structures,DUSP1,-4.0312757,-1.1251087,5.547490807887519e-05,0.0015278178226018218
Fibroblasts,Smooth muscle structures,IGHA1,-1.5264353,-1.1225115,0.12690151015682077,0.8984424584273711
Fibroblasts,Smooth muscle structures,IL17A,-0.54059064,-1.116311,0.5887897573782963,0.9978484900371166
Fibroblasts,Smooth muscle structures,BMP1,-2.428884,-1.1156245,0.01514537979650004,0.20447086151779215
Fibroblasts,Smooth muscle structures,GZMK,-0.8456207,-1.1137927,0.39776439478586656,0.9978484900371166
Fibroblasts,Smooth muscle structures,FOXP3,-0.38505304,-1.1125395,0.7001981236452031,0.9978484900371166
Fibroblasts,Smooth muscle structures,CD24,-0.7397438,-1.1111147,0.4594554483485711,0.9978484900371166
Fibroblasts,Smooth muscle structures,HLA.B,-3.5612764,-1.1032639,0.0003690562394124621,0.008641316825267406
Fibroblasts,Smooth muscle structures,IL12A,-0.5220129,-1.10172,0.6016613397617654,0.9978484900371166
Fibroblasts,Smooth muscle structures,SPP1,-1.1462238,-1.099418,0.2517025496147016,0.9978484900371166
Fibroblasts,Smooth muscle structures,TM4SF1,-0.8219361,-1.0943807,0.41111327925250163,0.9978484900371166
Fibroblasts,Smooth muscle structures,KRT8,-1.4736056,-1.093561,0.14058780975892327,0.9623430359267874
Fibroblasts,Smooth muscle structures,COL6A1,-3.1358855,-1.0908301,0.0017133607771853898,0.0316312758864995
Fibroblasts,Smooth muscle structures,NRXN1,-0.31501928,-1.090444,0.752747013659145,0.9978484900371166
Fibroblasts,Smooth muscle structures,ADGRF3,-0.30821922,-1.0858995,0.7579155219704659,0.9978484900371166
Fibroblasts,Smooth muscle structures,SLC2A1,-0.62595856,-1.082927,0.5313421409539159,0.9978484900371166
Fibroblasts,Smooth muscle structures,ADIRF,1.1580763,1.0816623,0.24683289058212365,0.9978484900371166
Fibroblasts,Smooth muscle structures,NPR2,-0.79104346,-1.0815345,0.4289186468532097,0.9978484900371166
Fibroblasts,Smooth muscle structures,MRC1,-0.6456175,-1.0799142,0.5185271095349973,0.9978484900371166
Fibroblasts,Smooth muscle structures,PLA2R1,-1.2254648,-1.0788895,0.22040012376898144,0.9978484900371166
Fibroblasts,Smooth muscle structures,ITGB1,-3.0763783,-1.0655823,0.0020953186085808846,0.036833107816197426
Fibroblasts,Smooth muscle structures,ESR1,-1.2621511,-1.0650835,0.2068944045604586,0.9978484900371166
Fibroblasts,Smooth muscle structures,FFAR3,-0.5047068,-1.0630218,0.6137648006217797,0.9978484900371166
Fibroblasts,Smooth muscle structures,LAG3,-0.47847217,-1.0523865,0.6323141775776979,0.9978484900371166
Fibroblasts,Smooth muscle structures,CXCR5,-0.50603276,-1.0492423,0.6128336329733152,0.9978484900371166
Fibroblasts,Smooth muscle structures,AXL,-1.1857253,-1.0450206,0.23573078299267713,0.9978484900371166
Fibroblasts,Smooth muscle structures,IL32,-3.3159373,-1.0442455,0.0009133630950037833,0.019061490678339826
Fibroblasts,Smooth muscle structures,KRAS,-0.9150084,-1.0436568,0.36018721530803044,0.9978484900371166
Fibroblasts,Smooth muscle structures,COL21A1,0.75594157,1.0383872,0.4496842369953956,0.9978484900371166
Fibroblasts,Smooth muscle structures,PLAC8,-0.62663853,-1.0371757,0.5308962009664163,0.9978484900371166
Fibroblasts,Smooth muscle structures,CTLA4,-0.3690729,-1.0347016,0.7120733819015834,0.9978484900371166
Fibroblasts,Smooth muscle structures,CELSR1,-0.75564235,-1.0343714,0.4498636549509776,0.9978484900371166
Fibroblasts,Smooth muscle structures,THBS1,-3.3455923,-1.0339439,0.0008210700848674764,0.017914256397108575
Fibroblasts,Smooth muscle structures,TUBB4B,-0.88068175,-1.0229342,0.3784901032020809,0.9978484900371166
Fibroblasts,Smooth muscle structures,COL5A3,-2.0129178,-1.0183432,0.04412327130039791,0.4336043658219208
Fibroblasts,Smooth muscle structures,HSP90AB1,-3.4485247,-1.0175933,0.0005636577649325227,0.01288360605560052
Fibroblasts,Smooth muscle structures,MYL9,-2.4193366,-1.0122503,0.015548842023250686,0.2044779224975433
Fibroblasts,Smooth muscle structures,CYP1B1,-2.0649178,-1.0046434,0.03893077195260887,0.4152615674944946
Fibroblasts,Smooth muscle structures,PTGES3,-1.4213609,-1.0045098,0.15521189656118853,0.9978484900371166
Fibroblasts,Smooth muscle structures,MT1X,-2.0073214,-0.9987449,0.04471545022538558,0.4336043658219208
Fibroblasts,Smooth muscle structures,IFNAR1,0.8765473,0.9970541,0.3807325707411976,0.9978484900371166
Fibroblasts,Smooth muscle structures,AREG,-0.38435942,-0.9965164,0.7007120667112562,0.9978484900371166
Fibroblasts,Smooth muscle structures,PPARD,-0.8184885,-0.9903772,0.4130783350163282,0.9978484900371166
Fibroblasts,Smooth muscle structures,CCL3L3,-0.5600932,-0.98741305,0.575415859466792,0.9978484900371166
Fibroblasts,Smooth muscle structures,FGFR3,-0.6960535,-0.98695165,0.486395335556826,0.9978484900371166
Fibroblasts,Smooth muscle structures,ADGRG1,-0.30809683,-0.986899,0.7580086551224587,0.9978484900371166
Fibroblasts,Smooth muscle structures,DCN,-2.526152,-0.9855103,0.011531960653421956,0.16280415040125115
Fibroblasts,Smooth muscle structures,KRT24,-0.5080048,-0.98301125,0.611449975088963,0.9978484900371166
Fibroblasts,Smooth muscle structures,IL2RB,-0.4933303,-0.9799569,0.6217792313958408,0.9978484900371166
Fibroblasts,Smooth muscle structures,FGF9,-0.5952291,-0.9770195,0.5516903477861883,0.9978484900371166
Fibroblasts,Smooth muscle structures,CD4,-1.6349301,-0.9762283,0.10206370546419755,0.8031242397182758
Fibroblasts,Smooth muscle structures,CD27,-0.44166347,-0.9759171,0.6587327404268589,0.9978484900371166
Fibroblasts,Smooth muscle structures,MAPK14,-1.4499142,-0.9758573,0.14708244022226805,0.9943601592491361
Fibroblasts,Smooth muscle structures,ARF1,-2.2570262,-0.97055304,0.02400643870461201,0.28807726445534415
Fibroblasts,Smooth muscle structures,PROKR1,-0.23554026,-0.9697188,0.8137894378928339,0.9978484900371166
Fibroblasts,Smooth muscle structures,CDKN1A,-3.2250886,-0.9677753,0.0012593368354035445,0.0246727216732123
Fibroblasts,Smooth muscle structures,RPL37,-2.946062,-0.9651179,0.0032184786753772115,0.05236846658240887
Fibroblasts,Smooth muscle structures,CUZD1,-0.51581126,-0.96477944,0.6059862344954485,0.9978484900371166
Fibroblasts,Smooth muscle structures,ADGRA2,-1.36813,-0.96260905,0.1712713940407835,0.9978484900371166
Fibroblasts,Smooth muscle structures,TYROBP,-1.0493706,-0.9539553,0.2940075525976136,0.9978484900371166
Fibroblasts,Smooth muscle structures,DPP4,-0.46106404,-0.9534292,0.6447526654035675,0.9978484900371166
Fibroblasts,Smooth muscle structures,CXCL12,-2.9955869,-0.95263165,0.0027391732694264123,0.04695725604730992
Fibroblasts,Smooth muscle structures,SAT1,-2.053895,-0.9525221,0.03998585699785804,0.4179628774731984
Fibroblasts,Smooth muscle structures,TNFSF15,-0.6204641,-0.9457693,0.5349522897177782,0.9978484900371166
Fibroblasts,Smooth muscle structures,MXRA8,-3.0742633,-0.94557357,0.0021102301353029774,0.036833107816197426
Fibroblasts,Smooth muscle structures,ACVR2A,-0.6578848,-0.9438928,0.5106121689830421,0.9978484900371166
Fibroblasts,Smooth muscle structures,BAX,-1.9112774,-0.9401564,0.05596893414615453,0.49764139860109863
Fibroblasts,Smooth muscle structures,COL17A1,-0.43503344,-0.9393087,0.6635381638875999,0.9978484900371166
Fibroblasts,Smooth muscle structures,KRT17,-0.69378906,-0.93617904,0.4878145002436529,0.9978484900371166
Fibroblasts,Smooth muscle structures,EPCAM,-0.7769197,-0.93550384,0.43720613498913763,0.9978484900371166
Fibroblasts,Smooth muscle structures,CD5L,-0.36073604,-0.9336035,0.7182967784587916,0.9978484900371166
Fibroblasts,Smooth muscle structures,CIDEA,-0.38803145,-0.9333912,0.6979927542919898,0.9978484900371166
Fibroblasts,Smooth muscle structures,AQP3,-0.52219653,-0.9329527,0.6015335125635692,0.9978484900371166
Fibroblasts,Smooth muscle structures,EIF5A,-2.7364163,-0.9318288,0.006211238220751549,0.09464743955430932
Fibroblasts,Smooth muscle structures,LAIR1,-0.6017435,-0.92813355,0.5473448619479517,0.9978484900371166
Fibroblasts,Smooth muscle structures,ADGRA3,-1.1660392,-0.92766416,0.24359860185827542,0.9978484900371166
Fibroblasts,Smooth muscle structures,KRT20,-0.34515032,-0.92719513,0.7299813655721978,0.9978484900371166
Fibroblasts,Smooth muscle structures,SNAI2,-1.7435269,-0.9258025,0.08124161309606946,0.6781908571497972
Fibroblasts,Smooth muscle structures,VCAM1,-2.6949837,-0.924962,0.007039208831095218,0.10558813246642827
Fibroblasts,Smooth muscle structures,TNFSF18,-0.31463847,-0.9216022,0.7530361597925113,0.9978484900371166
Fibroblasts,Smooth muscle structures,ANGPT4,0.17561819,0.9208341,0.8605939158183857,0.9978484900371166
Fibroblasts,Smooth muscle structures,S100A10,-2.0873716,-0.9185846,0.036854552863789344,0.4080440767932685
Fibroblasts,Smooth muscle structures,DDR1,-0.8131504,-0.91043043,0.41613182902318824,0.9978484900371166
Fibroblasts,Smooth muscle structures,ADGRG2,0.23530905,0.9065588,0.8139688682727859,0.9978484900371166
Fibroblasts,Smooth muscle structures,ATF3,-1.4045238,-0.9053399,0.16016290977136716,0.9978484900371166
Fibroblasts,Smooth muscle structures,EPHA7,-0.37291494,-0.90189564,0.7092117535540365,0.9978484900371166
Fibroblasts,Smooth muscle structures,VHL,-1.4292216,-0.8998747,0.15294053372604396,0.9978484900371166
Fibroblasts,Smooth muscle structures,HSPA1A,-2.2880752,-0.89970624,0.02213314054778496,0.26895968260599445
Fibroblasts,Smooth muscle structures,TNFRSF12A,-2.9793415,-0.8965528,0.0028886865821549684,0.048651563488925784
Fibroblasts,Smooth muscle structures,SEC61G,-1.072314,-0.8917476,0.2835789986298368,0.9978484900371166
Fibroblasts,Smooth muscle structures,ADGRL1,-0.51393443,-0.8907624,0.6072978211465548,0.9978484900371166
Fibroblasts,Smooth muscle structures,PGR,0.36062723,0.8887597,0.7183781220652244,0.9978484900371166
Fibroblasts,Smooth muscle structures,RGS2,-1.6018138,-0.88693017,0.10919678582412277,0.8227053882629267
Fibroblasts,Smooth muscle structures,CD3G,0.5384622,0.8849938,0.5902579652481499,0.9978484900371166
Fibroblasts,Smooth muscle structures,PRF1,-0.41198805,-0.8809852,0.68034818493909,0.9978484900371166
Fibroblasts,Smooth muscle structures,STAT5B,-0.82776374,-0.8793408,0.407804323529559,0.9978484900371166
Fibroblasts,Smooth muscle structures,KRT10,0.37497535,0.8792779,0.707678795822762,0.9978484900371166
Fibroblasts,Smooth muscle structures,ITGB2,-1.0112156,-0.87561256,0.3119132664120998,0.9978484900371166
Fibroblasts,Smooth muscle structures,RAMP2,-0.45022476,-0.86752486,0.6525483937439193,0.9978484900371166
Fibroblasts,Smooth muscle structures,DHRS2,-0.40839761,-0.8665228,0.6829817820041877,0.9978484900371166
Fibroblasts,Smooth muscle structures,HLA.A,-2.3085706,-0.85778487,0.020967421517991684,0.2614120085360002
Fibroblasts,Smooth muscle structures,COL4A2,-2.9582138,-0.8551157,0.0030942752004846775,0.05121558952526363
Fibroblasts,Smooth muscle structures,KRT1,-1.2193924,-0.85260653,0.22269529010914701,0.9978484900371166
Fibroblasts,Smooth muscle structures,GDF6,-0.41264766,-0.8513742,0.6798647836678295,0.9978484900371166
Fibroblasts,Smooth muscle structures,MET,-0.34538832,-0.848907,0.7298024557760971,0.9978484900371166
Fibroblasts,Smooth muscle structures,LY6D,-0.38767105,-0.8481762,0.6982594789143972,0.9978484900371166
Fibroblasts,Smooth muscle structures,TAGLN,-2.818962,-0.84781206,0.0048179189742365265,0.07582298713552567
Fibroblasts,Smooth muscle structures,ACTA2,-2.1292667,-0.84743804,0.03323219485185236,0.38437237419009956
Fibroblasts,Smooth muscle structures,IL27RA,-0.6733685,-0.8465205,0.5007128798741449,0.9978484900371166
Fibroblasts,Smooth muscle structures,ANXA1,-1.8520558,-0.845731,0.06401781162556992,0.5587009014595193
Fibroblasts,Smooth muscle structures,ARG1,-0.3312374,-0.84466124,0.740465164626947,0.9978484900371166
Fibroblasts,Smooth muscle structures,MMP10,-0.3036972,-0.84440464,0.7613585967895025,0.9978484900371166
Fibroblasts,Smooth muscle structures,MERTK,-0.4451383,-0.8432976,0.656219806741392,0.9978484900371166
Fibroblasts,Smooth muscle structures,CCL18,-0.44106507,-0.8429642,0.659165886372676,0.9978484900371166
Fibroblasts,Smooth muscle structures,ACE2,-0.41433406,-0.84148264,0.6786294696997189,0.9978484900371166
Fibroblasts,Smooth muscle structures,S100A2,-0.45920762,-0.8410362,0.6460850803605708,0.9978484900371166
Fibroblasts,Smooth muscle structures,ACKR3,-0.65281874,-0.8397047,0.5138731383436681,0.9978484900371166
Fibroblasts,Smooth muscle structures,LGALS3BP,-2.5753775,-0.8390671,0.010013073760126744,0.14564470923820716
Fibroblasts,Smooth muscle structures,TCL1A,-0.44931355,-0.8389609,0.6532054914808139,0.9978484900371166
Fibroblasts,Smooth muscle structures,FYB1,-0.6112228,-0.83368033,0.5410520805833874,0.9978484900371166
Fibroblasts,Smooth muscle structures,SERPINA1,-1.2547731,-0.8314722,0.2095611452238486,0.9978484900371166
Fibroblasts,Smooth muscle structures,VEGFA,-1.975096,-0.8312025,0.04825725896602416,0.4497763942464388
Fibroblasts,Smooth muscle structures,DNMT3A,-0.8511491,-0.82930845,0.39468652984293096,0.9978484900371166
Fibroblasts,Smooth muscle structures,SLC2A4,-0.61641806,-0.82278204,0.5376186388323538,0.9978484900371166
Fibroblasts,Smooth muscle structures,FKBP11,-1.6929073,-0.8210203,0.0904731061923876,0.7423434354247188
Fibroblasts,Smooth muscle structures,IL12B,-0.4678233,-0.8189095,0.6399109667671692,0.9978484900371166
Fibroblasts,Smooth muscle structures,IL1RAP,-1.0041707,-0.81890184,0.3152963364163205,0.9978484900371166
Fibroblasts,Smooth muscle structures,NLRP3,-0.40028515,-0.81552756,0.6889465013836877,0.9978484900371166
Fibroblasts,Smooth muscle structures,LAMP3,-0.4803966,-0.81416166,0.6309454220166266,0.9978484900371166
Fibroblasts,Smooth muscle structures,RXRA,-0.7707249,-0.8132007,0.4408700257852456,0.9978484900371166
Fibroblasts,Smooth muscle structures,CALM3,-1.5744504,-0.8125836,0.11538335854193636,0.8520617246173763
Fibroblasts,Smooth muscle structures,EGF,-0.4569364,-0.8108779,0.647716759612086,0.9978484900371166
Fibroblasts,Smooth muscle structures,NOSIP,-0.8781249,-0.8100787,0.3798759312561151,0.9978484900371166
Fibroblasts,Smooth muscle structures,G6PC2,0.3432259,0.8024608,0.7314285181600624,0.9978484900371166
Fibroblasts,Smooth muscle structures,ETV4,-0.48762503,-0.8019885,0.6258154544480165,0.9978484900371166
Fibroblasts,Smooth muscle structures,RAD51,-0.21422888,-0.8014431,0.8303685696369429,0.9978484900371166
Fibroblasts,Smooth muscle structures,SLPI,-0.40295076,-0.8000026,0.686984437430249,0.9978484900371166
Fibroblasts,Smooth muscle structures,DDC,-0.5241345,-0.7985756,0.6001849734820162,0.9978484900371166
Fibroblasts,Smooth muscle structures,ITGAV,-2.124126,-0.79540294,0.03365961423672814,0.3846813055626074
Fibroblasts,Smooth muscle structures,CPB1,-0.29468712,-0.7942814,0.7682329017720374,0.9978484900371166
Fibroblasts,Smooth muscle structures,IL17D,-0.63785183,-0.7938772,0.5235701395129022,0.9978484900371166
Fibroblasts,Smooth muscle structures,AZU1,-2.8762527,-0.7931896,0.004024274439079289,0.06438839102526862
Fibroblasts,Smooth muscle structures,B2M,-1.821986,-0.79247034,0.06845711662525815,0.5919768077453306
Fibroblasts,Smooth muscle structures,BST2,-1.3088539,-0.79208916,0.19058384057038125,0.9978484900371166
Fibroblasts,Smooth muscle structures,KRT19,-0.81519043,-0.7871629,0.4149633188937998,0.9978484900371166
Fibroblasts,Smooth muscle structures,GDF15,1.3064195,0.7853164,0.19140994023594216,0.9978484900371166
Fibroblasts,Smooth muscle structures,NPR3,-0.40501118,-0.78378344,0.6854692847695711,0.9978484900371166
Fibroblasts,Smooth muscle structures,AZGP1,-0.42220852,-0.78297466,0.6728728183199064,0.9978484900371166
Fibroblasts,Smooth muscle structures,RAC1,-1.7988522,-0.77405024,0.07204206768928365,0.6120388051478964
Fibroblasts,Smooth muscle structures,SYK,-0.3834074,-0.76965547,0.7014177018387864,0.9978484900371166
Fibroblasts,Smooth muscle structures,TACSTD2,-0.36041644,-0.76889336,0.7185357343845893,0.9978484900371166
Fibroblasts,Smooth muscle structures,HLA.C,-2.1418333,-0.7674299,0.032206900666178824,0.3770563980430692
Fibroblasts,Smooth muscle structures,FGF18,-1.0048236,-0.7665649,0.3149818376656376,0.9978484900371166
Fibroblasts,Smooth muscle structures,FABP4,-0.24227911,-0.752175,0.8085639002440663,0.9978484900371166
Fibroblasts,Smooth muscle structures,VEGFB,-1.1024723,-0.75015205,0.2702564002998643,0.9978484900371166
Fibroblasts,Smooth muscle structures,COL9A2,-1.9922389,-0.7481711,0.04634485229063843,0.4405055267228999
Fibroblasts,Smooth muscle structures,MALAT1,-1.2648236,-0.7479849,0.20593458166878398,0.9978484900371166
Fibroblasts,Smooth muscle structures,WNT3,0.20779604,0.7473902,0.8353882268733213,0.9978484900371166
Fibroblasts,Smooth muscle structures,HSPA1B,-1.3486139,-0.74736255,0.1774610373893698,0.9978484900371166
Fibroblasts,Smooth muscle structures,STMN1,0.6202397,0.73983836,0.5350999964053511,0.9978484900371166
Fibroblasts,Smooth muscle structures,IL6ST,1.7843001,0.73835737,0.07437492067270303,0.6263151214543413
Fibroblasts,Smooth muscle structures,MAPK13,-0.49590752,-0.73671037,0.6199596691841125,0.9978484900371166
Fibroblasts,Smooth muscle structures,SOSTDC1,-0.36147046,-0.73609334,0.7177477926623034,0.9978484900371166
Fibroblasts,Smooth muscle structures,CCL23,-0.25504282,-0.73599195,0.798690035003372,0.9978484900371166
Fibroblasts,Smooth muscle structures,ADGRF5,0.37523377,0.73526365,0.7074866271323118,0.9978484900371166
Fibroblasts,Smooth muscle structures,CD36,0.2796726,0.73317057,0.7797286990216481,0.9978484900371166
Fibroblasts,Smooth muscle structures,RPL21,-2.613043,-0.7324809,0.008974001361556492,0.13253909703221897
Fibroblasts,Smooth muscle structures,MMP9,-0.33384863,-0.7318525,0.7384937847757838,0.9978484900371166
Fibroblasts,Smooth muscle structures,ADM2,0.24667194,0.72823095,0.8051621214614152,0.9978484900371166
Fibroblasts,Smooth muscle structures,SEC23A,-1.6076211,-0.72711873,0.10791819541352961,0.8227053882629267
Fibroblasts,Smooth muscle structures,IL1A,-0.3557244,-0.7255397,0.7220469680397995,0.9978484900371166
Fibroblasts,Smooth muscle structures,HCAR3,0.44238427,0.72533417,0.6582111484341757,0.9978484900371166
Fibroblasts,Smooth muscle structures,PDCD1,0.26290366,0.72511184,0.7926248263940294,0.9978484900371166
Fibroblasts,Smooth muscle structures,CD3E,-1.0569935,-0.7223608,0.29051454101698704,0.9978484900371166
Fibroblasts,Smooth muscle structures,ZFP36,-2.3809435,-0.7206475,0.017268357482370177,0.22103497577433825
Fibroblasts,Smooth muscle structures,LIF,-1.3995395,-0.71854156,0.16165128368641368,0.9978484900371166
Fibroblasts,Smooth muscle structures,IL15RA,-2.0822444,-0.7175765,0.03732015101149497,0.4080440767932685
Fibroblasts,Smooth muscle structures,ARTN,-0.5864638,-0.7174379,0.5575638671915222,0.9978484900371166
Fibroblasts,Smooth muscle structures,GZMB,-0.37169772,-0.71683425,0.7101179162703766,0.9978484900371166
Fibroblasts,Smooth muscle structures,CALM2,-2.0714662,-0.7160628,0.038315238598826254,0.4132879669086877
Fibroblasts,Smooth muscle structures,ETV5,-0.7600692,-0.7134533,0.44721322871873226,0.9978484900371166
Fibroblasts,Smooth muscle structures,IGFBP5,-1.9583746,-0.7093691,0.05018606938807795,0.4588440629767127
Fibroblasts,Smooth muscle structures,MST1R,-0.33416143,-0.7092533,0.7382577448775365,0.9978484900371166
Fibroblasts,Smooth muscle structures,TPM2,-2.385894,-0.7090865,0.017037661113128457,0.22102911714328807
Fibroblasts,Smooth muscle structures,IL22RA1,-0.30031756,-0.7082736,0.763934935340774,0.9978484900371166
Fibroblasts,Smooth muscle structures,FZD8,-0.5218361,-0.700713,0.6017844441989126,0.9978484900371166
Fibroblasts,Smooth muscle structures,SST,0.18668187,0.7001431,0.8519100711214358,0.9978484900371166
Fibroblasts,Smooth muscle structures,NFKBIA,1.0507443,0.6985882,0.29337605351108165,0.9978484900371166
Fibroblasts,Smooth muscle structures,BMPR1A,-0.93473536,-0.69466245,0.34992469662745185,0.9978484900371166
Fibroblasts,Smooth muscle structures,CCL5,-0.70591354,-0.6945789,0.48024189303424436,0.9978484900371166
Fibroblasts,Smooth muscle structures,FOXF1,1.0632292,0.68998396,0.2876780336571696,0.9978484900371166
Fibroblasts,Smooth muscle structures,CXCL3,-0.48321182,-0.6885429,0.6289453524998436,0.9978484900371166
Fibroblasts,Smooth muscle structures,CTSW,0.28617346,0.6880053,0.774745273886566,0.9978484900371166
Fibroblasts,Smooth muscle structures,IFNB1,-0.23759387,-0.68668437,0.8121961038175878,0.9978484900371166
Fibroblasts,Smooth muscle structures,GCG,-0.24258511,-0.6851099,0.8083268161368572,0.9978484900371166
Fibroblasts,Smooth muscle structures,HSPB1,-2.424362,-0.6843692,0.015335314613834411,0.20447086151779215
Fibroblasts,Smooth muscle structures,MMP19,-1.1075451,-0.6817718,0.26805831299315586,0.9978484900371166
Fibroblasts,Smooth muscle structures,HSP90B1,-2.4741588,-0.6812696,0.013355035932769621,0.18580919558635997
Fibroblasts,Smooth muscle structures,HSD3B2,0.23101822,0.6800558,0.8173006471413595,0.9978484900371166
Fibroblasts,Smooth muscle structures,HTT,-0.69308186,-0.6790488,0.4882581802765269,0.9978484900371166
Fibroblasts,Smooth muscle structures,RSPO2,-0.1651869,-0.6780457,0.8687968746832111,0.9978484900371166
Fibroblasts,Smooth muscle structures,FCGBP,0.2534924,0.6759305,0.7998877354070975,0.9978484900371166
Fibroblasts,Smooth muscle structures,CHEK2,-0.54955316,-0.6748099,0.5826259138204715,0.9978484900371166
Fibroblasts,Smooth muscle structures,GZMA,-0.47114173,-0.6748096,0.6375395394924573,0.9978484900371166
Fibroblasts,Smooth muscle structures,RORA,-0.9721901,-0.67414653,0.330956004599939,0.9978484900371166
Fibroblasts,Smooth muscle structures,HSD17B2,-0.42350054,-0.67351794,0.6719301069339447,0.9978484900371166
Fibroblasts,Smooth muscle structures,CCL20,0.19148271,0.6731596,0.8481474263183963,0.9978484900371166
Fibroblasts,Smooth muscle structures,LAMP2,-1.4375721,-0.67153955,0.1505554941816968,0.9978484900371166
Fibroblasts,Smooth muscle structures,KRT23,0.30184078,0.66886395,0.7627734432196809,0.9978484900371166
Fibroblasts,Smooth muscle structures,CENPF,0.19097951,0.6685108,0.848541650428039,0.9978484900371166
Fibroblasts,Smooth muscle structures,TOP2A,0.34892434,0.6679091,0.7271461045737719,0.9978484900371166
Fibroblasts,Smooth muscle structures,ETS1,-1.038375,-0.6673,0.29909551244210786,0.9978484900371166
Fibroblasts,Smooth muscle structures,CLEC10A,-0.33531064,-0.66623753,0.7373907667943843,0.9978484900371166
Fibroblasts,Smooth muscle structures,IL11,-0.89475787,-0.66421014,0.3709165466472575,0.9978484900371166
Fibroblasts,Smooth muscle structures,CRP,-1.0153975,-0.6628192,0.30991633635371385,0.9978484900371166
Fibroblasts,Smooth muscle structures,CD274,0.4324766,0.66226315,0.6653950502279391,0.9978484900371166
Fibroblasts,Smooth muscle structures,ABL2,-0.7851206,-0.6621023,0.43238287086100735,0.9978484900371166
Fibroblasts,Smooth muscle structures,BMP5,-1.5298352,-0.6607088,0.12605751291752554,0.8984424584273711
Fibroblasts,Smooth muscle structures,DST,-1.5578446,-0.6605772,0.11927007284197703,0.8740402284602898
Fibroblasts,Smooth muscle structures,PRSS2,0.15277,0.65662104,0.8785796535858282,0.9978484900371166
Fibroblasts,Smooth muscle structures,IRF4,0.31518927,0.65190303,0.7526179417598318,0.9978484900371166
Fibroblasts,Smooth muscle structures,UPK3A,-1.1291488,-0.64977854,0.2588350272096367,0.9978484900371166
Fibroblasts,Smooth muscle structures,ATG10,-0.73216856,-0.6496419,0.4640656860651723,0.9978484900371166
Fibroblasts,Smooth muscle structures,ANGPT2,-0.3165561,-0.6482128,0.7515804553022869,0.9978484900371166
Fibroblasts,Smooth muscle structures,SOD1,-1.137105,-0.6479021,0.2554944108830137,0.9978484900371166
Fibroblasts,Smooth muscle structures,FCGR3A,-1.0251421,-0.64647233,0.30529615398748144,0.9978484900371166
Fibroblasts,Smooth muscle structures,COL27A1,-1.1926003,-0.6388768,0.23302598873900038,0.9978484900371166
Fibroblasts,Smooth muscle structures,VIM,-1.1045803,-0.6367811,0.2693414897188987,0.9978484900371166
Fibroblasts,Smooth muscle structures,HBA1,0.40010837,0.6361482,0.6890767124804996,0.9978484900371166
Fibroblasts,Smooth muscle structures,NEAT1,-0.8380318,-0.63310313,0.40201284219399525,0.9978484900371166
Fibroblasts,Smooth muscle structures,IL33,0.5669817,0.6323316,0.5707266369615297,0.9978484900371166
Fibroblasts,Smooth muscle structures,ADGRB3,-0.7589404,-0.63192374,0.44788822227598213,0.9978484900371166
Fibroblasts,Smooth muscle structures,FGFR2,-0.61780524,-0.6311377,0.5367037105510523,0.9978484900371166
Fibroblasts,Smooth muscle structures,SELL,0.19827597,0.6310073,0.8428291576559883,0.9978484900371166
Fibroblasts,Smooth muscle structures,TSHZ2,-1.1750493,-0.63094586,0.23997500927018411,0.9978484900371166
Fibroblasts,Smooth muscle structures,SPARCL1,2.0886772,0.6309366,0.03673678544017753,0.4080440767932685
Fibroblasts,Smooth muscle structures,CD2,-0.656416,-0.630445,0.5115565164576158,0.9978484900371166
Fibroblasts,Smooth muscle structures,OXER1,-0.47178772,-0.628674,0.6370783188579646,0.9978484900371166
Fibroblasts,Smooth muscle structures,LTF,-0.40104675,-0.62711966,0.6883856974302585,0.9978484900371166
Fibroblasts,Smooth muscle structures,ELANE,0.27298814,0.6253711,0.7848623239415733,0.9978484900371166
Fibroblasts,Smooth muscle structures,TAP1,-0.786773,-0.62501264,0.43141476217663155,0.9978484900371166
Fibroblasts,Smooth muscle structures,ESAM,0.27167574,0.6249869,0.7858713561257623,0.9978484900371166
Fibroblasts,Smooth muscle structures,KRT18,-0.6383482,-0.6209092,0.5232470230736863,0.9978484900371166
Fibroblasts,Smooth muscle structures,MKI67,-0.3663121,-0.6204332,0.7141322118980786,0.9978484900371166
Fibroblasts,Smooth muscle structures,CD63,-2.1678708,-0.6202578,0.030168527141940276,0.3575529142748477
Fibroblasts,Smooth muscle structures,RPL34,-1.983426,-0.6198236,0.047319862183194644,0.44536340878300845
Fibroblasts,Smooth muscle structures,IL7R,-0.3941855,-0.6191579,0.6934440858286083,0.9978484900371166
Fibroblasts,Smooth muscle structures,CEACAM1,0.25787842,0.61870724,0.7965007308751266,0.9978484900371166
Fibroblasts,Smooth muscle structures,KLRK1,0.37541056,0.61814874,0.7073551540261422,0.9978484900371166
Fibroblasts,Smooth muscle structures,BST1,-0.4574464,-0.6180101,0.6473502168268355,0.9978484900371166
Fibroblasts,Smooth muscle structures,MMP16,-0.5414135,-0.6179087,0.588222627665139,0.9978484900371166
Fibroblasts,Smooth muscle structures,HIF1A,-1.2363042,-0.6168517,0.21634553237547405,0.9978484900371166
Fibroblasts,Smooth muscle structures,ICOSLG,0.29696515,0.6134081,0.7664931235534389,0.9978484900371166
Fibroblasts,Smooth muscle structures,CCL4L2,0.33279464,0.6133585,0.7392893179596052,0.9978484900371166
Fibroblasts,Smooth muscle structures,PDGFA,0.6577964,0.60959846,0.5106689789269723,0.9978484900371166
Fibroblasts,Smooth muscle structures,MX1,1.0897493,0.6085435,0.27582355480106224,0.9978484900371166
Fibroblasts,Smooth muscle structures,MRC2,-2.0487134,-0.60852957,0.04049015375521609,0.4179628774731984
Fibroblasts,Smooth muscle structures,KRT6C,-0.37698138,-0.608128,0.7061874496142092,0.9978484900371166
Fibroblasts,Smooth muscle structures,IL36G,0.20222679,0.60751647,0.8397394277276554,0.9978484900371166
Fibroblasts,Smooth muscle structures,ITM2A,0.27316496,0.6061265,0.7847264197349988,0.9978484900371166
Fibroblasts,Smooth muscle structures,CLEC7A,-0.3183105,-0.60598725,0.7502494142540018,0.9978484900371166
Fibroblasts,Smooth muscle structures,H2AZ1,-0.85705155,-0.6025901,0.3914163941012969,0.9978484900371166
Fibroblasts,Smooth muscle structures,HLA.DPA1,-1.8180012,-0.6022806,0.06906396090362191,0.5919768077453306
Fibroblasts,Smooth muscle structures,PSAP,-1.8833429,-0.5987032,0.059653921353819854,0.5253923348593308
Fibroblasts,Smooth muscle structures,CD28,0.2413475,0.59741193,0.8092857977666309,0.9978484900371166
Fibroblasts,Smooth muscle structures,CLCF1,-0.71491003,-0.59698105,0.47466463707108075,0.9978484900371166
Fibroblasts,Smooth muscle structures,CCR10,-0.4179313,-0.5965836,0.6759973522328773,0.9978484900371166
Fibroblasts,Smooth muscle structures,HLA.DQA1,-1.4713684,-0.5963863,0.14119151625580353,0.9623430359267874
Fibroblasts,Smooth muscle structures,FZD1,-1.6425598,-0.59584373,0.10047405590242088,0.8031242397182758
Fibroblasts,Smooth muscle structures,OAS1,-0.557142,-0.5956314,0.5774304205197608,0.9978484900371166
Fibroblasts,Smooth muscle structures,IL12RB2,0.27594617,0.5920585,0.7825894082744602,0.9978484900371166
Fibroblasts,Smooth muscle structures,CCL15,0.25815722,0.5904704,0.7962855616953337,0.9978484900371166
Fibroblasts,Smooth muscle structures,IL23A,0.36259246,0.5900591,0.716909345821864,0.9978484900371166
Fibroblasts,Smooth muscle structures,EMP3,0.5987379,0.5900018,0.5493476676219374,0.9978484900371166
Fibroblasts,Smooth muscle structures,TNFRSF18,-0.5581484,-0.5892843,0.5767430542441466,0.9978484900371166
Fibroblasts,Smooth muscle structures,GC,-0.31221086,-0.588834,0.7548802792568434,0.9978484900371166
Fibroblasts,Smooth muscle structures,TGFB3,-1.6363037,-0.58660424,0.10177604361181367,0.8031242397182758
Fibroblasts,Smooth muscle structures,RBPJ,-1.3440374,-0.58434314,0.1789362964034552,0.9978484900371166
Fibroblasts,Smooth muscle structures,AHR,-1.0757685,-0.58383167,0.28203081395531593,0.9978484900371166
Fibroblasts,Smooth muscle structures,TNFRSF17,0.27475616,0.5829753,0.783503577703254,0.9978484900371166
Fibroblasts,Smooth muscle structures,TNFRSF21,-0.7085928,-0.5815757,0.4785772160609615,0.9978484900371166
Fibroblasts,Smooth muscle structures,ERBB3,-0.21861492,-0.5805367,0.8269500274737868,0.9978484900371166
Fibroblasts,Smooth muscle structures,CSHL1,-0.3436951,-0.57933444,0.7310755905110274,0.9978484900371166
Fibroblasts,Smooth muscle structures,JAG1,0.9920734,0.57823527,0.3211617130477442,0.9978484900371166
Fibroblasts,Smooth muscle structures,ACVR1B,-0.47103292,-0.57765794,0.6376172325755729,0.9978484900371166
Fibroblasts,Smooth muscle structures,XCL1,0.21952613,0.5766256,0.8262402276739913,0.9978484900371166
Fibroblasts,Smooth muscle structures,TNFSF8,-0.27044493,-0.57420576,0.7868179775583027,0.9978484900371166
Fibroblasts,Smooth muscle structures,IFNA1,-0.3686105,-0.5737492,0.7124180647568674,0.9978484900371166
Fibroblasts,Smooth muscle structures,ANGPT1,0.5532864,0.57102627,0.5800673399286387,0.9978484900371166
Fibroblasts,Smooth muscle structures,VWF,-0.24423753,-0.5699204,0.8070468665891086,0.9978484900371166
Fibroblasts,Smooth muscle structures,PCNA,-0.7095244,-0.5697055,0.4779991211812874,0.9978484900371166
Fibroblasts,Smooth muscle structures,CX3CR1,-0.6296238,-0.56960714,0.5289407737827917,0.9978484900371166
Fibroblasts,Smooth muscle structures,IER3,-1.5995698,-0.5695985,0.10969405176839023,0.8227053882629267
Fibroblasts,Smooth muscle structures,SLC40A1,-1.3605411,-0.5676581,0.1736587496730515,0.9978484900371166
Fibroblasts,Smooth muscle structures,TP53,-0.47796896,-0.5668917,0.6326722935103022,0.9978484900371166
Fibroblasts,Smooth muscle structures,MAF,-1.1502495,-0.56662875,0.2500411389978575,0.9978484900371166
Fibroblasts,Smooth muscle structures,TWIST1,-0.66234565,-0.56586057,0.5077497469202814,0.9978484900371166
Fibroblasts,Smooth muscle structures,TGFB1,-1.3636284,-0.56475127,0.17268456657892006,0.9978484900371166
Fibroblasts,Smooth muscle structures,CD55,-0.8142384,-0.5623373,0.415508382096502,0.9978484900371166
Fibroblasts,Smooth muscle structures,FGG,0.28538465,0.56229496,0.7753494673636501,0.9978484900371166
Fibroblasts,Smooth muscle structures,ADGRE2,-0.38482863,-0.5615357,0.7003643843348418,0.9978484900371166
Fibroblasts,Smooth muscle structures,CD47,-0.92263126,-0.56056106,0.35619939434593473,0.9978484900371166
Fibroblasts,Smooth muscle structures,EFNB2,0.17139535,0.5594079,0.8639129104724707,0.9978484900371166
Fibroblasts,Smooth muscle structures,LGALS9,-0.9565771,-0.5588166,0.33878073313615875,0.9978484900371166
Fibroblasts,Smooth muscle structures,CMKLR1,0.3297618,0.5584772,0.7415799547295823,0.9978484900371166
Fibroblasts,Smooth muscle structures,RAC2,-0.9662876,-0.5576767,0.333900282303609,0.9978484900371166
Fibroblasts,Smooth muscle structures,MMP8,0.3304486,0.55608433,0.7410610216590624,0.9978484900371166
Fibroblasts,Smooth muscle structures,CSF1R,-0.4416431,-0.55545014,0.6587475048820771,0.9978484900371166
Fibroblasts,Smooth muscle structures,RYK,-0.7873442,-0.54773104,0.4310803998178392,0.9978484900371166
Fibroblasts,Smooth muscle structures,C1QA,-0.97015005,-0.5474224,0.3319717073013355,0.9978484900371166
Fibroblasts,Smooth muscle structures,CD38,0.1912107,0.5447793,0.8483605157211153,0.9978484900371166
Fibroblasts,Smooth muscle structures,AHI1,-0.7468295,-0.5443329,0.45516649546925714,0.9978484900371166
Fibroblasts,Smooth muscle structures,IL17RE,-0.42842376,-0.5395325,0.6683426178213019,0.9978484900371166
Fibroblasts,Smooth muscle structures,RPS4Y1,0.14565715,0.53897995,0.8841920516903597,0.9978484900371166
Fibroblasts,Smooth muscle structures,FGF13,-0.3699977,-0.53750217,0.7113841927109995,0.9978484900371166
Fibroblasts,Smooth muscle structures,CCL8,-0.455658,-0.5337991,0.6486359354889238,0.9978484900371166
Fibroblasts,Smooth muscle structures,APP,-1.6238664,-0.5335972,0.10440432604051261,0.8082915564426782
Fibroblasts,Smooth muscle structures,FGF7,-1.5032266,-0.53355736,0.13278060894653435,0.9304334641508977
Fibroblasts,Smooth muscle structures,BAG3,-0.6340098,-0.53246677,0.5260744294264541,0.9978484900371166
Fibroblasts,Smooth muscle structures,CCL3,-0.3909827,-0.53156996,0.6958100377794945,0.9978484900371166
Fibroblasts,Smooth muscle structures,BEST1,0.20036358,0.52942634,0.8411962418616956,0.9978484900371166
Fibroblasts,Smooth muscle structures,IFNL2,-0.28335825,-0.5293517,0.7769022423297779,0.9978484900371166
Fibroblasts,Smooth muscle structures,TNFRSF13B,0.025670202,0.5284938,0.9795203911713753,0.9978484900371166
Fibroblasts,Smooth muscle structures,CD37,-0.46527326,-0.52800274,0.6417357770498198,0.9978484900371166
Fibroblasts,Smooth muscle structures,EOMES,0.09475875,0.52703327,0.9245064547897724,0.9978484900371166
Fibroblasts,Smooth muscle structures,IL34,0.45299917,0.52463526,0.6505493396843054,0.9978484900371166
Fibroblasts,Smooth muscle structures,PDGFB,-0.20268239,-0.52434385,0.8393832827749916,0.9978484900371166
Fibroblasts,Smooth muscle structures,CD40LG,0.117083326,0.5221171,0.9067940255226901,0.9978484900371166
Fibroblasts,Smooth muscle structures,CD84,-0.2164185,-0.51955783,0.8286615429666817,0.9978484900371166
Fibroblasts,Smooth muscle structures,OAS3,0.5755497,0.51943713,0.5649195645932856,0.9978484900371166
Fibroblasts,Smooth muscle structures,CXCR2,-0.25844285,-0.5176034,0.7960651605442737,0.9978484900371166
Fibroblasts,Smooth muscle structures,ITGAE,-0.33746627,-0.51561934,0.7357654433035968,0.9978484900371166
Fibroblasts,Smooth muscle structures,NR3C1,-0.84606266,-0.5146922,0.39751778621516165,0.9978484900371166
Fibroblasts,Smooth muscle structures,HSP90AA1,-1.4877905,-0.51415235,0.13680614581290612,0.9516949273941296
Fibroblasts,Smooth muscle structures,CLEC2D,-0.44805554,-0.51384217,0.6541131207534181,0.9978484900371166
Fibroblasts,Smooth muscle structures,WNT7B,-0.6477731,-0.5121449,0.5171317137128578,0.9978484900371166
Fibroblasts,Smooth muscle structures,UBE2C,-0.41102242,-0.50981915,0.6810560814287281,0.9978484900371166
Fibroblasts,Smooth muscle structures,CST7,-0.33426344,-0.50875014,0.7381807806786458,0.9978484900371166
Fibroblasts,Smooth muscle structures,CD83,-0.45943883,-0.5086591,0.645919076548581,0.9978484900371166
Fibroblasts,Smooth muscle structures,IGF2,0.2549476,0.5081838,0.7987635643933364,0.9978484900371166
Fibroblasts,Smooth muscle structures,CXCL5,0.13324705,0.50428885,0.8939980021351499,0.9978484900371166
Fibroblasts,Smooth muscle structures,CD9,-1.2214596,-0.5028222,0.22191204389441943,0.9978484900371166
Fibroblasts,Smooth muscle structures,IL24,-0.6947955,-0.5012963,0.4871834846894646,0.9978484900371166
Fibroblasts,Smooth muscle structures,MS4A1,-0.21014886,-0.49786896,0.8335514953011387,0.9978484900371166
Fibroblasts,Smooth muscle structures,P2RY12,-0.4689725,-0.49750286,0.6390892962213819,0.9978484900371166
Fibroblasts,Smooth muscle structures,PPBP,-0.21094446,-0.49720445,0.8329306089221267,0.9978484900371166
Fibroblasts,Smooth muscle structures,CDKN3,-0.30006596,-0.49705592,0.76412684015716,0.9978484900371166
Fibroblasts,Smooth muscle structures,ADGRG6,-0.3561936,-0.49475816,0.7216955796171263,0.9978484900371166
Fibroblasts,Smooth muscle structures,CD80,-0.37835497,-0.4930388,0.705166906587894,0.9978484900371166
Fibroblasts,Smooth muscle structures,TNFSF9,-0.52904415,-0.4925709,0.5967748104450179,0.9978484900371166
Fibroblasts,Smooth muscle structures,ADGRL4,0.086979486,0.49223223,0.930687818628308,0.9978484900371166
Fibroblasts,Smooth muscle structures,LYZ,-1.076122,-0.49149984,0.28187266240730047,0.9978484900371166
Fibroblasts,Smooth muscle structures,CSF2,0.19555594,0.4908692,0.8449577484562849,0.9978484900371166
Fibroblasts,Smooth muscle structures,DNTT,0.16099806,0.4905388,0.8720949218722224,0.9978484900371166
Fibroblasts,Smooth muscle structures,TOX,0.26487568,0.4903624,0.7911052285087771,0.9978484900371166
Fibroblasts,Smooth muscle structures,S100B,-0.40997523,-0.48861367,0.6818241177740992,0.9978484900371166
Fibroblasts,Smooth muscle structures,IL10,-0.35154238,-0.4877747,0.7251814916500885,0.9978484900371166
Fibroblasts,Smooth muscle structures,ITGA5,-0.90610033,-0.4854785,0.36488274570345214,0.9978484900371166
Fibroblasts,Smooth muscle structures,PF4,-0.18215984,-0.48523533,0.8554572923765178,0.9978484900371166
Fibroblasts,Smooth muscle structures,TNFRSF11A,-0.45019075,-0.48459515,0.6525729074782001,0.9978484900371166
Fibroblasts,Smooth muscle structures,CD8B,-0.1787122,-0.4843123,0.8581636828144845,0.9978484900371166
Fibroblasts,Smooth muscle structures,HAVCR2,-0.14282833,-0.48385784,0.8864257660011804,0.9978484900371166
Fibroblasts,Smooth muscle structures,NOTCH1,-0.81262,-0.4831445,0.4164359594920872,0.9978484900371166
Fibroblasts,Smooth muscle structures,RGS5,-0.3778042,-0.47865543,0.7055760706472188,0.9978484900371166
Fibroblasts,Smooth muscle structures,TLR5,0.18110582,0.47821948,0.8562845109594238,0.9978484900371166
Fibroblasts,Smooth muscle structures,ACTG2,-0.27438897,-0.4777849,0.783785724681304,0.9978484900371166
Fibroblasts,Smooth muscle structures,ALCAM,0.19195871,0.47714454,0.8477745465778103,0.9978484900371166
Fibroblasts,Smooth muscle structures,IGFBP6,-0.832585,-0.47541255,0.40507884405392147,0.9978484900371166
Fibroblasts,Smooth muscle structures,TNFRSF10B,-0.91691244,-0.4713485,0.3591885327435911,0.9978484900371166
Fibroblasts,Smooth muscle structures,ITGA6,-0.24435993,-0.4656408,0.8069520760161775,0.9978484900371166
Fibroblasts,Smooth muscle structures,FLT1,-0.7500119,-0.46498227,0.4532475319620045,0.9978484900371166
Fibroblasts,Smooth muscle structures,CD14,-0.66418165,-0.46493843,0.506574067252084,0.9978484900371166
Fibroblasts,Smooth muscle structures,COL9A1,-0.36355126,-0.46192476,0.7161931250873073,0.9978484900371166
Fibroblasts,Smooth muscle structures,CLEC4A,0.15699963,0.4614749,0.8752451341516577,0.9978484900371166
Fibroblasts,Smooth muscle structures,CDH1,0.23099102,0.46126392,0.8173217783690703,0.9978484900371166
Fibroblasts,Smooth muscle structures,BMP7,-0.36922932,-0.4586943,0.7119568113032915,0.9978484900371166
Fibroblasts,Smooth muscle structures,BCL2L1,-1.0790665,-0.45787823,0.28055808280760863,0.9978484900371166
Fibroblasts,Smooth muscle structures,CD69,0.11509771,0.456589,0.9083676774652076,0.9978484900371166
Fibroblasts,Smooth muscle structures,CYP19A1,0.09889318,0.45634857,0.9212230845639978,0.9978484900371166
Fibroblasts,Smooth muscle structures,ANXA2,-1.5527786,-0.45353317,0.12047602861356464,0.8761892990077428
Fibroblasts,Smooth muscle structures,ICAM1,0.8487079,0.45273453,0.39604385634072226,0.9978484900371166
Fibroblasts,Smooth muscle structures,B3GNT7,-0.22640099,-0.44720417,0.8208895627735631,0.9978484900371166
Fibroblasts,Smooth muscle structures,SELPLG,-0.29417032,-0.43800545,0.768627760611832,0.9978484900371166
Fibroblasts,Smooth muscle structures,IFITM1,-1.3295329,-0.43760064,0.18367222694363772,0.9978484900371166
Fibroblasts,Smooth muscle structures,BIRC5,-0.6219125,-0.43600428,0.5339994051204267,0.9978484900371166
Fibroblasts,Smooth muscle structures,PHLDA2,-0.44650513,-0.43592408,0.6552324163596777,0.9978484900371166
Fibroblasts,Smooth muscle structures,PDCD1LG2,-0.3552076,-0.43495163,0.7224340724422966,0.9978484900371166
Fibroblasts,Smooth muscle structures,CD19,0.16630211,0.43487132,0.8679192053617575,0.9978484900371166
Fibroblasts,Smooth muscle structures,CYTOR,-1.313478,-0.4347543,0.18902194647358617,0.9978484900371166
Fibroblasts,Smooth muscle structures,AATK,0.13292065,0.43439543,0.8942561375962125,0.9978484900371166
Fibroblasts,Smooth muscle structures,CD68,-1.2067375,-0.43376178,0.22753324924949547,0.9978484900371166
Fibroblasts,Smooth muscle structures,HPGDS,-0.6513159,-0.43316,0.5148425660265756,0.9978484900371166
Fibroblasts,Smooth muscle structures,IFNGR2,-0.7629796,-0.43141448,0.44547555512924497,0.9978484900371166
Fibroblasts,Smooth muscle structures,VTN,0.24281631,0.43094444,0.8081476975928823,0.9978484900371166
Fibroblasts,Smooth muscle structures,CLEC2B,-0.4320618,-0.4306408,0.6656964943494319,0.9978484900371166
Fibroblasts,Smooth muscle structures,IL4R,-0.8551067,-0.42977846,0.3924920599641045,0.9978484900371166
Fibroblasts,Smooth muscle structures,HDAC3,-0.7929407,-0.42909843,0.4278124035211419,0.9978484900371166
Fibroblasts,Smooth muscle structures,CXCL17,-0.26467168,-0.4259349,0.7912623915847028,0.9978484900371166
Fibroblasts,Smooth muscle structures,TNFRSF11B,0.32013974,0.42369318,0.7488624147591263,0.9978484900371166
Fibroblasts,Smooth muscle structures,CD48,0.096098356,0.42347497,0.9234424560460043,0.9978484900371166
Fibroblasts,Smooth muscle structures,XBP1,-0.8753233,-0.4218357,0.38139802150331126,0.9978484900371166
Fibroblasts,Smooth muscle structures,IL2RG,-0.37248653,-0.42116293,0.7095306354936786,0.9978484900371166
Fibroblasts,Smooth muscle structures,PIGR,-0.31010285,-0.42004633,0.7564827500709753,0.9978484900371166
Fibroblasts,Smooth muscle structures,TLR1,-0.37133732,-0.4186255,0.7103863001684951,0.9978484900371166
Fibroblasts,Smooth muscle structures,GLUL,-0.8748677,-0.41644743,0.3816458992563705,0.9978484900371166
Fibroblasts,Smooth muscle structures,PECAM1,-0.37490055,-0.41619316,0.7077344270773769,0.9978484900371166
Fibroblasts,Smooth muscle structures,FES,-0.6634268,-0.4159656,0.5070572289127376,0.9978484900371166
Fibroblasts,Smooth muscle structures,HDAC11,-0.56262964,-0.41538152,0.5736871091759489,0.9978484900371166
Fibroblasts,Smooth muscle structures,EPHA3,0.3549152,0.4147376,0.7226531235242144,0.9978484900371166
Fibroblasts,Smooth muscle structures,LEFTY2,-0.24911316,-0.4143861,0.8032732478920955,0.9978484900371166
Fibroblasts,Smooth muscle structures,CTSG,-0.64445466,-0.41275755,0.5192806380710148,0.9978484900371166
Fibroblasts,Smooth muscle structures,TPSB2,0.255308,0.41269928,0.7984852125470531,0.9978484900371166
Fibroblasts,Smooth muscle structures,CFD,0.43905905,0.4116554,0.6606187430919211,0.9978484900371166
Fibroblasts,Smooth muscle structures,TNFRSF9,-0.35870284,-0.4108115,0.719817413818878,0.9978484900371166
Fibroblasts,Smooth muscle structures,MPO,-0.29637355,-0.41019088,0.7669448337861957,0.9978484900371166
Fibroblasts,Smooth muscle structures,TNFSF12,-0.50475436,-0.40949753,0.6137313632961379,0.9978484900371166
Fibroblasts,Smooth muscle structures,HDAC1,-0.5150769,-0.40930206,0.6064993131003129,0.9978484900371166
Fibroblasts,Smooth muscle structures,ADGRF1,-0.23472425,-0.40795654,0.8144227651403746,0.9978484900371166
Fibroblasts,Smooth muscle structures,ACKR1,-0.10268081,-0.40575546,0.9182163052847072,0.9978484900371166
Fibroblasts,Smooth muscle structures,FZD4,0.4955539,0.40539744,0.6202091815276496,0.9978484900371166
Fibroblasts,Smooth muscle structures,GPX1,-1.3419566,-0.40295315,0.17961007659954176,0.9978484900371166
Fibroblasts,Smooth muscle structures,KLRB1,-0.50063354,-0.40220368,0.616629049935348,0.9978484900371166
Fibroblasts,Smooth muscle structures,IL2,-0.19792236,-0.40022895,0.8431058098814549,0.9978484900371166
Fibroblasts,Smooth muscle structures,HDAC5,-0.46550447,-0.39972472,0.6415702381414647,0.9978484900371166
Fibroblasts,Smooth muscle structures,CDH5,0.034789074,0.39969093,0.9722479329541388,0.9978484900371166
Fibroblasts,Smooth muscle structures,TBX21,0.124808185,0.39826718,0.9006754086392605,0.9978484900371166
Fibroblasts,Smooth muscle structures,TNFSF13B,0.2147321,0.3968413,0.8299762004179425,0.9978484900371166
Fibroblasts,Smooth muscle structures,CD164,-0.4449751,-0.3966027,0.6563377442896372,0.9978484900371166
Fibroblasts,Smooth muscle structures,TUBB,-1.3921953,-0.39531213,0.16386324460239754,0.9978484900371166
Fibroblasts,Smooth muscle structures,FASLG,-0.21023045,-0.39446536,0.8334878098625671,0.9978484900371166
Fibroblasts,Smooth muscle structures,KIT,-0.2767962,-0.3938895,0.7819366138031387,0.9978484900371166
Fibroblasts,Smooth muscle structures,PTHLH,-0.43282342,-0.39332294,0.6651430646759815,0.9978484900371166
Fibroblasts,Smooth muscle structures,WNT7A,-0.27317855,-0.39252713,0.7847159658370717,0.9978484900371166
Fibroblasts,Smooth muscle structures,PDGFRA,-1.1258304,-0.39212948,0.26023728395057466,0.9978484900371166
Fibroblasts,Smooth muscle structures,CSK,-0.44640312,-0.39187145,0.655306081426847,0.9978484900371166
Fibroblasts,Smooth muscle structures,GATA3,-0.256294,-0.3912356,0.7977238148923994,0.9978484900371166
Fibroblasts,Smooth muscle structures,CCND1,-0.7403218,-0.38977307,0.459104736096137,0.9978484900371166
Fibroblasts,Smooth muscle structures,TLR8,0.0889787,0.38639787,0.9290988370383876,0.9978484900371166
Fibroblasts,Smooth muscle structures,OAS2,0.24699834,0.38335893,0.8049095039957206,0.9978484900371166
Fibroblasts,Smooth muscle structures,IL6,0.116199315,0.38001934,0.9074945791779672,0.9978484900371166
Fibroblasts,Smooth muscle structures,RARRES1,-1.0452838,-0.3790887,0.2958918060109482,0.9978484900371166
Fibroblasts,Smooth muscle structures,HLA.DQB1,-1.286101,-0.37884977,0.19840783836884435,0.9978484900371166
Fibroblasts,Smooth muscle structures,ADGRG5,0.12359777,0.37699735,0.901633755173267,0.9978484900371166
Fibroblasts,Smooth muscle structures,FGFR1,-1.3876393,-0.37637028,0.16524689781401114,0.9978484900371166
Fibroblasts,Smooth muscle structures,FZD3,-0.34948877,-0.3732228,0.72672241242505,0.9978484900371166
Fibroblasts,Smooth muscle structures,IL15,-0.22150494,-0.37290514,0.8246992864399287,0.9978484900371166
Fibroblasts,Smooth muscle structures,LY75,-0.17253096,-0.37151644,0.8630201241820581,0.9978484900371166
Fibroblasts,Smooth muscle structures,SQSTM1,-1.1833385,-0.37042966,0.23667501084645537,0.9978484900371166
Fibroblasts,Smooth muscle structures,IL10RA,0.06764013,0.36984402,0.9460721070605437,0.9978484900371166
Fibroblasts,Smooth muscle structures,LDLR,-0.65542316,-0.36533225,0.5121953414229554,0.9978484900371166
Fibroblasts,Smooth muscle structures,FCER1G,-0.5651389,-0.36518458,0.5719793234996597,0.9978484900371166
Fibroblasts,Smooth muscle structures,CXCR3,-0.278061,-0.36384535,0.7809655400309472,0.9978484900371166
Fibroblasts,Smooth muscle structures,CD74,-1.2415674,-0.36303604,0.21439622242217737,0.9978484900371166
Fibroblasts,Smooth muscle structures,MMP12,0.16352089,0.36281916,0.870108327910917,0.9978484900371166
Fibroblasts,Smooth muscle structures,PTGES2,-0.9386182,-0.3627958,0.3479268072799324,0.9978484900371166
Fibroblasts,Smooth muscle structures,KRT6B,0.112071685,0.362793,0.9107665696088212,0.9978484900371166
Fibroblasts,Smooth muscle structures,CLEC14A,-0.26769772,-0.36220214,0.7889320132239599,0.9978484900371166
Fibroblasts,Smooth muscle structures,NPPC,-0.9916858,-0.3619508,0.32135081339669,0.9978484900371166
Fibroblasts,Smooth muscle structures,PTK6,-0.32705536,-0.35885152,0.7436260014303235,0.9978484900371166
Fibroblasts,Smooth muscle structures,CELSR2,-0.14984599,-0.35806137,0.8808861315408536,0.9978484900371166
Fibroblasts,Smooth muscle structures,LEFTY1,-0.15860444,-0.35759223,0.8739805228319644,0.9978484900371166
Fibroblasts,Smooth muscle structures,SPOCK2,-0.34794515,-0.35705546,0.7278813828373106,0.9978484900371166
Fibroblasts,Smooth muscle structures,HCST,-0.4560456,-0.35653764,0.6483571925548928,0.9978484900371166
Fibroblasts,Smooth muscle structures,IL17B,-0.41469446,-0.35538995,0.678365582956134,0.9978484900371166
Fibroblasts,Smooth muscle structures,CLEC4E,-0.4166529,-0.35020438,0.6769323224749288,0.9978484900371166
Fibroblasts,Smooth muscle structures,ADGRD1,0.17329937,0.34932524,0.8624161224249862,0.9978484900371166
Fibroblasts,Smooth muscle structures,OASL,-0.30067796,-0.3487713,0.7636600699215396,0.9978484900371166
Fibroblasts,Smooth muscle structures,GAS6,-1.1986115,-0.34451652,0.23067906615765266,0.9978484900371166
Fibroblasts,Smooth muscle structures,ACE,-0.15842085,-0.34283996,0.8741251866961911,0.9978484900371166
Fibroblasts,Smooth muscle structures,INHA,0.02405179,0.341241,0.9808112985816506,0.9978484900371166
Fibroblasts,Smooth muscle structures,NOTCH2,-0.88077015,-0.34063035,0.378442244670235,0.9978484900371166
Fibroblasts,Smooth muscle structures,OLFM4,-0.14174712,-0.33996207,0.8872797567795362,0.9978484900371166
Fibroblasts,Smooth muscle structures,SFN,0.06069728,0.3384806,0.9516002993276018,0.9978484900371166
Fibroblasts,Smooth muscle structures,ATR,-0.28846508,-0.33829933,0.7729907624932788,0.9978484900371166
Fibroblasts,Smooth muscle structures,GSN,-1.0774481,-0.33760786,0.28128012995091467,0.9978484900371166
Fibroblasts,Smooth muscle structures,IL10RB,-0.5674373,-0.3318495,0.5704171337522239,0.9978484900371166
Fibroblasts,Smooth muscle structures,MYC,-0.3156449,-0.33131215,0.7522720631822536,0.9978484900371166
Fibroblasts,Smooth muscle structures,CXCL2,-0.44197628,-0.3303987,0.6585063687744386,0.9978484900371166
Fibroblasts,Smooth muscle structures,CCL28,0.1137649,0.33023795,0.9094241665057425,0.9978484900371166
Fibroblasts,Smooth muscle structures,IL13RA1,-0.69059306,-0.32862732,0.4898213216997872,0.9978484900371166
Fibroblasts,Smooth muscle structures,IL1B,0.06637532,0.32623678,0.9470790162691664,0.9978484900371166
Fibroblasts,Smooth muscle structures,CLDN4,-0.5625072,-0.32490143,0.5737704775705245,0.9978484900371166
Fibroblasts,Smooth muscle structures,BMP6,0.14450794,0.32401377,0.8850993881387486,0.9978484900371166
Fibroblasts,Smooth muscle structures,TEK,-0.15473522,-0.32350072,0.8770300634645205,0.9978484900371166
Fibroblasts,Smooth muscle structures,CD8A,0.028573826,0.32321835,0.9772044880695523,0.9978484900371166
Fibroblasts,Smooth muscle structures,EZR,0.08024063,0.32309076,0.9360458744759035,0.9978484900371166
Fibroblasts,Smooth muscle structures,VSIR,0.18136422,0.32271516,0.8560816943379691,0.9978484900371166
Fibroblasts,Smooth muscle structures,PTGS2,0.17385016,0.32151368,0.8619832148808464,0.9978484900371166
Fibroblasts,Smooth muscle structures,IFNL3,0.07336578,0.3203158,0.941515049326233,0.9978484900371166
Fibroblasts,Smooth muscle structures,NCR1,0.09283433,0.31658244,0.9260351762042022,0.9978484900371166
Fibroblasts,Smooth muscle structures,EPHB2,0.28683305,0.31493422,0.7742401478161803,0.9978484900371166
Fibroblasts,Smooth muscle structures,CLEC5A,0.031103445,0.31463808,0.9751870422295899,0.9978484900371166
Fibroblasts,Smooth muscle structures,CCL21,0.28278023,0.3134712,0.7773453116726305,0.9978484900371166
Fibroblasts,Smooth muscle structures,CCR2,0.115838915,0.31294426,0.9077802101955742,0.9978484900371166
Fibroblasts,Smooth muscle structures,WNT10B,-0.24382952,-0.3128109,0.8073628556243615,0.9978484900371166
Fibroblasts,Smooth muscle structures,PPARA,0.18744348,0.31245705,0.8513129369894611,0.9978484900371166
Fibroblasts,Smooth muscle structures,CEACAM6,-0.07013575,0.31217477,0.9440856102805749,0.9978484900371166
Fibroblasts,Smooth muscle structures,NR1H4,0.005453643,0.3107504,0.9956486440433376,0.998769799667298
Fibroblasts,Smooth muscle structures,TGFBR2,0.5193337,0.3107186,0.6035280622390469,0.9978484900371166
Fibroblasts,Smooth muscle structures,IL1RN,0.14548035,0.30916992,0.8843316320577286,0.9978484900371166
Fibroblasts,Smooth muscle structures,RARA,-0.8596356,-0.3072565,0.38998995927446367,0.9978484900371166
Fibroblasts,Smooth muscle structures,WNT5B,0.13035023,0.30641282,0.8962893435620497,0.9978484900371166
Fibroblasts,Smooth muscle structures,HLA.DPB1,-0.69277585,-0.30517086,0.48845022464367516,0.9978484900371166
Fibroblasts,Smooth muscle structures,DDX58,-0.45995563,-0.30513182,0.6455480729722155,0.9978484900371166
Fibroblasts,Smooth muscle structures,MECOM,0.106352836,0.3040602,0.9153024106158537,0.9978484900371166
Fibroblasts,Smooth muscle structures,ATG12,-0.39827234,-0.303814,0.6904294485165992,0.9978484900371166
Fibroblasts,Smooth muscle structures,SAA1,-0.36557087,-0.3034161,0.7146853072518529,0.9978484900371166
Fibroblasts,Smooth muscle structures,IRF3,-0.80635035,-0.30249158,0.42004086439787625,0.9978484900371166
Fibroblasts,Smooth muscle structures,IFNAR2,-0.5161717,-0.3023702,0.60573451698911,0.9978484900371166
Fibroblasts,Smooth muscle structures,FABP5,-0.49961352,-0.3018519,0.617347224468934,0.9978484900371166
Fibroblasts,Smooth muscle structures,AR,-0.33149582,-0.30145285,0.7402700039154454,0.9978484900371166
Fibroblasts,Smooth muscle structures,SMO,-0.46111843,-0.3009206,0.6447136374511591,0.9978484900371166
Fibroblasts,Smooth muscle structures,ADGRE5,0.12565818,0.29879242,0.9000024989219828,0.9978484900371166
Fibroblasts,Smooth muscle structures,CSF3,-0.24676715,-0.29863244,0.8050884392650207,0.9978484900371166
Fibroblasts,Smooth muscle structures,CHI3L1,-0.28448704,-0.29783687,0.7760371633174779,0.9978484900371166
Fibroblasts,Smooth muscle structures,MARCO,-0.15640123,-0.29783446,0.8757167658711216,0.9978484900371166
Fibroblasts,Smooth muscle structures,IL20RA,-0.018883748,0.29752332,0.9849338438172234,0.9978484900371166
Fibroblasts,Smooth muscle structures,BTG1,0.3154409,0.29711968,0.7524269280417524,0.9978484900371166
Fibroblasts,Smooth muscle structures,NPPB,-0.25898683,-0.29704735,0.7956453938453504,0.9978484900371166
Fibroblasts,Smooth muscle structures,CD276,-0.95926315,-0.2952893,0.3374261901805551,0.9978484900371166
Fibroblasts,Smooth muscle structures,IGFBP7,1.6550175,-0.2943206,0.0979209602398656,0.7899506036157224
Fibroblasts,Smooth muscle structures,TLR7,0.032191455,0.29385644,0.9743193716515133,0.9978484900371166
Fibroblasts,Smooth muscle structures,CXCR4,-0.3179909,-0.29357418,0.7504918354761825,0.9978484900371166
Fibroblasts,Smooth muscle structures,HLA.DRB5,0.32500175,0.2925256,0.7451797390663949,0.9978484900371166
Fibroblasts,Smooth muscle structures,ADORA2A,-0.19483514,-0.2897659,0.845522015467217,0.9978484900371166
Fibroblasts,Smooth muscle structures,RGCC,-0.73135936,-0.28932184,0.46455968006374837,0.9978484900371166
Fibroblasts,Smooth muscle structures,TNFRSF4,-0.12259137,-0.28907102,0.9024306918586653,0.9978484900371166
Fibroblasts,Smooth muscle structures,ATM,-0.4165713,-0.28759226,0.6769920183530442,0.9978484900371166
Fibroblasts,Smooth muscle structures,IL11RA,-0.4813962,-0.28755072,0.6302349418552508,0.9978484900371166
Fibroblasts,Smooth muscle structures,BMP2,-0.24352352,-0.2873993,0.8075998680341516,0.9978484900371166
Fibroblasts,Smooth muscle structures,CCL13,0.0382571,0.28562412,0.9694826938205927,0.9978484900371166
Fibroblasts,Smooth muscle structures,IDO1,0.10457122,0.28517896,0.9167160494491504,0.9978484900371166
Fibroblasts,Smooth muscle structures,WNT2B,0.022630578,0.28490952,0.9819449521034425,0.9978484900371166
Fibroblasts,Smooth muscle structures,KLK3,-0.17601259,-0.28435686,0.8602840539481614,0.9978484900371166
Fibroblasts,Smooth muscle structures,CNTFR,-0.25900045,-0.28405434,0.7956349004350842,0.9978484900371166
Fibroblasts,Smooth muscle structures,IFITM3,-0.50389755,-0.2800885,0.6143333580189048,0.9978484900371166
Fibroblasts,Smooth muscle structures,DUSP6,-0.3031532,-0.27916887,0.7617731213968394,0.9978484900371166
Fibroblasts,Smooth muscle structures,C5AR2,0.056454044,0.27717486,0.9549801040268424,0.9978484900371166
Fibroblasts,Smooth muscle structures,AGR2,-0.11902134,-0.26982543,0.9052584508209636,0.9978484900371166
Fibroblasts,Smooth muscle structures,FLT3LG,0.2898931,0.26970395,0.7718980326125549,0.9978484900371166
Fibroblasts,Smooth muscle structures,FGR,0.1019804,0.26177728,0.9187722296939214,0.9978484900371166
Fibroblasts,Smooth muscle structures,TNFRSF1A,0.43620303,0.26117948,0.6626894246934576,0.9978484900371166
Fibroblasts,Smooth muscle structures,ADGRF4,0.13130903,0.26012516,0.895530845081602,0.9978484900371166
Fibroblasts,Smooth muscle structures,POU5F1,-0.008262065,0.25997183,0.9934079008151672,0.9985450951376434
Fibroblasts,Smooth muscle structures,EFNA4,0.23176622,0.25773475,0.8167195904648097,0.9978484900371166
Fibroblasts,Smooth muscle structures,CALM1,-0.5845462,-0.2576404,0.558852887874749,0.9978484900371166
Fibroblasts,Smooth muscle structures,CD53,-0.3177597,-0.25702035,0.7506672193799151,0.9978484900371166
Fibroblasts,Smooth muscle structures,RAMP1,-0.4060992,-0.25622687,0.684669713713007,0.9978484900371166
Fibroblasts,Smooth muscle structures,TNFSF10,-0.3921319,-0.25391424,0.694960765999057,0.9978484900371166
Fibroblasts,Smooth muscle structures,RELA,-0.47507894,-0.25385326,0.6347307063509149,0.9978484900371166
Fibroblasts,Smooth muscle structures,OSM,-0.24574034,-0.25307187,0.8058832456007228,0.9978484900371166
Fibroblasts,Smooth muscle structures,KRT6A,-0.32126853,-0.25215027,0.7480069017402611,0.9978484900371166
Fibroblasts,Smooth muscle structures,NR1H3,-0.3060908,-0.25156787,0.759535503546321,0.9978484900371166
Fibroblasts,Smooth muscle structures,COL4A1,-0.84410423,-0.25117722,0.39861115249610346,0.9978484900371166
Fibroblasts,Smooth muscle structures,SOX2,0.04447915,0.25026977,0.9645224710463033,0.9978484900371166
Fibroblasts,Smooth muscle structures,RB1,-0.42909697,-0.25014988,0.6678526492530813,0.9978484900371166
Fibroblasts,Smooth muscle structures,CYSTM1,-0.4956899,-0.24975954,0.6201132100657503,0.9978484900371166
Fibroblasts,Smooth muscle structures,DLL1,0.11032407,0.24871324,0.912152369255489,0.9978484900371166
Fibroblasts,Smooth muscle structures,ITK,0.021719372,0.2455161,0.9826718114875681,0.9978484900371166
Fibroblasts,Smooth muscle structures,IGHM,-0.32151332,-0.24537684,0.7478214096929721,0.9978484900371166
Fibroblasts,Smooth muscle structures,CD40,-0.007214857,0.24500377,0.9942434270549948,0.9985450951376434
Fibroblasts,Smooth muscle structures,IL6R,0.13581067,0.24258204,0.8919709557084673,0.9978484900371166
Fibroblasts,Smooth muscle structures,SPRY2,0.14588834,0.24169745,0.8840095289419332,0.9978484900371166
Fibroblasts,Smooth muscle structures,IL18R1,-0.2664057,-0.24149746,0.7899267765445022,0.9978484900371166
Fibroblasts,Smooth muscle structures,ATG5,-0.37213972,-0.24131702,0.7097888152913856,0.9978484900371166
Fibroblasts,Smooth muscle structures,ACVR1,0.04958599,0.23991226,0.9604523106991021,0.9978484900371166
Fibroblasts,Smooth muscle structures,TGFB2,0.06205729,0.23948522,0.9505172098722839,0.9978484900371166
Fibroblasts,Smooth muscle structures,CCL4,-0.20208399,-0.23934813,0.8398510620080002,0.9978484900371166
Fibroblasts,Smooth muscle structures,PTPRC,-0.2684457,-0.23693421,0.7883562547472133,0.9978484900371166
Fibroblasts,Smooth muscle structures,IGF2R,0.084218666,0.23683745,0.9328825795112337,0.9978484900371166
Fibroblasts,Smooth muscle structures,ITGA3,-0.3296462,-0.23572166,0.7416673114630186,0.9978484900371166
Fibroblasts,Smooth muscle structures,KLF2,-0.5557412,-0.2356914,0.5783878017126172,0.9978484900371166
Fibroblasts,Smooth muscle structures,CD34,-0.40941083,-0.23535977,0.6822381962648192,0.9978484900371166
Fibroblasts,Smooth muscle structures,JAK2,0.12238056,0.234705,0.9025976302676113,0.9978484900371166
Fibroblasts,Smooth muscle structures,SAA2,-0.023820588,0.23394014,0.9809957181068735,0.9978484900371166
Fibroblasts,Smooth muscle structures,GPER1,-0.227931,-0.23265538,0.8196998856137069,0.9978484900371166
Fibroblasts,Smooth muscle structures,KRT86,0.16258249,0.2302801,0.8708471815600989,0.9978484900371166
Fibroblasts,Smooth muscle structures,LYN,-0.33449465,-0.22883303,0.7380063382104598,0.9978484900371166
Fibroblasts,Smooth muscle structures,EPOR,0.14773117,0.22695793,0.882554936154961,0.9978484900371166
Fibroblasts,Smooth muscle structures,C1QC,-0.4548964,-0.22650227,0.6491837842866754,0.9978484900371166
Fibroblasts,Smooth muscle structures,NRIP3,-0.06437611,0.2250534,0.9486707542187092,0.9978484900371166
Fibroblasts,Smooth muscle structures,CD86,-0.058895264,0.22485298,0.9530355302445643,0.9978484900371166
Fibroblasts,Smooth muscle structures,S100P,0.09704357,0.22270946,0.9226917981176015,0.9978484900371166
Fibroblasts,Smooth muscle structures,CXCL14,0.044655953,0.22123131,0.964381543973522,0.9978484900371166
Fibroblasts,Smooth muscle structures,GPBAR1,-0.13541627,-0.21953107,0.8922827634037807,0.9978484900371166
Fibroblasts,Smooth muscle structures,CASR,0.03924311,0.21921062,0.968696563913095,0.9978484900371166
Fibroblasts,Smooth muscle structures,RARB,-0.42471096,-0.21835257,0.6710474030438796,0.9978484900371166
Fibroblasts,Smooth muscle structures,WIF1,-0.734297,-0.21699493,0.46276775460819775,0.9978484900371166
Fibroblasts,Smooth muscle structures,EPHA4,-0.0076908604,0.21302088,0.9938636415628783,0.9985450951376434
Fibroblasts,Smooth muscle structures,TAP2,-0.5080116,-0.2124784,0.6114452062495205,0.9978484900371166
Fibroblasts,Smooth muscle structures,TNFSF14,-0.26233926,-0.21233521,0.7930598910768721,0.9978484900371166
Fibroblasts,Smooth muscle structures,IL1R2,-0.19378112,-0.21207394,0.8463472654800931,0.9978484900371166
Fibroblasts,Smooth muscle structures,ADGRL2,-0.2539684,-0.21133277,0.7995199701617646,0.9978484900371166
Fibroblasts,Smooth muscle structures,OSMR,-0.6460255,-0.21019216,0.5182628475444604,0.9978484900371166
Fibroblasts,Smooth muscle structures,NLRP1,-0.22705379,-0.20839797,0.8203819166185709,0.9978484900371166
Fibroblasts,Smooth muscle structures,CPA3,-0.15579602,-0.20700349,0.8761938019392492,0.9978484900371166
Fibroblasts,Smooth muscle structures,FZD5,-0.12451578,0.20665286,0.9009069061095807,0.9978484900371166
Fibroblasts,Smooth muscle structures,ENTPD1,0.10595164,0.20491752,0.9156207259242828,0.9978484900371166
Fibroblasts,Smooth muscle structures,CXCL16,0.1902859,0.20454405,0.8490851025003585,0.9978484900371166
Fibroblasts,Smooth muscle structures,XCL2,-0.1911495,-0.20350046,0.8484084623646448,0.9978484900371166
Fibroblasts,Smooth muscle structures,CSF2RB,-0.24293871,-0.2034114,0.8080528741987063,0.9978484900371166
Fibroblasts,Smooth muscle structures,PTPRCAP,-0.2418099,-0.20283124,0.8089274633408253,0.9978484900371166
Fibroblasts,Smooth muscle structures,CCRL2,-0.3035476,-0.20274456,0.7614725842347356,0.9978484900371166
Fibroblasts,Smooth muscle structures,NR1H2,-0.44857913,-0.19808051,0.6537352884950116,0.9978484900371166
Fibroblasts,Smooth muscle structures,SPRY4,-0.33350182,-0.1979891,0.7387555099992047,0.9978484900371166
Fibroblasts,Smooth muscle structures,VPREB3,-0.017999742,0.19718634,0.9856390593721623,0.9978484900371166
Fibroblasts,Smooth muscle structures,CD209,-0.17011014,-0.19714218,0.8649235189051528,0.9978484900371166
Fibroblasts,Smooth muscle structures,MZT2A,2.438635,-0.1967995,0.014742842068015837,0.20218754836136005
Fibroblasts,Smooth muscle structures,ROR1,-0.46777567,-0.19492678,0.6399450099944711,0.9978484900371166
Fibroblasts,Smooth muscle structures,SOD2,0.686785,0.19457339,0.4922182164330001,0.9978484900371166
Fibroblasts,Smooth muscle structures,SOX9,-0.048402783,0.1928898,0.9613952426851362,0.9978484900371166
Fibroblasts,Smooth muscle structures,SRGN,0.060568076,0.19259043,0.951703197507695,0.9978484900371166
Fibroblasts,Smooth muscle structures,H4C3,-0.7423211,-0.18961251,0.457892841626394,0.9978484900371166
Fibroblasts,Smooth muscle structures,ENG,0.32188734,0.18749686,0.7475380472582973,0.9978484900371166
Fibroblasts,Smooth muscle structures,CD59,-0.55171555,-0.18743172,0.5811432564186945,0.9978484900371166
Fibroblasts,Smooth muscle structures,ERBB2,-0.3933151,-0.1873324,0.69408676762334,0.9978484900371166
Fibroblasts,Smooth muscle structures,SERPINA3,0.013334905,0.1862422,0.9893606004420692,0.9985450951376434
Fibroblasts,Smooth muscle structures,PSCA,-0.14297113,-0.18621965,0.8863129846036562,0.9978484900371166
Fibroblasts,Smooth muscle structures,KRT5,-0.12998302,-0.18549755,0.8965798574855786,0.9978484900371166
Fibroblasts,Smooth muscle structures,LIFR,-0.24239472,-0.18475358,0.808474333069861,0.9978484900371166
Fibroblasts,Smooth muscle structures,IL12RB1,-0.078261815,0.18437032,0.9376197901694048,0.9978484900371166
Fibroblasts,Smooth muscle structures,BECN1,-0.33542624,-0.18280934,0.7373035744540977,0.9978484900371166
Fibroblasts,Smooth muscle structures,TIE1,-0.17655659,-0.18152091,0.8598566935703529,0.9978484900371166
Fibroblasts,Smooth muscle structures,CXCR6,-0.17061335,-0.18000324,0.8645278045363167,0.9978484900371166
Fibroblasts,Smooth muscle structures,CD33,-0.042636335,0.17928506,0.965991429920498,0.9978484900371166
Fibroblasts,Smooth muscle structures,NRG4,-0.13708907,-0.17810483,0.8909603837443683,0.9978484900371166
Fibroblasts,Smooth muscle structures,FASN,-0.24803196,-0.17782265,0.8041096831633043,0.9978484900371166
Fibroblasts,Smooth muscle structures,ANGPTL1,-0.3052,-0.17734896,0.7602138287838394,0.9978484900371166
Fibroblasts,Smooth muscle structures,AKT1,-0.5197893,-0.17716807,0.6032104409751278,0.9978484900371166
Fibroblasts,Smooth muscle structures,DNMT1,-0.43899786,-0.17677557,0.6606630876821408,0.9978484900371166
Fibroblasts,Smooth muscle structures,IL16,-0.5012863,-0.17603841,0.616169610612513,0.9978484900371166
Fibroblasts,Smooth muscle structures,BATF3,0.04783838,0.17570409,0.9618450511858994,0.9978484900371166
Fibroblasts,Smooth muscle structures,ITGB4,-0.17002854,-0.1753276,0.8649876919973483,0.9978484900371166
Fibroblasts,Smooth muscle structures,STAT6,-0.49351388,-0.1745594,0.6216495289011545,0.9978484900371166
Fibroblasts,Smooth muscle structures,SREBF1,0.10397962,0.17329232,0.9171855223422476,0.9978484900371166
Fibroblasts,Smooth muscle structures,CD81,-0.6704445,-0.16791381,0.5025744861509073,0.9978484900371166
Fibroblasts,Smooth muscle structures,LGALS3,-0.6509283,-0.16773926,0.5150927534645271,0.9978484900371166
Fibroblasts,Smooth muscle structures,STAT4,-0.10682884,-0.16584682,0.9149247660059263,0.9978484900371166
Fibroblasts,Smooth muscle structures,TGFBR1,0.06258089,0.16579722,0.9501002446932623,0.9978484900371166
Fibroblasts,Smooth muscle structures,DMBT1,-0.07151616,0.16556813,0.9429869608866143,0.9978484900371166
Fibroblasts,Smooth muscle structures,RSPO1,-0.056889247,0.16372792,0.9546334190996828,0.9978484900371166
Fibroblasts,Smooth muscle structures,IL1RL1,-0.13043863,-0.16248955,0.8962194071001548,0.9978484900371166
Fibroblasts,Smooth muscle structures,LPAR5,-0.16724733,-0.16212022,0.8671754544868833,0.9978484900371166
Fibroblasts,Smooth muscle structures,TIMP1,2.5597985,0.16083196,0.010473284827800895,0.15006497663714716
Fibroblasts,Smooth muscle structures,C11orf96,-0.35728842,-0.16047263,0.7208759017764572,0.9978484900371166
Fibroblasts,Smooth muscle structures,COL4A5,-0.47522175,-0.15902287,0.6346289300118629,0.9978484900371166
Fibroblasts,Smooth muscle structures,WNT11,-0.24395192,-0.15847549,0.8072680556106314,0.9978484900371166
Fibroblasts,Smooth muscle structures,UCP1,-0.036339488,0.15764776,0.9710116651819051,0.9978484900371166
Fibroblasts,Smooth muscle structures,CLEC1A,-0.039549112,0.1574416,0.9684525987116819,0.9978484900371166
Fibroblasts,Smooth muscle structures,TWIST2,-0.15416402,-0.15544434,0.877480415051602,0.9978484900371166
Fibroblasts,Smooth muscle structures,COL14A1,0.91747683,0.15524232,0.35889282939449385,0.9978484900371166
Fibroblasts,Smooth muscle structures,TLR2,-0.27005732,-0.15495501,0.7871161501734927,0.9978484900371166
Fibroblasts,Smooth muscle structures,ST6GAL1,0.03674069,0.15446435,0.9706917650091316,0.9978484900371166
Fibroblasts,Smooth muscle structures,ABL1,-0.33537185,-0.15385404,0.7373446057225612,0.9978484900371166
Fibroblasts,Smooth muscle structures,TSC22D1,0.0635261,0.15374506,0.9493475759890286,0.9978484900371166
Fibroblasts,Smooth muscle structures,ITGAX,-0.20460682,-0.15275738,0.8378793326744991,0.9978484900371166
Fibroblasts,Smooth muscle structures,COL18A1,-0.55125314,-0.15167445,0.5814601542256183,0.9978484900371166
Fibroblasts,Smooth muscle structures,CAMP,0.054332428,0.15131675,0.9566703138135434,0.9978484900371166
Fibroblasts,Smooth muscle structures,HCK,0.04594796,0.14981987,0.9633517263428536,0.9978484900371166
Fibroblasts,Smooth muscle structures,S100A6,0.28561586,-0.1484087,0.7751723620646707,0.9978484900371166
Fibroblasts,Smooth muscle structures,TNFRSF1B,-0.2148137,-0.14834654,0.8299125769693636,0.9978484900371166
Fibroblasts,Smooth muscle structures,DDIT3,-0.08767989,0.14650106,0.9301311028320609,0.9978484900371166
Fibroblasts,Smooth muscle structures,CD52,-0.0760314,0.14532204,0.9393941176423467,0.9978484900371166
Fibroblasts,Smooth muscle structures,CIITA,-0.15931165,0.14406146,0.8734233384642442,0.9978484900371166
Fibroblasts,Smooth muscle structures,NGFR,-0.2530096,-0.14229567,0.8002607997752217,0.9978484900371166
Fibroblasts,Smooth muscle structures,PDGFD,-0.28500384,-0.14178425,0.7756411956797191,0.9978484900371166
Fibroblasts,Smooth muscle structures,HMGN2,-0.2035664,-0.14060816,0.8386923491262679,0.9978484900371166
Fibroblasts,Smooth muscle structures,CASP8,-0.20890445,-0.14052677,0.8345228333194057,0.9978484900371166
Fibroblasts,Smooth muscle structures,ICAM2,-0.18324785,-0.13877256,0.8546035559091847,0.9978484900371166
Fibroblasts,Smooth muscle structures,RELT,-0.25082678,-0.13871953,0.8019480386840742,0.9978484900371166
Fibroblasts,Smooth muscle structures,TNFSF4,0.043683544,0.13829468,0.9651566565249542,0.9978484900371166
Fibroblasts,Smooth muscle structures,CD3D,-0.07239337,0.13418242,0.9422888606017256,0.9978484900371166
Fibroblasts,Smooth muscle structures,CCL11,-0.024622994,0.13315585,0.98035567828959,0.9978484900371166
Fibroblasts,Smooth muscle structures,TYMS,-0.3070768,-0.12780242,0.7587849011895442,0.9978484900371166
Fibroblasts,Smooth muscle structures,NFKB1,-0.1406659,-0.12693182,0.8881338784489902,0.9978484900371166
Fibroblasts,Smooth muscle structures,LTB,0.04420715,0.12659335,0.9647392840900055,0.9978484900371166
Fibroblasts,Smooth muscle structures,TLR4,-0.06829294,0.1259816,0.9455524455867378,0.9978484900371166
Fibroblasts,Smooth muscle structures,CSF1,-0.3326246,-0.12594771,0.7394176559221208,0.9978484900371166
Fibroblasts,Smooth muscle structures,STAT3,-0.56579167,-0.125503,0.5715354179380772,0.9978484900371166
Fibroblasts,Smooth muscle structures,IL7,-0.07290337,0.12327821,0.9418830086879812,0.9978484900371166
Fibroblasts,Smooth muscle structures,LEP,-0.12155776,-0.12326891,0.9032492697178454,0.9978484900371166
Fibroblasts,Smooth muscle structures,SELENOP,-0.4460563,-0.12315381,0.6555565677417358,0.9978484900371166
Fibroblasts,Smooth muscle structures,S100A9,-0.42794096,-0.1198777,0.668694096459223,0.9978484900371166
Fibroblasts,Smooth muscle structures,G6PD,-0.21906373,0.119697206,0.8266004068802821,0.9978484900371166
Fibroblasts,Smooth muscle structures,FFAR4,-0.16374528,-0.1192176,0.8699316622889772,0.9978484900371166
Fibroblasts,Smooth muscle structures,CCL26,-0.059534468,0.118439145,0.9525264117929026,0.9978484900371166
Fibroblasts,Smooth muscle structures,TNFRSF14,-0.4669189,-0.11763494,0.6405579176497833,0.9978484900371166
Fibroblasts,Smooth muscle structures,CCR7,-0.2151945,-0.11737351,0.8296156822951635,0.9978484900371166
Fibroblasts,Smooth muscle structures,RXRB,-0.35883883,-0.117021106,0.7197156643953608,0.9978484900371166
Fibroblasts,Smooth muscle structures,ITGA1,-0.57424414,-0.11639422,0.5658026140627926,0.9978484900371166
Fibroblasts,Smooth muscle structures,CD44,-0.056726046,0.114902124,0.9547634249450327,0.9978484900371166
Fibroblasts,Smooth muscle structures,HBB,-0.16819933,-0.113645814,0.8664264717249627,0.9978484900371166
Fibroblasts,Smooth muscle structures,OXGR1,-0.017027333,0.11328122,0.986414809422108,0.9978484900371166
Fibroblasts,Smooth muscle structures,FAS,0.07735061,0.10786027,0.9383446309378598,0.9978484900371166
Fibroblasts,Smooth muscle structures,COL15A1,0.057351653,0.10756632,0.9542650757707706,0.9978484900371166
Fibroblasts,Smooth muscle structures,ADGRG3,-0.059031267,-0.107093655,0.9529272055575451,0.9978484900371166
Fibroblasts,Smooth muscle structures,IGF1R,-0.05198641,0.10651181,0.9585395223267729,0.9978484900371166
Fibroblasts,Smooth muscle structures,PDGFRB,-0.051911607,0.10361027,0.9585991240842571,0.9978484900371166
Fibroblasts,Smooth muscle structures,BMP3,-0.09611196,0.10201339,0.9234316547274096,0.9978484900371166
Fibroblasts,Smooth muscle structures,PPARG,-0.047865577,0.10108563,0.9618233733880959,0.9978484900371166
Fibroblasts,Smooth muscle structures,CD79A,-0.12860942,-0.100179635,0.8976667173974051,0.9978484900371166
Fibroblasts,Smooth muscle structures,TNFRSF10D,-0.12161896,0.10005703,0.9032007984187462,0.9978484900371166
Fibroblasts,Smooth muscle structures,IFNGR1,-0.43878704,-0.09769224,0.6608158392782142,0.9978484900371166
Fibroblasts,Smooth muscle structures,NRXN3,-0.13436906,-0.094054274,0.8931107472800998,0.9978484900371166
Fibroblasts,Smooth muscle structures,HLA.DRB1,-0.43461183,-0.093950495,0.6638442107268876,0.9978484900371166
Fibroblasts,Smooth muscle structures,MMP7,-0.11904174,0.09175978,0.9052422887503971,0.9978484900371166
Fibroblasts,Smooth muscle structures,TNFRSF10A,0.026737811,0.09141487,0.9786688553466072,0.9978484900371166
Fibroblasts,Smooth muscle structures,COTL1,-0.45841882,-0.09051711,0.6466515789136371,0.9978484900371166
Fibroblasts,Smooth muscle structures,CASP3,-0.13177145,0.09016262,0.8951650784840517,0.9978484900371166
Fibroblasts,Smooth muscle structures,YBX3,-0.13183264,0.088435724,0.8951166698674252,0.9978484900371166
Fibroblasts,Smooth muscle structures,IGHD,-0.16685972,-0.08744724,0.8674804316692657,0.9978484900371166
Fibroblasts,Smooth muscle structures,ACKR4,-0.017088534,0.086601175,0.9863659856059681,0.9978484900371166
Fibroblasts,Smooth muscle structures,KRT16,0.07161816,0.08607752,0.9429057841744487,0.9978484900371166
Fibroblasts,Smooth muscle structures,HCAR2,0.00054400426,0.0852663,0.9995659474003112,0.9995659474003112
Fibroblasts,Smooth muscle structures,IFI27,-0.032164253,0.08520986,0.9743410630498686,0.9978484900371166
Fibroblasts,Smooth muscle structures,PTK2,-0.37078652,-0.08500674,0.7107965411746984,0.9978484900371166
Fibroblasts,Smooth muscle structures,ST6GALNAC3,-0.20859164,-0.08297557,0.8347670345640129,0.9978484900371166
Fibroblasts,Smooth muscle structures,RSPO3,-0.1778554,-0.08293846,0.8588365368761397,0.9978484900371166
Fibroblasts,Smooth muscle structures,CD300A,-0.14337233,-0.082933314,0.8859961349114598,0.9978484900371166
Fibroblasts,Smooth muscle structures,INHBB,-0.030022237,0.082678616,0.9760493189571384,0.9978484900371166
Fibroblasts,Smooth muscle structures,CALB1,-0.229393,-0.08083455,0.8185634705255331,0.9978484900371166
Fibroblasts,Smooth muscle structures,EFNA1,-0.09366394,0.07871795,0.9253761176032611,0.9978484900371166
Fibroblasts,Smooth muscle structures,ITGB8,-0.2030836,-0.07696695,0.8390696898207864,0.9978484900371166
Fibroblasts,Smooth muscle structures,EFNB3,-0.15857045,-0.07690739,0.8740073121187732,0.9978484900371166
Fibroblasts,Smooth muscle structures,CHGA,-0.092222326,-0.07468995,0.9265213995355466,0.9978484900371166
Fibroblasts,Smooth muscle structures,PTGES,-0.15670724,-0.07426477,0.8754755850346799,0.9978484900371166
Fibroblasts,Smooth muscle structures,PTGDS,0.99532384,0.073022164,0.3195787853533155,0.9978484900371166
Fibroblasts,Smooth muscle structures,HLA.DRA,-0.3935939,-0.07278151,0.6938808846367841,0.9978484900371166
Fibroblasts,Smooth muscle structures,NLRC5,-0.23435704,-0.07141781,0.8147078020052422,0.9978484900371166
Fibroblasts,Smooth muscle structures,HGF,-0.13866669,0.07058112,0.8897135392264401,0.9978484900371166
Fibroblasts,Smooth muscle structures,EPHA2,-0.22041693,-0.07025749,0.8255464561481147,0.9978484900371166
Fibroblasts,Smooth muscle structures,EZH2,-0.16007327,0.06985526,0.8728233639692463,0.9978484900371166
Fibroblasts,Smooth muscle structures,BCL2,-0.09051552,0.06612779,0.9278775668075719,0.9978484900371166
Fibroblasts,Smooth muscle structures,FYN,-0.12856862,0.06167548,0.8976990033115604,0.9978484900371166
Fibroblasts,Smooth muscle structures,S100A8,-0.007344058,0.06090889,0.9941403422888486,0.9985450951376434
Fibroblasts,Smooth muscle structures,CHEK1,-0.13823149,-0.05758479,0.8900574692232718,0.9978484900371166
Fibroblasts,Smooth muscle structures,SNAI1,-0.13170344,0.057487495,0.895218866293718,0.9978484900371166
Fibroblasts,Smooth muscle structures,FGF2,-0.0762354,0.05595037,0.9392318189574623,0.9978484900371166
Fibroblasts,Smooth muscle structures,NTRK2,-0.024541393,0.055075847,0.9804207665138711,0.9978484900371166
Fibroblasts,Smooth muscle structures,LCN2,-0.011288089,-0.055039376,0.990993599379984,0.9985450951376434
Fibroblasts,Smooth muscle structures,CXCL10,-0.18093583,0.052532665,0.856417948124409,0.9978484900371166
Fibroblasts,Smooth muscle structures,FGF1,-0.20566761,-0.052133523,0.8370505529045038,0.9978484900371166
Fibroblasts,Smooth muscle structures,DUSP2,-0.17955542,0.051320348,0.8575016095544126,0.9978484900371166
Fibroblasts,Smooth muscle structures,IFNG,0.04715837,0.050643146,0.9623870052568102,0.9978484900371166
Fibroblasts,Smooth muscle structures,PTGIS,-0.34816954,0.04926737,0.7277128594155542,0.9978484900371166
Fibroblasts,Smooth muscle structures,CCR1,-0.07923423,0.049224373,0.9368463230930616,0.9978484900371166
Fibroblasts,Smooth muscle structures,TPSAB1,-0.16316049,-0.048683446,0.8703920771698533,0.9978484900371166
Fibroblasts,Smooth muscle structures,CD163,-0.079628624,0.04744461,0.9365326261196095,0.9978484900371166
Fibroblasts,Smooth muscle structures,C1QB,-0.22982141,-0.045676492,0.8182305465631386,0.9978484900371166
Fibroblasts,Smooth muscle structures,KDR,-0.05323762,0.045012653,0.9575425820957235,0.9978484900371166
Fibroblasts,Smooth muscle structures,LTBR,-0.36480927,-0.04486675,0.7152537815446804,0.9978484900371166
Fibroblasts,Smooth muscle structures,SMAD3,-0.09698916,0.04454181,0.922734999590646,0.9978484900371166
Fibroblasts,Smooth muscle structures,MTRNR2L1,-0.16772333,-0.04396119,0.8668009481568022,0.9978484900371166
Fibroblasts,Smooth muscle structures,PTGDR2,-0.0632609,0.043120284,0.9495587518845295,0.9978484900371166
Fibroblasts,Smooth muscle structures,CFLAR,-0.21397729,-0.04230886,0.8305647701148701,0.9978484900371166
Fibroblasts,Smooth muscle structures,CRIP1,-0.24799795,-0.04120722,0.804135989802349,0.9978484900371166
Fibroblasts,Smooth muscle structures,IL17RA,-0.0379239,0.04118354,0.9697483582554336,0.9978484900371166
Fibroblasts,Smooth muscle structures,KRT14,-0.06864654,0.040684417,0.9452709719474017,0.9978484900371166
Fibroblasts,Smooth muscle structures,CXCL8,-0.11034447,-0.040593464,0.9121361910563787,0.9978484900371166
Fibroblasts,Smooth muscle structures,CXCL6,-0.04209233,-0.039945476,0.966425093205869,0.9978484900371166
Fibroblasts,Smooth muscle structures,KITLG,-0.20810203,0.03990954,0.8351492945792054,0.9978484900371166
Fibroblasts,Smooth muscle structures,ICAM3,-0.11773613,0.038377855,0.906276740103093,0.9978484900371166
Fibroblasts,Smooth muscle structures,IFIT1,-0.21970972,-0.037783008,0.826097225478128,0.9978484900371166
Fibroblasts,Smooth muscle structures,MT2A,-0.2026688,-0.036812473,0.839393913491778,0.9978484900371166
Fibroblasts,Smooth muscle structures,CLOCK,0.0070380555,0.035862762,0.9943844905745699,0.9985450951376434
Fibroblasts,Smooth muscle structures,HLA.E,-0.25844964,-0.034733642,0.7960599130960263,0.9978484900371166
Fibroblasts,Smooth muscle structures,WNT5A,-0.25197598,-0.034667924,0.8010596259060818,0.9978484900371166
Fibroblasts,Smooth muscle structures,PTTG1,0.003978031,0.033500053,0.9968259985795124,0.998907054943979
Fibroblasts,Smooth muscle structures,SRC,-0.18940869,0.03327481,0.849772512227146,0.9978484900371166
Fibroblasts,Smooth muscle structures,RARG,-0.11556011,-0.03298187,0.9080011782219148,0.9978484900371166
Fibroblasts,Smooth muscle structures,IFIH1,-0.18694708,0.030483762,0.8517021308340356,0.9978484900371166
Fibroblasts,Smooth muscle structures,STAT5A,-0.26387608,-0.030378053,0.7918754086084061,0.9978484900371166
Fibroblasts,Smooth muscle structures,CRYAB,-0.22990301,-0.028918054,0.8181671361894876,0.9978484900371166
Fibroblasts,Smooth muscle structures,ANXA4,-0.30135116,-0.02837007,0.7631467218661818,0.9978484900371166
Fibroblasts,Smooth muscle structures,ITGA2,-0.13785748,-0.02662583,0.8903530505978059,0.9978484900371166
Fibroblasts,Smooth muscle structures,SERPINB5,-0.17028694,-0.02628387,0.8647844802618431,0.9978484900371166
Fibroblasts,Smooth muscle structures,CSF3R,0.047545973,0.02511807,0.9620780892904806,0.9978484900371166
Fibroblasts,Smooth muscle structures,IL18,-0.0014212112,0.023981063,0.9988660379091193,0.9995659474003112
Fibroblasts,Smooth muscle structures,STAT1,-0.19709276,-0.022469023,0.8437549545090034,0.9978484900371166
Fibroblasts,Smooth muscle structures,GDF9,-0.15352482,-0.022280809,0.8779844269385032,0.9978484900371166
Fibroblasts,Smooth muscle structures,IL2RA,-0.09715237,0.019737018,0.9226053958558464,0.9978484900371166
Fibroblasts,Smooth muscle structures,NDRG1,-0.2649777,0.01933374,0.791026650154967,0.9978484900371166
Fibroblasts,Smooth muscle structures,MSMB,-0.12000734,0.019240223,0.9044773290906267,0.9978484900371166
Fibroblasts,Smooth muscle structures,INSR,-0.085966274,0.017779302,0.9314932247286846,0.9978484900371166
Fibroblasts,Smooth muscle structures,NOD2,-0.18111943,-0.014430981,0.8562738361636512,0.9978484900371166
Fibroblasts,Smooth muscle structures,SCG5,-0.08532027,-0.01408836,0.9320067753615398,0.9978484900371166
Fibroblasts,Smooth muscle structures,WNT9A,-0.019257752,-0.013783515,0.9846354869021282,0.9978484900371166
Fibroblasts,Smooth muscle structures,NLRP2,-0.09705716,-0.013456125,0.9226809977849711,0.9978484900371166
Fibroblasts,Smooth muscle structures,ITGAL,-0.09369114,0.013004948,0.9253545099891145,0.9978484900371166
Fibroblasts,Smooth muscle structures,BRCA1,-0.13179184,0.012405734,0.895148942235124,0.9978484900371166
Fibroblasts,Smooth muscle structures,RPL32,-0.18484585,0.012004045,0.8533499393143891,0.9978484900371166
Fibroblasts,Smooth muscle structures,RGS1,-0.20729963,-0.011776835,0.8357758604557337,0.9978484900371166
Fibroblasts,Smooth muscle structures,DUSP5,-0.2155141,0.01127001,0.8293665216125816,0.9978484900371166
Fibroblasts,Smooth muscle structures,S100A4,-0.3954231,-0.010116761,0.6925306523524355,0.9978484900371166
Fibroblasts,Smooth muscle structures,GPR183,-0.10368722,-0.008778599,0.9174175713434991,0.9978484900371166
Fibroblasts,Smooth muscle structures,ACVRL1,-0.07034656,-0.006890192,0.9439178293017013,0.9978484900371166
Fibroblasts,Smooth muscle structures,SIGIRR,-0.099777184,0.0044701025,0.9205212204483741,0.9978484900371166
Fibroblasts,Smooth muscle structures,CD58,-0.1267258,0.004448381,0.8991574261978247,0.9978484900371166
Fibroblasts,Smooth muscle structures,C9orf16,-0.12861621,0.0044260933,0.8976613364281818,0.9978484900371166
Fibroblasts,Smooth muscle structures,RPL22,-0.10030759,0.0025825698,0.920100131658312,0.9978484900371166
Fibroblasts,Smooth muscle structures,CLEC12A,-0.10128,0.0019155057,0.9193281938129193,0.9978484900371166
Fibroblasts,Smooth muscle structures,APOD,-0.18798068,-0.0012782038,0.8508917954112638,0.9978484900371166
Fibroblasts,Desmoplastic stroma,IGFBP5,-13.431103,-1.4654856,3.974492110658261e-41,3.4686476602108464e-39
Fibroblasts,Desmoplastic stroma,IGF1,16.374891,1.3238382,2.890263071242783e-60,4.624420913988453e-58
Fibroblasts,Desmoplastic stroma,PTGDS,17.50574,1.2386327,1.295324598128229e-68,4.145038714010333e-66
Fibroblasts,Desmoplastic stroma,IGKC,12.746065,1.1903512,3.2788162801476516e-37,2.535206811566466e-35
Fibroblasts,Desmoplastic stroma,IGHG2,7.0565243,1.1118644,1.7071862755673687e-12,5.85321008765955e-11
Fibroblasts,Desmoplastic stroma,IGHG1,10.159839,1.099776,2.995713385831494e-24,1.4379424251991173e-22
Fibroblasts,Desmoplastic stroma,LUM,21.00196,1.0029616,6.29340514474423e-98,6.04166893895446e-95
Fibroblasts,Desmoplastic stroma,MMP1,-2.4612713,-0.9820694,0.013844562673395313,0.1315918828362327
Fibroblasts,Desmoplastic stroma,ZFP36,13.508426,0.95485634,1.3947236822419868e-41,1.3389347349523073e-39
Fibroblasts,Desmoplastic stroma,JUN,14.642392,0.8976804,1.5067157437868592e-48,1.808058892544231e-46
Fibroblasts,Desmoplastic stroma,CXCL12,11.276588,0.8875298,1.7125871920437932e-29,9.671080613894362e-28
Fibroblasts,Desmoplastic stroma,FOS,11.793301,0.86052066,4.2264684159069244e-32,2.7049397861804316e-30
Fibroblasts,Desmoplastic stroma,COL15A1,-5.6898947,-0.8482108,1.2711792797807473e-08,3.589212084086816e-07
Fibroblasts,Desmoplastic stroma,DUSP1,12.365523,0.8361657,4.0158531838749674e-35,2.7537278975142632e-33
Fibroblasts,Desmoplastic stroma,IGHA1,4.753122,0.81118506,2.002995075042494e-06,4.370171072819987e-05
Fibroblasts,Desmoplastic stroma,JUNB,14.533951,0.7921189,7.38362443712345e-48,7.875866066265013e-46
Fibroblasts,Desmoplastic stroma,COL14A1,11.39872,0.78777534,4.243124950652605e-30,2.545874970391563e-28
Fibroblasts,Desmoplastic stroma,GADD45B,10.373775,0.7790305,3.263742186527941e-25,1.649048683719381e-23
Fibroblasts,Desmoplastic stroma,WNT2,2.9409735,0.7719718,0.003271825871460923,0.037842805260270916
Fibroblasts,Desmoplastic stroma,TIMP1,-12.742479,-0.6955278,3.433092557329589e-37,2.535206811566466e-35
Fibroblasts,Desmoplastic stroma,CCL19,-2.8543994,-0.69148743,0.0043118269467179665,0.048132021730805205
Fibroblasts,Desmoplastic stroma,CD55,-3.2616346,-0.64059055,0.0011077180235556246,0.015191561465905707
Fibroblasts,Desmoplastic stroma,CXCL9,-3.5245342,-0.6352873,0.0004242280972272692,0.006363421458409038
Fibroblasts,Desmoplastic stroma,GSN,-9.150001,-0.6206158,5.693303095593679e-20,2.4843504417136056e-18
Fibroblasts,Desmoplastic stroma,ITGA5,-3.669107,-0.61839026,0.0002433993097570932,0.003837910107207981
Fibroblasts,Desmoplastic stroma,SELENOP,5.8284655,0.6024374,5.593939232249274e-09,1.6273277766543341e-07
Fibroblasts,Desmoplastic stroma,IGFBP3,5.6362457,0.60094136,1.737975539044449e-08,4.76701862137906e-07
Fibroblasts,Desmoplastic stroma,COL3A1,16.42197,0.59829694,1.3317264461255638e-60,2.5569147765610828e-58
Fibroblasts,Desmoplastic stroma,CXCL10,-2.1456296,-0.59582984,0.03190253120305987,0.2710303535835175
Fibroblasts,Desmoplastic stroma,THBS1,7.666109,0.5831006,1.7729242168109728e-14,6.546181723609745e-13
Fibroblasts,Desmoplastic stroma,COL5A3,-4.7545047,-0.5809895,1.98933473376186e-06,4.370171072819987e-05
Fibroblasts,Desmoplastic stroma,HSPA1B,3.8220594,0.5781303,0.0001323417588490699,0.0021904842843983984
Fibroblasts,Desmoplastic stroma,GAS6,6.293788,0.5772932,3.098113458549588e-10,9.594157807121304e-09
Fibroblasts,Desmoplastic stroma,FN1,-16.337048,-0.56064004,5.379546050896853e-60,7.377663155515685e-58
Fibroblasts,Desmoplastic stroma,COL1A1,18.803354,0.55294895,7.088920408577756e-79,3.402681796117323e-76
Fibroblasts,Desmoplastic stroma,SPRY4,-1.4549387,-0.5474552,0.14568626144585242,0.8324929225477282
Fibroblasts,Desmoplastic stroma,COL1A2,16.462347,0.5429961,6.839624961422482e-61,1.6415099907413955e-58
Fibroblasts,Desmoplastic stroma,HSPA1A,5.131255,0.5411858,2.878165055494625e-07,7.084713982756e-06
Fibroblasts,Desmoplastic stroma,CD34,-2.1153011,-0.540997,0.03440429189810902,0.2822916258306381
Fibroblasts,Desmoplastic stroma,TXK,1.1038885,0.53015757,0.26964149208069466,0.9992479176579981
Fibroblasts,Desmoplastic stroma,MET,-0.9378205,-0.52715796,0.348336660932105,0.9992479176579981
Fibroblasts,Desmoplastic stroma,COL4A1,-4.963793,-0.5248542,6.912964264222052e-07,1.6591114234132927e-05
Fibroblasts,Desmoplastic stroma,MYH11,-0.7708268,-0.5172335,0.4408095920222477,0.9992479176579981
Fibroblasts,Desmoplastic stroma,CD44,-4.058269,-0.5146396,4.9437795087362113e-05,0.0008788941348864376
Fibroblasts,Desmoplastic stroma,RARRES2,9.118544,0.51224566,7.61406870854527e-20,3.1780460696536776e-18
Fibroblasts,Desmoplastic stroma,DCN,10.53162,0.5073187,6.176207594113677e-26,3.2939773835272947e-24
Fibroblasts,Desmoplastic stroma,LYN,-1.3284389,-0.5056986,0.1840331610101632,0.9410291034097026
Fibroblasts,Desmoplastic stroma,IL10RA,-0.997665,-0.5004936,0.31844184150060906,0.9992479176579981
Fibroblasts,Desmoplastic stroma,TGFB3,-4.487434,-0.4944465,7.208609421309973e-06,0.00014723968179696965
Fibroblasts,Desmoplastic stroma,FGF7,4.800963,0.49280086,1.5790456322659361e-06,3.609247159464997e-05
Fibroblasts,Desmoplastic stroma,HLA.DPB1,-3.0809386,-0.48770285,0.0020634924137932645,0.025396829708224794
Fibroblasts,Desmoplastic stroma,PTGIS,4.349471,0.48651314,1.3646641538282175e-05,0.00026736277299491606
Fibroblasts,Desmoplastic stroma,NDRG1,-2.5361936,-0.48290932,0.011206477711033261,0.11206477711033261
Fibroblasts,Desmoplastic stroma,CCND1,-2.6373956,-0.48198536,0.00835453428919662,0.08624035395299737
Fibroblasts,Desmoplastic stroma,CD52,-1.7986267,-0.481708,0.07207776244567062,0.4866132986780261
Fibroblasts,Desmoplastic stroma,JCHAIN,1.3803682,0.48059633,0.1674733103492595,0.9083298188434413
Fibroblasts,Desmoplastic stroma,HLA.DQA1,-4.280255,-0.47978327,1.866792983893257e-05,0.0003584242529075053
Fibroblasts,Desmoplastic stroma,CD33,-0.5559263,-0.47909203,0.5782612305252062,0.9992479176579981
Fibroblasts,Desmoplastic stroma,JAG1,-3.1089003,-0.4724,0.0018778506027308085,0.023412163358721767
Fibroblasts,Desmoplastic stroma,LAMP3,-0.8935505,-0.46615607,0.3715624417278084,0.9992479176579981
Fibroblasts,Desmoplastic stroma,CTNNB1,-5.540547,-0.4636542,3.0152887296571413e-08,8.040769945752377e-07
Fibroblasts,Desmoplastic stroma,THBS2,7.84042,0.4603646,4.490431822332205e-15,1.7243258197755667e-13
Fibroblasts,Desmoplastic stroma,NLRC4,0.75786376,0.45449457,0.4485325401505219,0.9992479176579981
Fibroblasts,Desmoplastic stroma,AXL,-2.383047,-0.45118976,0.017169994102003754,0.1584922532492654
Fibroblasts,Desmoplastic stroma,CAV1,-2.7128785,-0.44554284,0.006670156178702793,0.06960162969081175
Fibroblasts,Desmoplastic stroma,DPP4,1.0161425,0.4450352,0.3095615405440627,0.9992479176579981
Fibroblasts,Desmoplastic stroma,IFI27,-2.0739455,-0.44247305,0.03808437870239859,0.3024149814590082
Fibroblasts,Desmoplastic stroma,PDGFRB,-3.394441,-0.44174322,0.0006876887373324701,0.010156633659064175
Fibroblasts,Desmoplastic stroma,KRT16,1.3163093,0.43800676,0.1880702453280041,0.95450187453694
Fibroblasts,Desmoplastic stroma,TNFRSF19,-2.8949049,-0.43451276,0.0037927355505663765,0.04334554914933002
Fibroblasts,Desmoplastic stroma,VEGFA,-4.0957375,-0.43244126,4.208262293331378e-05,0.0007622512833204006
Fibroblasts,Desmoplastic stroma,CCR10,1.0011023,0.42804548,0.3167773306659937,0.9992479176579981
Fibroblasts,Desmoplastic stroma,CASP3,-1.0112226,-0.42455748,0.3119099255610369,0.9992479176579981
Fibroblasts,Desmoplastic stroma,IL1R1,6.3144703,0.42295516,2.710883607395061e-10,8.674827543664196e-09
Fibroblasts,Desmoplastic stroma,FGFR2,1.4375015,0.42269564,0.15057554152517832,0.8503089403774775
Fibroblasts,Desmoplastic stroma,LCN2,-0.62142074,-0.4223286,0.5343228482630247,0.9992479176579981
Fibroblasts,Desmoplastic stroma,KRAS,-1.7384529,-0.41869774,0.08213104133872982,0.5327418897647339
Fibroblasts,Desmoplastic stroma,DDX58,-1.6198326,-0.41679868,0.10526823798629031,0.6355485766809242
Fibroblasts,Desmoplastic stroma,IL4R,-2.523033,-0.41587362,0.011634749536591878,0.11441897480595614
Fibroblasts,Desmoplastic stroma,SLC2A1,-1.0250831,-0.40982994,0.3053240112649708,0.9992479176579981
Fibroblasts,Desmoplastic stroma,BCL2L1,-3.3366284,-0.40969595,0.0008480124717172751,0.012053393301542831
Fibroblasts,Desmoplastic stroma,ACKR4,-0.8774869,-0.407988,0.38022225068774684,0.9992479176579981
Fibroblasts,Desmoplastic stroma,H2AZ1,-1.9876499,-0.40043956,0.046850416328710794,0.34865426105087105
Fibroblasts,Desmoplastic stroma,CYSTM1,-1.7745613,-0.39453465,0.07597035567685113,0.5017346767677053
Fibroblasts,Desmoplastic stroma,AZU1,5.97253,0.39440477,2.3360199197116887e-09,7.008059759135066e-08
Fibroblasts,Desmoplastic stroma,INHBB,0.8328086,0.39400345,0.4049526913573175,0.9992479176579981
Fibroblasts,Desmoplastic stroma,NOTCH1,-2.1189961,-0.38948247,0.03409078508865434,0.2822916258306381
Fibroblasts,Desmoplastic stroma,TNFAIP6,-1.9838626,-0.3889744,0.04727115377350924,0.34907928940437594
Fibroblasts,Desmoplastic stroma,NOTCH3,-2.4560108,-0.38814408,0.014048891953373046,0.13222486544351103
Fibroblasts,Desmoplastic stroma,ANXA2,-4.249394,-0.384825,2.1434968103924322e-05,0.0004034817525444578
Fibroblasts,Desmoplastic stroma,APOD,-1.8257437,-0.3813216,0.0678888844184068,0.46650272128240494
Fibroblasts,Desmoplastic stroma,HLA.DPA1,-4.0079446,-0.37998864,6.124948538629172e-05,0.0010690819267425464
Fibroblasts,Desmoplastic stroma,HSP90AA1,-3.792856,-0.37876073,0.0001489245577419179,0.0024231792446142574
Fibroblasts,Desmoplastic stroma,CLEC1A,-0.65172297,-0.3781146,0.5145798853903111,0.9992479176579981
Fibroblasts,Desmoplastic stroma,FGFR1,-4.2361617,-0.3781071,2.2737292203570235e-05,0.0004197653945274505
Fibroblasts,Desmoplastic stroma,CD74,-5.2913647,-0.37768802,1.214070182085602e-07,3.067124670532047e-06
Fibroblasts,Desmoplastic stroma,TNFSF10,-1.5280226,-0.37765422,0.12650690745078616,0.736040188804574
Fibroblasts,Desmoplastic stroma,ATF3,2.4275675,0.37574667,0.01520046186475356,0.1416742076714895
Fibroblasts,Desmoplastic stroma,MMP14,-5.3241467,-0.3746133,1.014280476470986e-07,2.63164664165445e-06
Fibroblasts,Desmoplastic stroma,C5AR2,0.5678301,0.37016305,0.5701503336486045,0.9992479176579981
Fibroblasts,Desmoplastic stroma,CD59,-2.2001197,-0.36985427,0.02779840633688591,0.2448300007652337
Fibroblasts,Desmoplastic stroma,RGS2,-2.6213658,-0.36931866,0.008757823269511881,0.08944159934820645
Fibroblasts,Desmoplastic stroma,TSHZ2,-2.3464515,-0.36728823,0.018953132289323833,0.17328578093096075
Fibroblasts,Desmoplastic stroma,MMP12,0.7153379,0.36637017,0.47440030668079036,0.9992479176579981
Fibroblasts,Desmoplastic stroma,BMPR2,-2.5045874,-0.36586705,0.012259429934673426,0.11887932057865142
Fibroblasts,Desmoplastic stroma,ELANE,-0.7770619,-0.36460647,0.43712227090002087,0.9992479176579981
Fibroblasts,Desmoplastic stroma,SCGB3A1,-0.5692995,-0.36095017,0.5691529036374732,0.9992479176579981
Fibroblasts,Desmoplastic stroma,IDO1,-1.0719024,-0.36026722,0.28376388359947435,0.9992479176579981
Fibroblasts,Desmoplastic stroma,TLR5,0.7752501,0.35989708,0.43819191813230995,0.9992479176579981
Fibroblasts,Desmoplastic stroma,IL16,-2.2160854,-0.35567433,0.02668564978880049,0.23838895292090034
Fibroblasts,Desmoplastic stroma,COL4A2,-4.957276,-0.3546007,7.148850814225686e-07,1.6738772638186972e-05
Fibroblasts,Desmoplastic stroma,MMP3,-0.63109314,-0.35278505,0.5279796300808715,0.9992479176579981
Fibroblasts,Desmoplastic stroma,ANGPT4,0.29869556,0.34807742,0.7651723491633021,0.9992479176579981
Fibroblasts,Desmoplastic stroma,COL21A1,0.90130574,0.34626085,0.36742577949121236,0.9992479176579981
Fibroblasts,Desmoplastic stroma,HLA.DRB5,-2.175902,-0.3446758,0.029562595553270957,0.2533936761708939
Fibroblasts,Desmoplastic stroma,CRIP1,-2.0651233,-0.34273997,0.038911324172558284,0.30369813988338173
Fibroblasts,Desmoplastic stroma,SLC40A1,2.882448,0.34270838,0.003945984482862188,0.044566412982914125
Fibroblasts,Desmoplastic stroma,CYTOR,-3.0169983,-0.34269282,0.0025529133321888315,0.03063495998626598
Fibroblasts,Desmoplastic stroma,EMP3,-1.4685225,-0.3419708,0.14196234675879238,0.8160709753798844
Fibroblasts,Desmoplastic stroma,PNOC,-0.6223163,-0.34138772,0.5337339240611985,0.9992479176579981
Fibroblasts,Desmoplastic stroma,FFAR4,0.84618175,0.34002748,0.3974513452031887,0.9992479176579981
Fibroblasts,Desmoplastic stroma,HLA.DRA,-3.3628554,-0.3380053,0.0007714072786075666,0.01122046950701915
Fibroblasts,Desmoplastic stroma,HLA.DRB1,-3.6686158,-0.3349798,0.00024386720472884045,0.003837910107207981
Fibroblasts,Desmoplastic stroma,BMP4,-0.9971457,-0.33237225,0.31869379184493307,0.9992479176579981
Fibroblasts,Desmoplastic stroma,CD68,-2.9519835,-0.33235174,0.003157397431089694,0.036964652851781785
Fibroblasts,Desmoplastic stroma,TNFRSF21,-1.2802498,-0.3321025,0.20045727498228427,0.9768476344314361
Fibroblasts,Desmoplastic stroma,CUZD1,0.7957689,0.32921436,0.4261663667339953,0.9992479176579981
Fibroblasts,Desmoplastic stroma,ADGRF5,-0.5690982,-0.32835573,0.5692895061078596,0.9992479176579981
Fibroblasts,Desmoplastic stroma,NLRP1,-0.89595497,-0.32568777,0.37027681677453683,0.9992479176579981
Fibroblasts,Desmoplastic stroma,TPM1,-4.4163065,-0.32553384,1.0040159353032603e-05,0.00020080318706065204
Fibroblasts,Desmoplastic stroma,LGALS9,-2.021147,-0.3254876,0.04326455921455845,0.3313295451127854
Fibroblasts,Desmoplastic stroma,RAC1,-2.9557314,-0.32420164,0.003119286472271384,0.036964652851781785
Fibroblasts,Desmoplastic stroma,SOX4,-2.741239,-0.32399982,0.006120794300061818,0.06528847253399273
Fibroblasts,Desmoplastic stroma,VIM,-6.962186,-0.323786,3.3503307653996137e-12,1.1090750119943549e-10
Fibroblasts,Desmoplastic stroma,WNT7B,-1.4403387,-0.3229413,0.14977159382308425,0.8503089403774775
Fibroblasts,Desmoplastic stroma,CDH1,-0.7458527,-0.3222263,0.4557563803352688,0.9992479176579981
Fibroblasts,Desmoplastic stroma,FABP4,0.40732545,0.3217007,0.6837689649836063,0.9992479176579981
Fibroblasts,Desmoplastic stroma,KLF2,-1.8956839,-0.321456,0.05800185973447829,0.4155357115305907
Fibroblasts,Desmoplastic stroma,S100A2,-0.722254,-0.3201126,0.4701383416845185,0.9992479176579981
Fibroblasts,Desmoplastic stroma,RGS1,-0.73708904,-0.31958246,0.4610682031423631,0.9992479176579981
Fibroblasts,Desmoplastic stroma,PTGS2,-0.9265639,-0.31865352,0.35415299468268135,0.9992479176579981
Fibroblasts,Desmoplastic stroma,TPSB2,0.7107039,0.31849012,0.4772677481593913,0.9992479176579981
Fibroblasts,Desmoplastic stroma,PTGDR2,0.72458696,0.31757835,0.46870546720876116,0.9992479176579981
Fibroblasts,Desmoplastic stroma,BTG1,-1.7271775,-0.31704053,0.08413578924963727,0.5384690511976785
Fibroblasts,Desmoplastic stroma,CSF2RB,-0.6838108,-0.31452894,0.4940946744648115,0.9992479176579981
Fibroblasts,Desmoplastic stroma,ARHGDIB,-1.3135097,-0.3130881,0.1890112374573012,0.95450187453694
Fibroblasts,Desmoplastic stroma,GATA3,0.5660277,0.31301278,0.5713749505706022,0.9992479176579981
Fibroblasts,Desmoplastic stroma,PTGES3,-1.9174633,-0.31178764,0.05517910142558092,0.40436593411112737
Fibroblasts,Desmoplastic stroma,TNFRSF10D,-0.9176798,-0.31166175,0.3587865174625329,0.9992479176579981
Fibroblasts,Desmoplastic stroma,SPINK1,-0.4272498,-0.310609,0.6691974021110474,0.9992479176579981
Fibroblasts,Desmoplastic stroma,PF4,0.44012064,0.30760163,0.6598497355518191,0.9992479176579981
Fibroblasts,Desmoplastic stroma,DNTT,-0.5633391,-0.30651602,0.573203971612766,0.9992479176579981
Fibroblasts,Desmoplastic stroma,MS4A1,-0.5471024,-0.30586118,0.5843083748100342,0.9992479176579981
Fibroblasts,Desmoplastic stroma,SERPINH1,4.497863,0.30532882,6.8639943767487184e-06,0.00014324857829736454
Fibroblasts,Desmoplastic stroma,CD276,-2.8503563,-0.30503005,0.004367027485528055,0.048187889495481986
Fibroblasts,Desmoplastic stroma,CELSR2,-0.56062233,-0.303374,0.5750550076677159,0.9992479176579981
Fibroblasts,Desmoplastic stroma,RAD51,-0.27586442,-0.3033503,0.7826522007374423,0.9992479176579981
Fibroblasts,Desmoplastic stroma,TGFB2,-1.3276769,-0.3028565,0.1842848660844001,0.9410291034097026
Fibroblasts,Desmoplastic stroma,SOD2,3.9740562,0.30246514,7.065884816073454e-05,0.0012112945398983065
Fibroblasts,Desmoplastic stroma,COL9A2,3.0400343,0.3012285,0.0023655112728708182,0.02874545344248083
Fibroblasts,Desmoplastic stroma,ST6GAL1,-0.6149994,-0.30065876,0.5385551188689954,0.9992479176579981
Fibroblasts,Desmoplastic stroma,RAC2,1.8957158,0.3001543,0.05799762799037113,0.4155357115305907
Fibroblasts,Desmoplastic stroma,TOX,0.69253117,0.29801083,0.4886038152160993,0.9992479176579981
Fibroblasts,Desmoplastic stroma,STAT1,-3.1394868,-0.29755485,0.0016924409660304294,0.021378201676173846
Fibroblasts,Desmoplastic stroma,ADGRB3,1.2142757,0.29693216,0.22464246280947653,0.9992479176579981
Fibroblasts,Desmoplastic stroma,HDAC4,-0.8997686,-0.29673195,0.3682433975689201,0.9992479176579981
Fibroblasts,Desmoplastic stroma,DUSP4,-0.57306427,-0.2963146,0.5666011976396893,0.9992479176579981
Fibroblasts,Desmoplastic stroma,GDF15,-1.792892,-0.2962914,0.07299018940828436,0.4866132986780261
Fibroblasts,Desmoplastic stroma,IL22RA1,0.4384537,0.2939248,0.6610574320611107,0.9992479176579981
Fibroblasts,Desmoplastic stroma,CTLA4,-0.5271179,-0.29296973,0.5981117299554441,0.9992479176579981
Fibroblasts,Desmoplastic stroma,HCAR2,0.44497848,0.29287252,0.6563353021888136,0.9992479176579981
Fibroblasts,Desmoplastic stroma,FGF2,-0.68908066,-0.29253966,0.4907725253391412,0.9992479176579981
Fibroblasts,Desmoplastic stroma,TTR,0.4235283,0.2923786,0.6719098396709873,0.9992479176579981
Fibroblasts,Desmoplastic stroma,ANXA4,-1.734071,-0.29190907,0.08290547570059525,0.534156085050815
Fibroblasts,Desmoplastic stroma,HLA.DQB1,-3.1623535,-0.29161996,0.0015649941536672817,0.020031925166941206
Fibroblasts,Desmoplastic stroma,TACSTD2,-0.5998426,-0.2893554,0.548611132629107,0.9992479176579981
Fibroblasts,Desmoplastic stroma,MGP,-4.510662,-0.2867516,6.46255553013654e-06,0.0001378678513095795
Fibroblasts,Desmoplastic stroma,KLK3,-0.6009207,-0.28648746,0.5478928260333774,0.9992479176579981
Fibroblasts,Desmoplastic stroma,OAS3,-1.3597308,-0.28405985,0.17391512791880692,0.924952301954696
Fibroblasts,Desmoplastic stroma,TNFRSF17,-0.4496482,-0.2833325,0.6529641343933332,0.9992479176579981
Fibroblasts,Desmoplastic stroma,TNFRSF4,0.40807992,0.28093126,0.6832150060653837,0.9992479176579981
Fibroblasts,Desmoplastic stroma,KRT8,-1.5864297,-0.27982748,0.11264185900189694,0.6716533207566526
Fibroblasts,Desmoplastic stroma,COTL1,-1.7042993,-0.27980828,0.08832517850507664,0.557843232663642
Fibroblasts,Desmoplastic stroma,CLDN4,-1.0989479,-0.2795828,0.2717907890673077,0.9992479176579981
Fibroblasts,Desmoplastic stroma,RORA,-1.2470765,-0.2791507,0.21236944217563314,0.9992479176579981
Fibroblasts,Desmoplastic stroma,EPCAM,-0.89150727,-0.2791401,0.3726570944286993,0.9992479176579981
Fibroblasts,Desmoplastic stroma,ITGA2,-1.0014429,-0.27795145,0.3166127396891759,0.9992479176579981
Fibroblasts,Desmoplastic stroma,NPR2,-0.9456529,-0.27752137,0.3443256571248323,0.9992479176579981
Fibroblasts,Desmoplastic stroma,MECOM,-0.8548871,-0.27708873,0.3926136265236366,0.9992479176579981
Fibroblasts,Desmoplastic stroma,ITGA9,-1.7519428,-0.2769517,0.07978365315003011,0.5210361022042782
Fibroblasts,Desmoplastic stroma,RPS4Y1,-0.38506627,-0.27686942,0.7001883077885738,0.9992479176579981
Fibroblasts,Desmoplastic stroma,WNT11,0.8127695,0.27642646,0.4163502290443539,0.9992479176579981
Fibroblasts,Desmoplastic stroma,GPNMB,-2.0994444,-0.2753906,0.03577774132845857,0.29107314979084936
Fibroblasts,Desmoplastic stroma,CALM1,-1.5361993,-0.2753304,0.12448949160932225,0.7320787365677177
Fibroblasts,Desmoplastic stroma,ETV5,-1.1895255,-0.2749594,0.23423293949098334,0.9992479176579981
Fibroblasts,Desmoplastic stroma,TNFRSF10A,-0.2773959,-0.27436975,0.7814761256052863,0.9992479176579981
Fibroblasts,Desmoplastic stroma,RAMP2,-0.56025547,-0.2741931,0.5753051908871353,0.9992479176579981
Fibroblasts,Desmoplastic stroma,IL18R1,0.44655135,0.27351585,0.6551990220047375,0.9992479176579981
Fibroblasts,Desmoplastic stroma,FOXF1,-1.9102706,-0.27260616,0.056098383507827206,0.40798824369328873
Fibroblasts,Desmoplastic stroma,TSC22D1,-0.7372621,-0.2711227,0.4609629556637651,0.9992479176579981
Fibroblasts,Desmoplastic stroma,RSPO2,0.33751693,0.2708127,0.735727239829438,0.9992479176579981
Fibroblasts,Desmoplastic stroma,TLR2,-0.77394056,-0.27028152,0.43896593258327365,0.9992479176579981
Fibroblasts,Desmoplastic stroma,HILPDA,3.5292528,0.26946434,0.0004167348476046006,0.006350245296832009
Fibroblasts,Desmoplastic stroma,ANGPT1,1.0213372,0.26795584,0.3070947511819857,0.9992479176579981
Fibroblasts,Desmoplastic stroma,IL7,0.6309445,0.26775128,0.528076813036259,0.9992479176579981
Fibroblasts,Desmoplastic stroma,TGFBR1,-1.7239114,-0.26491055,0.08472384858438192,0.5386416863642824
Fibroblasts,Desmoplastic stroma,KRT15,-2.1158862,-0.26427627,0.03435448445013894,0.2822916258306381
Fibroblasts,Desmoplastic stroma,ITGB2,-1.2743893,-0.26357514,0.20252551356482473,0.9819418839506654
Fibroblasts,Desmoplastic stroma,IGF2,-0.6880872,-0.26279372,0.49139784451721336,0.9992479176579981
Fibroblasts,Desmoplastic stroma,ITGAV,-2.5216596,-0.26055717,0.01168027034477469,0.11441897480595614
Fibroblasts,Desmoplastic stroma,GPER1,0.62868303,0.26053905,0.5295565937076884,0.9992479176579981
Fibroblasts,Desmoplastic stroma,IL17A,0.4733222,0.2596113,0.6359833243298167,0.9992479176579981
Fibroblasts,Desmoplastic stroma,ITGB4,-0.6556382,-0.25930932,0.5120569101237056,0.9992479176579981
Fibroblasts,Desmoplastic stroma,ADORA2A,-0.48498517,-0.25920856,0.6276868606983822,0.9992479176579981
Fibroblasts,Desmoplastic stroma,POU5F1,-0.70637846,-0.25859764,0.4799527956406544,0.9992479176579981
Fibroblasts,Desmoplastic stroma,KITLG,-0.8825705,-0.25842255,0.37746838225561963,0.9992479176579981
Fibroblasts,Desmoplastic stroma,SFN,-0.9031627,-0.25824976,0.3664395426091248,0.9992479176579981
Fibroblasts,Desmoplastic stroma,CASP8,-0.79778767,-0.25758526,0.4249937116985626,0.9992479176579981
Fibroblasts,Desmoplastic stroma,PRF1,-0.36029163,-0.25756282,0.7186290539357449,0.9992479176579981
Fibroblasts,Desmoplastic stroma,EZR,-1.3043152,-0.25715598,0.19212613123682565,0.9606306561841282
Fibroblasts,Desmoplastic stroma,TAP2,-1.2502599,-0.256751,0.21120462375240612,0.9988001911443836
Fibroblasts,Desmoplastic stroma,NR3C1,-1.3293288,-0.25622776,0.1837395167182344,0.9410291034097026
Fibroblasts,Desmoplastic stroma,C1QC,-1.535125,-0.2553798,0.12475310930044452,0.7320787365677177
Fibroblasts,Desmoplastic stroma,IGF1R,-1.6258343,-0.25515735,0.10398489426163114,0.6318410078601664
Fibroblasts,Desmoplastic stroma,TUBB4B,-1.0199392,-0.25498113,0.30775729373475325,0.9992479176579981
Fibroblasts,Desmoplastic stroma,IL1RAP,1.153974,0.25477332,0.24851081248599516,0.9992479176579981
Fibroblasts,Desmoplastic stroma,SOX9,-0.79845935,-0.2547518,0.42460397356374724,0.9992479176579981
Fibroblasts,Desmoplastic stroma,MZT2A,-7.9155226,-0.25361267,2.46216847373028e-15,9.84867389492112e-14
Fibroblasts,Desmoplastic stroma,HDAC5,-0.9627852,-0.25268734,0.3356553403984657,0.9992479176579981
Fibroblasts,Desmoplastic stroma,PPARA,-0.6980174,-0.25255063,0.4851663001209532,0.9992479176579981
Fibroblasts,Desmoplastic stroma,CCRL2,-0.69068176,-0.2524038,0.48976557264816545,0.9992479176579981
Fibroblasts,Desmoplastic stroma,TPM2,-3.2567298,-0.25046885,0.00112703666534504,0.015238805615932936
Fibroblasts,Desmoplastic stroma,NOD2,0.6478454,0.24989346,0.5170849663660044,0.9992479176579981
Fibroblasts,Desmoplastic stroma,TWIST2,-0.5439755,-0.24968714,0.5864583469886784,0.9992479176579981
Fibroblasts,Desmoplastic stroma,IL1R2,0.3923888,0.24941714,0.6947709588018328,0.9992479176579981
Fibroblasts,Desmoplastic stroma,PPARD,-0.94552493,-0.24815626,0.34439093664505793,0.9992479176579981
Fibroblasts,Desmoplastic stroma,GZMH,0.43709153,0.24738695,0.6620449639225141,0.9992479176579981
Fibroblasts,Desmoplastic stroma,EPHA4,-0.4527883,-0.24566975,0.6507011935427136,0.9992479176579981
Fibroblasts,Desmoplastic stroma,FZD6,-0.9662903,-0.24534255,0.3338989489282632,0.9992479176579981
Fibroblasts,Desmoplastic stroma,OXGR1,-0.42994022,-0.24514751,0.6672391207734327,0.9992479176579981
Fibroblasts,Desmoplastic stroma,ITGAE,-0.6380262,-0.24353854,0.5234566268408691,0.9992479176579981
Fibroblasts,Desmoplastic stroma,CASR,-0.5917544,-0.24303253,0.5540150959194435,0.9992479176579981
Fibroblasts,Desmoplastic stroma,TNFRSF12A,-3.2239196,-0.24159849,0.0012644891477001194,0.0166288983807139
Fibroblasts,Desmoplastic stroma,FZD1,-2.1931415,-0.24158758,0.02829718992512742,0.24695729389202112
Fibroblasts,Desmoplastic stroma,ADGRE5,-0.5687539,-0.24019365,0.5695231709037711,0.9992479176579981
Fibroblasts,Desmoplastic stroma,MS4A4A,0.42068738,0.23928536,0.6739833888559168,0.9992479176579981
Fibroblasts,Desmoplastic stroma,PGF,-0.5297613,-0.23923755,0.5962774486276032,0.9992479176579981
Fibroblasts,Desmoplastic stroma,ICOSLG,-0.6450834,-0.23789054,0.5188731180276324,0.9992479176579981
Fibroblasts,Desmoplastic stroma,KDR,-0.3775481,-0.23745003,0.7057663291795432,0.9992479176579981
Fibroblasts,Desmoplastic stroma,COL6A2,-9.401866,-0.23703918,5.360390063292635e-21,2.450464028933776e-19
Fibroblasts,Desmoplastic stroma,RGCC,1.8215876,0.23675233,0.06851758718835323,0.46650272128240494
Fibroblasts,Desmoplastic stroma,RUNX3,-0.6405962,-0.236358,0.5217850505847671,0.9992479176579981
Fibroblasts,Desmoplastic stroma,TAP1,-1.358316,-0.23553695,0.17436344644692237,0.924952301954696
Fibroblasts,Desmoplastic stroma,ARTN,0.77563196,0.23553598,0.43796631183014756,0.9992479176579981
Fibroblasts,Desmoplastic stroma,CD40,-1.0082518,-0.23510256,0.31333360836313706,0.9992479176579981
Fibroblasts,Desmoplastic stroma,DUSP6,-0.7364644,-0.23435937,0.4614481209194947,0.9992479176579981
Fibroblasts,Desmoplastic stroma,FGG,0.31791058,0.23374468,0.7505527656237992,0.9992479176579981
Fibroblasts,Desmoplastic stroma,TEK,0.3467999,0.23280317,0.7287416424323678,0.9992479176579981
Fibroblasts,Desmoplastic stroma,MSMB,-0.23906557,-0.23242399,0.8110547415753424,0.9992479176579981
Fibroblasts,Desmoplastic stroma,CELSR1,-0.6447862,-0.2316056,0.5190657659802753,0.9992479176579981
Fibroblasts,Desmoplastic stroma,RXRA,-0.8451056,-0.23066282,0.39805188097783395,0.9992479176579981
Fibroblasts,Desmoplastic stroma,MMP9,-0.33201376,-0.23011857,0.7398788626561197,0.9992479176579981
Fibroblasts,Desmoplastic stroma,DDR1,-0.9268104,-0.2297141,0.35402499053795056,0.9992479176579981
Fibroblasts,Desmoplastic stroma,PRSS2,-0.3228832,-0.2291502,0.7467837023953068,0.9992479176579981
Fibroblasts,Desmoplastic stroma,B3GNT7,0.3876363,0.22705969,0.6982851914392736,0.9992479176579981
Fibroblasts,Desmoplastic stroma,CX3CL1,-0.5924185,-0.22703505,0.5535703848711587,0.9992479176579981
Fibroblasts,Desmoplastic stroma,ABL2,-0.96188396,-0.22694501,0.3361078896222316,0.9992479176579981
Fibroblasts,Desmoplastic stroma,KIT,0.44058535,0.22673738,0.659513210426791,0.9992479176579981
Fibroblasts,Desmoplastic stroma,INHBA,2.490853,0.22649232,0.012743682938207006,0.12233935620678725
Fibroblasts,Desmoplastic stroma,SUCNR1,-0.34934172,-0.22575389,0.7268327789347131,0.9992479176579981
Fibroblasts,Desmoplastic stroma,IL6,0.6856546,0.22542952,0.4929309708673054,0.9992479176579981
Fibroblasts,Desmoplastic stroma,RARRES1,2.072348,0.22452584,0.03823298947690255,0.3024149814590082
Fibroblasts,Desmoplastic stroma,TLR7,-0.37307405,-0.22365868,0.7090933250027779,0.9992479176579981
Fibroblasts,Desmoplastic stroma,FAS,-1.8284341,-0.22317523,0.06748442823258352,0.46650272128240494
Fibroblasts,Desmoplastic stroma,IGHD,-0.7209878,-0.22303598,0.4709170346383351,0.9992479176579981
Fibroblasts,Desmoplastic stroma,CLEC10A,-0.50406474,-0.22201258,0.6142158832968958,0.9992479176579981
Fibroblasts,Desmoplastic stroma,CD8B,0.26383644,0.22175841,0.7919059452880829,0.9992479176579981
Fibroblasts,Desmoplastic stroma,NEAT1,3.8336284,0.2214597,0.00012626685491005623,0.0021265996616430523
Fibroblasts,Desmoplastic stroma,KRT1,-1.1999016,-0.2210303,0.2301775643241304,0.9992479176579981
Fibroblasts,Desmoplastic stroma,BST1,0.6772521,0.2203899,0.49824601929295953,0.9992479176579981
Fibroblasts,Desmoplastic stroma,EPHB2,-0.986066,-0.22006318,0.3241007404893621,0.9992479176579981
Fibroblasts,Desmoplastic stroma,TNFSF8,0.34476045,0.21960908,0.7302744723504804,0.9992479176579981
Fibroblasts,Desmoplastic stroma,TGFB1,-1.6341466,-0.21858752,0.10222808840049588,0.631013489041866
Fibroblasts,Desmoplastic stroma,KRT7,-0.71159756,-0.21803531,0.47671401275151915,0.9992479176579981
Fibroblasts,Desmoplastic stroma,CAMP,-0.4925918,-0.21655506,0.6223010495669723,0.9992479176579981
Fibroblasts,Desmoplastic stroma,FZD4,-1.1838304,-0.21507607,0.2364801960071622,0.9992479176579981
Fibroblasts,Desmoplastic stroma,SPP1,-0.9382156,-0.21419424,0.3481336198252558,0.9992479176579981
Fibroblasts,Desmoplastic stroma,COL11A1,-2.5817542,-0.21386333,0.009829956378983215,0.09933429604025144
Fibroblasts,Desmoplastic stroma,HCAR3,-0.4165614,-0.21269222,0.6769992534748995,0.9992479176579981
Fibroblasts,Desmoplastic stroma,STMN1,-0.7350853,-0.21218747,0.4622875342259174,0.9992479176579981
Fibroblasts,Desmoplastic stroma,PTGES,-0.6629344,-0.21218382,0.5073725518670837,0.9992479176579981
Fibroblasts,Desmoplastic stroma,ITGA1,-2.003027,-0.21200208,0.04517440365105088,0.3388080273828816
Fibroblasts,Desmoplastic stroma,RARB,-0.9698763,-0.2118216,0.3321081640286576,0.9992479176579981
Fibroblasts,Desmoplastic stroma,EFNB2,-0.34541517,-0.2115186,0.729782265268204,0.9992479176579981
Fibroblasts,Desmoplastic stroma,CALD1,-3.2407978,-0.21108146,0.001191956770756211,0.015892756943416145
Fibroblasts,Desmoplastic stroma,MXRA8,-2.7414405,-0.21076816,0.006117044896442927,0.06528847253399273
Fibroblasts,Desmoplastic stroma,NFKBIA,-1.3551947,-0.21029264,0.17535554057891112,0.924952301954696
Fibroblasts,Desmoplastic stroma,TWIST1,-0.82044387,-0.21020003,0.4119631322714531,0.9992479176579981
Fibroblasts,Desmoplastic stroma,GLUL,-1.5010223,-0.20995946,0.13334979364117064,0.7711795294911074
Fibroblasts,Desmoplastic stroma,EFNA4,-0.6002979,-0.20970714,0.5483077073379609,0.9992479176579981
Fibroblasts,Desmoplastic stroma,PDGFRA,2.0702183,0.20953882,0.03843190389374895,0.3024149814590082
Fibroblasts,Desmoplastic stroma,NOSIP,-0.78674936,-0.20864645,0.4314286143034095,0.9992479176579981
Fibroblasts,Desmoplastic stroma,WNT10B,0.443336,0.20737612,0.6575227213990926,0.9992479176579981
Fibroblasts,Desmoplastic stroma,S100P,0.49566793,0.20713727,0.6201287198149814,0.9992479176579981
Fibroblasts,Desmoplastic stroma,IL12RB2,0.4079087,0.20664488,0.6833407024923104,0.9992479176579981
Fibroblasts,Desmoplastic stroma,PDGFC,-1.156576,-0.20622426,0.247445610123881,0.9992479176579981
Fibroblasts,Desmoplastic stroma,CD274,-0.6245288,-0.20571522,0.5322803422160265,0.9992479176579981
Fibroblasts,Desmoplastic stroma,HSP90AB1,-2.7888637,-0.20550159,0.005289331622363015,0.05770179951668744
Fibroblasts,Desmoplastic stroma,EPHB3,1.26933,0.20520124,0.20432337242821663,0.9856805906084822
Fibroblasts,Desmoplastic stroma,SMAD3,-1.0472575,-0.2050285,0.2949808110061489,0.9992479176579981
Fibroblasts,Desmoplastic stroma,ACKR1,-0.23903735,-0.20492403,0.8110766247325596,0.9992479176579981
Fibroblasts,Desmoplastic stroma,IGHM,0.5925257,0.20488389,0.55349859240616,0.9992479176579981
Fibroblasts,Desmoplastic stroma,PTHLH,-0.60520095,-0.20434432,0.5450455058407595,0.9992479176579981
Fibroblasts,Desmoplastic stroma,IFNL3,-0.28875032,-0.2042338,0.7727724485942101,0.9992479176579981
Fibroblasts,Desmoplastic stroma,WNT7A,0.34558076,0.20299527,0.7296578167335761,0.9992479176579981
Fibroblasts,Desmoplastic stroma,RBPJ,-1.6958574,-0.20214784,0.08991289465064813,0.5641593389844589
Fibroblasts,Desmoplastic stroma,CFLAR,-0.9810388,-0.20096219,0.3265736105352397,0.9992479176579981
Fibroblasts,Desmoplastic stroma,TOP2A,-0.43308973,-0.20046584,0.664949576233139,0.9992479176579981
Fibroblasts,Desmoplastic stroma,SAA2,0.6180925,0.19910939,0.5365143891087707,0.9992479176579981
Fibroblasts,Desmoplastic stroma,RXRB,-1.2952523,-0.19881223,0.19523318395628575,0.966102353598115
Fibroblasts,Desmoplastic stroma,CD3G,0.3054292,0.19788174,0.7600392954935289,0.9992479176579981
Fibroblasts,Desmoplastic stroma,FZD8,-0.5888532,-0.19682717,0.5559597626956422,0.9992479176579981
Fibroblasts,Desmoplastic stroma,IL17RB,-0.39488545,-0.19662066,0.6929274231028528,0.9992479176579981
Fibroblasts,Desmoplastic stroma,BID,-0.5595048,-0.19643569,0.5758172644957145,0.9992479176579981
Fibroblasts,Desmoplastic stroma,COL18A1,-2.2141457,-0.19629681,0.02681875720360129,0.23838895292090034
Fibroblasts,Desmoplastic stroma,C9orf16,-1.1224488,-0.19628789,0.26167165399518355,0.9992479176579981
Fibroblasts,Desmoplastic stroma,LGALS1,-3.5688043,-0.19590482,0.0003586143337228328,0.005552738070547088
Fibroblasts,Desmoplastic stroma,CD14,-0.88310105,-0.19568047,0.37718167908351463,0.9992479176579981
Fibroblasts,Desmoplastic stroma,CD37,-0.5834422,-0.19537836,0.559595656400524,0.9992479176579981
Fibroblasts,Desmoplastic stroma,ATG10,0.6140606,0.1948139,0.5391753067008984,0.9992479176579981
Fibroblasts,Desmoplastic stroma,BMP2,0.43464005,0.19464594,0.6638237292106761,0.9992479176579981
Fibroblasts,Desmoplastic stroma,PSAP,3.2952745,0.1944393,0.0009832554466905614,0.013680075780042595
Fibroblasts,Desmoplastic stroma,SPRY2,-0.57681394,-0.19424888,0.5640651596016968,0.9992479176579981
Fibroblasts,Desmoplastic stroma,MAML2,-0.65206164,-0.1938717,0.514361400926222,0.9992479176579981
Fibroblasts,Desmoplastic stroma,TBX21,-0.34927776,-0.19360292,0.7268807976933782,0.9992479176579981
Fibroblasts,Desmoplastic stroma,EPHB6,0.7400993,0.1931629,0.45923972750277486,0.9992479176579981
Fibroblasts,Desmoplastic stroma,SERPINB5,1.0080712,0.1929885,0.3134203031092473,0.9992479176579981
Fibroblasts,Desmoplastic stroma,PROKR1,0.23644285,0.19288869,0.813089044814786,0.9992479176579981
Fibroblasts,Desmoplastic stroma,MX1,-1.3740823,-0.19276518,0.16941612309746512,0.9137049335593624
Fibroblasts,Desmoplastic stroma,CHI3L1,0.62948453,0.19267608,0.5290319045543823,0.9992479176579981
Fibroblasts,Desmoplastic stroma,NGFR,-0.569689,-0.1915138,0.5688886797475915,0.9992479176579981
Fibroblasts,Desmoplastic stroma,COL12A1,1.6167847,0.19062492,0.10592476278015403,0.6355485766809242
Fibroblasts,Desmoplastic stroma,AREG,-0.3053671,-0.190447,0.7600865767246057,0.9992479176579981
Fibroblasts,Desmoplastic stroma,IL15,0.35531148,0.1903657,0.7223562450760401,0.9992479176579981
Fibroblasts,Desmoplastic stroma,HDAC3,-1.2504386,-0.18993947,0.21113936043551473,0.9988001911443836
Fibroblasts,Desmoplastic stroma,IL1RL1,-0.25262314,-0.18956389,0.8005594476826646,0.9992479176579981
Fibroblasts,Desmoplastic stroma,APP,-2.0362246,-0.1895489,0.04172779913508276,0.3230539287877375
Fibroblasts,Desmoplastic stroma,ADGRF1,0.37596393,0.18869546,0.7069437095678515,0.9992479176579981
Fibroblasts,Desmoplastic stroma,TP53,-0.56387913,-0.18847656,0.5728364087175053,0.9992479176579981
Fibroblasts,Desmoplastic stroma,LYZ,-1.330691,-0.18776892,0.1832907208364849,0.9410291034097026
Fibroblasts,Desmoplastic stroma,NKG7,0.26242915,0.18774334,0.7929906068892233,0.9992479176579981
Fibroblasts,Desmoplastic stroma,PARP1,-0.56404465,-0.18771407,0.5727237289174646,0.9992479176579981
Fibroblasts,Desmoplastic stroma,CRYAB,1.0505688,0.18741138,0.29345664974783403,0.9992479176579981
Fibroblasts,Desmoplastic stroma,COL6A3,-7.3484015,-0.18665488,2.005909053597899e-13,7.132121079459196e-12
Fibroblasts,Desmoplastic stroma,IFIT1,0.3499739,0.18569584,0.7263582983413115,0.9992479176579981
Fibroblasts,Desmoplastic stroma,IGFBP6,-0.99375725,-0.18469775,0.3203410630484974,0.9992479176579981
Fibroblasts,Desmoplastic stroma,WNT2B,0.2517633,0.1841123,0.8012240059173094,0.9992479176579981
Fibroblasts,Desmoplastic stroma,PLA2R1,0.908886,0.18372042,0.3634102936098951,0.9992479176579981
Fibroblasts,Desmoplastic stroma,ACVRL1,-0.6650567,-0.18326075,0.5060142424322964,0.9992479176579981
Fibroblasts,Desmoplastic stroma,CEACAM1,-0.3086088,-0.18279576,0.7576191257527352,0.9992479176579981
Fibroblasts,Desmoplastic stroma,S100A9,-1.2591158,-0.18266657,0.20798851644249683,0.9933779889790894
Fibroblasts,Desmoplastic stroma,FLT3LG,-0.7693612,-0.1822972,0.44167892696861766,0.9992479176579981
Fibroblasts,Desmoplastic stroma,PPARG,-0.4100479,-0.18190373,0.6817708191771092,0.9992479176579981
Fibroblasts,Desmoplastic stroma,LTBR,-1.5338626,-0.18169415,0.12506345083031845,0.7320787365677177
Fibroblasts,Desmoplastic stroma,ITGAX,-0.48255813,-0.1815903,0.629409511702106,0.9992479176579981
Fibroblasts,Desmoplastic stroma,KRT18,-0.74141634,-0.18139273,0.4584410485240453,0.9992479176579981
Fibroblasts,Desmoplastic stroma,ROR1,0.91438353,0.1813405,0.3605153403373943,0.9992479176579981
Fibroblasts,Desmoplastic stroma,CIITA,-0.8469513,-0.18115254,0.3970222762801434,0.9992479176579981
Fibroblasts,Desmoplastic stroma,KRT6C,0.30256566,0.18102172,0.7622208934069258,0.9992479176579981
Fibroblasts,Desmoplastic stroma,ENG,-1.632664,-0.18036295,0.10253969196930324,0.631013489041866
Fibroblasts,Desmoplastic stroma,TNFSF15,0.43382162,0.17924425,0.664417983702787,0.9992479176579981
Fibroblasts,Desmoplastic stroma,CD3D,0.40377334,0.17850588,0.6863794142409535,0.9992479176579981
Fibroblasts,Desmoplastic stroma,CLCF1,0.7396911,0.1773913,0.4594874761630553,0.9992479176579981
Fibroblasts,Desmoplastic stroma,SOSTDC1,0.4242715,0.17707364,0.6713678320597503,0.9992479176579981
Fibroblasts,Desmoplastic stroma,IL17RA,-0.693327,-0.17644094,0.48810435064796887,0.9992479176579981
Fibroblasts,Desmoplastic stroma,KRT80,0.20887429,0.17599645,0.8345463775171542,0.9992479176579981
Fibroblasts,Desmoplastic stroma,ANGPT2,-0.32190108,-0.17578913,0.7475276265350556,0.9992479176579981
Fibroblasts,Desmoplastic stroma,IL6R,0.5680935,0.17535967,0.5699714756879006,0.9992479176579981
Fibroblasts,Desmoplastic stroma,FFAR3,0.28079376,0.17517897,0.7788685864862209,0.9992479176579981
Fibroblasts,Desmoplastic stroma,CLEC2B,-0.60351515,-0.1743999,0.5461660345120891,0.9992479176579981
Fibroblasts,Desmoplastic stroma,CX3CR1,0.6259399,0.1741982,0.531354360942248,0.9992479176579981
Fibroblasts,Desmoplastic stroma,DNMT1,-0.9863689,-0.17403427,0.32395212953885233,0.9992479176579981
Fibroblasts,Desmoplastic stroma,ABL1,-0.7442535,-0.17393626,0.4567231150152141,0.9992479176579981
Fibroblasts,Desmoplastic stroma,BECN1,-0.55373824,-0.17364322,0.5797580210698936,0.9992479176579981
Fibroblasts,Desmoplastic stroma,CDH5,0.21489486,0.17293304,0.8298492944424357,0.9992479176579981
Fibroblasts,Desmoplastic stroma,IFNGR1,-1.1941557,-0.17264593,0.23241706712476728,0.9992479176579981
Fibroblasts,Desmoplastic stroma,ADIPOQ,-0.37041935,-0.17223525,0.7110700481021626,0.9992479176579981
Fibroblasts,Desmoplastic stroma,CLU,-0.56735224,-0.17196222,0.5704749013854593,0.9992479176579981
Fibroblasts,Desmoplastic stroma,ADGRL4,-0.21955515,-0.17190477,0.8262176200796902,0.9992479176579981
Fibroblasts,Desmoplastic stroma,COL4A5,1.0322531,0.1715742,0.3019535399663572,0.9992479176579981
Fibroblasts,Desmoplastic stroma,CCL20,0.4169659,0.17140783,0.6767033504102316,0.9992479176579981
Fibroblasts,Desmoplastic stroma,COL8A1,2.3408391,0.17098057,0.019240451480240683,0.17425314548142506
Fibroblasts,Desmoplastic stroma,ATG5,-0.540651,-0.16989534,0.5887481617111084,0.9992479176579981
Fibroblasts,Desmoplastic stroma,NPPC,1.4226307,0.16961904,0.15484323668568506,0.8692953638494599
Fibroblasts,Desmoplastic stroma,CCL3L3,-0.24286418,-0.16884609,0.8081106226337658,0.9992479176579981
Fibroblasts,Desmoplastic stroma,SRC,-0.85311294,-0.16865204,0.39359666480553834,0.9992479176579981
Fibroblasts,Desmoplastic stroma,DDIT3,0.5916057,0.16858317,0.5541146444314279,0.9992479176579981
Fibroblasts,Desmoplastic stroma,BAX,-1.3346946,-0.16852196,0.1819763108161322,0.9410291034097026
Fibroblasts,Desmoplastic stroma,WNT3,-0.35353732,-0.16832124,0.7236856646323928,0.9992479176579981
Fibroblasts,Desmoplastic stroma,SELL,-0.25848,-0.16671714,0.7960364629622778,0.9992479176579981
Fibroblasts,Desmoplastic stroma,CSF3R,-0.24402125,-0.16641723,0.8072143632147488,0.9992479176579981
Fibroblasts,Desmoplastic stroma,LEP,0.27692366,0.16590418,0.781838719702604,0.9992479176579981
Fibroblasts,Desmoplastic stroma,FGF13,-0.3952937,-0.16566749,0.6926261282638031,0.9992479176579981
Fibroblasts,Desmoplastic stroma,COL9A3,0.3195512,0.16534683,0.7493085824639278,0.9992479176579981
Fibroblasts,Desmoplastic stroma,ADM2,-0.23853877,-0.16491602,0.8114632515031852,0.9992479176579981
Fibroblasts,Desmoplastic stroma,AKT1,-1.034571,-0.16484071,0.30086926834664796,0.9992479176579981
Fibroblasts,Desmoplastic stroma,FCGBP,0.29218957,0.16467196,0.770141681464201,0.9992479176579981
Fibroblasts,Desmoplastic stroma,CSF3,-0.38930327,-0.16452032,0.6970518254011877,0.9992479176579981
Fibroblasts,Desmoplastic stroma,ITGB1,-2.0125563,-0.16433248,0.044161326963617645,0.33381790460687355
Fibroblasts,Desmoplastic stroma,TSLP,0.24796095,0.16353938,0.8041646134115755,0.9992479176579981
Fibroblasts,Desmoplastic stroma,ENTPD1,-1.1658384,-0.16346705,0.24367981834433028,0.9992479176579981
Fibroblasts,Desmoplastic stroma,ADGRA2,-0.98311776,-0.16342722,0.3255494776259801,0.9992479176579981
Fibroblasts,Desmoplastic stroma,ITGAL,-0.27508363,-0.16306528,0.7832519882156814,0.9992479176579981
Fibroblasts,Desmoplastic stroma,MERTK,-0.29894954,-0.16300923,0.764978541318059,0.9992479176579981
Fibroblasts,Desmoplastic stroma,H4C3,-1.0883498,-0.16299656,0.27644070444769997,0.9992479176579981
Fibroblasts,Desmoplastic stroma,IL27RA,-0.5657097,-0.16291675,0.5715911140284335,0.9992479176579981
Fibroblasts,Desmoplastic stroma,HAVCR2,0.2914596,0.16261952,0.7706998519184377,0.9992479176579981
Fibroblasts,Desmoplastic stroma,SEC23A,-1.3108569,-0.16085613,0.189906102121412,0.95450187453694
Fibroblasts,Desmoplastic stroma,EFNB1,0.9093376,0.1603694,0.3631719682832524,0.9992479176579981
Fibroblasts,Desmoplastic stroma,SERPINA1,-1.0785193,-0.16027683,0.2808020477448825,0.9992479176579981
Fibroblasts,Desmoplastic stroma,NLRP3,0.31145352,0.15995295,0.7554558726059429,0.9992479176579981
Fibroblasts,Desmoplastic stroma,TNFRSF14,-1.0372521,-0.15910861,0.29961837836334493,0.9992479176579981
Fibroblasts,Desmoplastic stroma,MAF,1.1849612,0.15838602,0.2360328026863403,0.9992479176579981
Fibroblasts,Desmoplastic stroma,EIF5A,-1.8534402,-0.15807886,0.06381929581223714,0.4538261035536863
Fibroblasts,Desmoplastic stroma,IL12B,-0.29886866,-0.15796553,0.7650402711092431,0.9992479176579981
Fibroblasts,Desmoplastic stroma,KRT6B,0.29591855,0.15715085,0.7672922717057085,0.9992479176579981
Fibroblasts,Desmoplastic stroma,ICOS,0.30847898,0.1571096,0.7577178910894187,0.9992479176579981
Fibroblasts,Desmoplastic stroma,TUBB,-1.8225452,-0.15674832,0.06837229817095108,0.46650272128240494
Fibroblasts,Desmoplastic stroma,ADGRD1,-0.44650057,-0.15658438,0.655235707593886,0.9992479176579981
Fibroblasts,Desmoplastic stroma,CLEC7A,-0.46336192,-0.15652905,0.643104968316246,0.9992479176579981
Fibroblasts,Desmoplastic stroma,NRXN1,-0.1678949,-0.15639903,0.8666659644508291,0.9992479176579981
Fibroblasts,Desmoplastic stroma,KRT20,0.16340958,0.15568101,0.8701959665470917,0.9992479176579981
Fibroblasts,Desmoplastic stroma,KRT86,0.400097,0.15566102,0.6890850637662036,0.9992479176579981
Fibroblasts,Desmoplastic stroma,VEGFD,0.7875828,0.15556641,0.43094077092670324,0.9992479176579981
Fibroblasts,Desmoplastic stroma,GDF6,-0.3612756,-0.15527469,0.7178934154002371,0.9992479176579981
Fibroblasts,Desmoplastic stroma,S100A6,-3.1956267,-0.15504585,0.0013952753629412665,0.018100869573292107
Fibroblasts,Desmoplastic stroma,TM4SF1,-0.70788366,-0.15503818,0.47901752646534157,0.9992479176579981
Fibroblasts,Desmoplastic stroma,TCL1A,0.33135903,0.1549039,0.7403733069000609,0.9992479176579981
Fibroblasts,Desmoplastic stroma,CD40LG,-0.1492443,-0.15480942,0.8813608660201151,0.9992479176579981
Fibroblasts,Desmoplastic stroma,CDKN1A,2.133534,0.15427564,0.03288094299780457,0.27689215156045954
Fibroblasts,Desmoplastic stroma,OAS2,-0.5690963,-0.15424362,0.5692907828402862,0.9992479176579981
Fibroblasts,Desmoplastic stroma,NRXN3,-0.20890628,-0.15388907,0.8345214085027586,0.9992479176579981
Fibroblasts,Desmoplastic stroma,MMP8,0.2882273,0.1537142,0.773172762126132,0.9992479176579981
Fibroblasts,Desmoplastic stroma,S100A10,-1.414898,-0.15351985,0.15709839288578792,0.8717598680367422
Fibroblasts,Desmoplastic stroma,HIF1A,-1.1582468,-0.15314648,0.24676334995775207,0.9992479176579981
Fibroblasts,Desmoplastic stroma,IL6ST,-1.2861236,-0.1528189,0.19839990086513137,0.9718928927420366
Fibroblasts,Desmoplastic stroma,SYK,-0.30591458,-0.15240297,0.7596696731519568,0.9992479176579981
Fibroblasts,Desmoplastic stroma,FGF12,-0.29195815,-0.15228714,0.7703186143781506,0.9992479176579981
Fibroblasts,Desmoplastic stroma,PHLDA2,-0.43797016,-0.15153709,0.6614079111669233,0.9992479176579981
Fibroblasts,Desmoplastic stroma,PTK6,-0.3779714,-0.15130854,0.7054518276179716,0.9992479176579981
Fibroblasts,Desmoplastic stroma,CCL2,-1.2954781,-0.1512666,0.19515533690404685,0.966102353598115
Fibroblasts,Desmoplastic stroma,BMP7,-0.36370832,-0.15061083,0.7160758379642209,0.9992479176579981
Fibroblasts,Desmoplastic stroma,FASN,0.36714002,0.15043059,0.7135145662048311,0.9992479176579981
Fibroblasts,Desmoplastic stroma,MTOR,0.5962942,0.1497071,0.550978680556901,0.9992479176579981
Fibroblasts,Desmoplastic stroma,CD80,-0.38178882,-0.14954087,0.7026180010328804,0.9992479176579981
Fibroblasts,Desmoplastic stroma,ETV4,0.36411658,0.14893574,0.7157709571045272,0.9992479176579981
Fibroblasts,Desmoplastic stroma,ADGRB2,0.31741953,0.14875576,0.7509252908351041,0.9992479176579981
Fibroblasts,Desmoplastic stroma,IFITM1,-1.6817015,-0.14785644,0.09262673638158661,0.5774134215995009
Fibroblasts,Desmoplastic stroma,ETS1,-0.8411038,-0.14784086,0.4002897843559593,0.9992479176579981
Fibroblasts,Desmoplastic stroma,FYN,-0.7019891,-0.14774027,0.48268595178386653,0.9992479176579981
Fibroblasts,Desmoplastic stroma,ADGRL2,0.53757674,0.14767064,0.5908692911435172,0.9992479176579981
Fibroblasts,Desmoplastic stroma,DUSP5,1.4045521,0.14764066,0.1601545190709549,0.8785619331892384
Fibroblasts,Desmoplastic stroma,DDC,-0.35553914,-0.1467585,0.7221857226487249,0.9992479176579981
Fibroblasts,Desmoplastic stroma,P2RY12,0.3893691,0.14658488,0.6970031196756175,0.9992479176579981
Fibroblasts,Desmoplastic stroma,IL11RA,0.5820029,0.1463216,0.5605647225272671,0.9992479176579981
Fibroblasts,Desmoplastic stroma,MMP7,-0.5359079,-0.14601874,0.592022194386068,0.9992479176579981
Fibroblasts,Desmoplastic stroma,APOB,0.23301302,0.14558761,0.8157513019057083,0.9992479176579981
Fibroblasts,Desmoplastic stroma,EFNA5,0.5545397,0.14454815,0.5792095446988368,0.9992479176579981
Fibroblasts,Desmoplastic stroma,TYROBP,-0.6124821,-0.14437962,0.5402188734148551,0.9992479176579981
Fibroblasts,Desmoplastic stroma,SPARCL1,-1.7725369,-0.14414315,0.07630548209175518,0.5017346767677053
Fibroblasts,Desmoplastic stroma,CCL15,-0.37013903,-0.1439161,0.7112789015549966,0.9992479176579981
Fibroblasts,Desmoplastic stroma,COL27A1,-0.976704,-0.14387278,0.32871572192485565,0.9992479176579981
Fibroblasts,Desmoplastic stroma,CD84,-0.3497782,-0.14336145,0.7265051501736869,0.9992479176579981
Fibroblasts,Desmoplastic stroma,NCR1,0.20946693,0.14221671,0.8340837434847788,0.9992479176579981
Fibroblasts,Desmoplastic stroma,MMP2,1.3556651,0.14159611,0.17520576983621372,0.924952301954696
Fibroblasts,Desmoplastic stroma,S100B,-0.39867088,-0.14115837,0.6901357191316932,0.9992479176579981
Fibroblasts,Desmoplastic stroma,IL17RE,-0.34160906,-0.1410256,0.7326451237669678,0.9992479176579981
Fibroblasts,Desmoplastic stroma,ATM,-0.5756945,-0.14067018,0.5648217082056197,0.9992479176579981
Fibroblasts,Desmoplastic stroma,S100A4,-1.4186478,-0.14054835,0.15600174429564184,0.870707410022187
Fibroblasts,Desmoplastic stroma,KLRK1,-0.29936722,-0.14041607,0.7646598670851362,0.9992479176579981
Fibroblasts,Desmoplastic stroma,GDF9,-0.18985116,-0.14028622,0.8494257606912268,0.9992479176579981
Fibroblasts,Desmoplastic stroma,BIRC5,-0.55107975,-0.14027593,0.5815790048983941,0.9992479176579981
Fibroblasts,Desmoplastic stroma,LINC02446,0.3610969,0.13982028,0.7180270205755237,0.9992479176579981
Fibroblasts,Desmoplastic stroma,CFD,0.9955578,0.13936114,0.3194650583388955,0.9992479176579981
Fibroblasts,Desmoplastic stroma,NLRC5,-0.7449083,-0.13867159,0.45632718321117494,0.9992479176579981
Fibroblasts,Desmoplastic stroma,VCAM1,1.625808,0.13842085,0.10399049921031905,0.6318410078601664
Fibroblasts,Desmoplastic stroma,BMP1,-1.2663875,-0.13787717,0.20537438472010072,0.9857970466564834
Fibroblasts,Desmoplastic stroma,GZMA,0.31836024,0.13783197,0.7502116920079188,0.9992479176579981
Fibroblasts,Desmoplastic stroma,ITGB6,-0.33562613,-0.1377807,0.7371528316995173,0.9992479176579981
Fibroblasts,Desmoplastic stroma,RARG,0.35231814,0.13768077,0.724599683774892,0.9992479176579981
Fibroblasts,Desmoplastic stroma,BAG3,-0.5824375,-0.13755287,0.5602720169114481,0.9992479176579981
Fibroblasts,Desmoplastic stroma,FCRLA,0.28688207,0.1373032,0.7742026224762981,0.9992479176579981
Fibroblasts,Desmoplastic stroma,CALB1,0.24289238,0.1371346,0.8080887596463724,0.9992479176579981
Fibroblasts,Desmoplastic stroma,IL20RA,-0.35667554,-0.13704786,0.7213347263367009,0.9992479176579981
Fibroblasts,Desmoplastic stroma,PROK2,-0.24611904,-0.13695335,0.8055900835944871,0.9992479176579981
Fibroblasts,Desmoplastic stroma,JAK1,-0.9645462,-0.13583681,0.3347721599379415,0.9992479176579981
Fibroblasts,Desmoplastic stroma,GDNF,0.2647358,0.13577977,0.7912130166706449,0.9992479176579981
Fibroblasts,Desmoplastic stroma,MTRNR2L1,-0.4038787,-0.13535592,0.6863019316071173,0.9992479176579981
Fibroblasts,Desmoplastic stroma,KRT23,-0.20978677,-0.13518897,0.8338340918249786,0.9992479176579981
Fibroblasts,Desmoplastic stroma,CSF1,-0.9095464,-0.13483676,0.3630617759080982,0.9992479176579981
Fibroblasts,Desmoplastic stroma,JAK2,-1.0896763,-0.13257591,0.2758557915194829,0.9992479176579981
Fibroblasts,Desmoplastic stroma,CENPF,-0.13887763,-0.1324918,0.8895468491720991,0.9992479176579981
Fibroblasts,Desmoplastic stroma,DMBT1,-0.19533741,-0.13227732,0.8451288118932074,0.9992479176579981
Fibroblasts,Desmoplastic stroma,ADGRV1,-0.12367004,-0.13226667,0.9015765308962368,0.9992479176579981
Fibroblasts,Desmoplastic stroma,CD38,0.21027595,0.13207015,0.8334523040479994,0.9992479176579981
Fibroblasts,Desmoplastic stroma,CST7,0.13274793,0.13205434,0.8943927312097769,0.9992479176579981
Fibroblasts,Desmoplastic stroma,TLR4,-0.32100365,-0.13190694,0.7482076249789938,0.9992479176579981
Fibroblasts,Desmoplastic stroma,HCST,-0.44300488,-0.13168906,0.6577622143149264,0.9992479176579981
Fibroblasts,Desmoplastic stroma,STAT4,0.17785141,0.13081512,0.8588396669510918,0.9992479176579981
Fibroblasts,Desmoplastic stroma,IL23A,-0.37506273,-0.13080035,0.707613815159744,0.9992479176579981
Fibroblasts,Desmoplastic stroma,NRG1,-0.2027841,-0.13026863,0.8393037833590602,0.9992479176579981
Fibroblasts,Desmoplastic stroma,PDCD1LG2,0.315254,0.12948774,0.7525688043562242,0.9992479176579981
Fibroblasts,Desmoplastic stroma,FGF1,-0.47482735,-0.12889606,0.6349100406677505,0.9992479176579981
Fibroblasts,Desmoplastic stroma,PDGFD,0.3626265,0.12889601,0.7168839208067179,0.9992479176579981
Fibroblasts,Desmoplastic stroma,STAT3,-1.4057919,-0.12888582,0.15978592008653525,0.8785619331892384
Fibroblasts,Desmoplastic stroma,BATF3,0.27379486,0.12861612,0.7842422805514568,0.9992479176579981
Fibroblasts,Desmoplastic stroma,KRT6A,0.5935229,0.12839662,0.5528312669125424,0.9992479176579981
Fibroblasts,Desmoplastic stroma,COL5A2,1.8401347,0.1280214,0.06574846428433587,0.46410680671295906
Fibroblasts,Desmoplastic stroma,XBP1,-0.9053019,-0.12799796,0.36530547025333526,0.9992479176579981
Fibroblasts,Desmoplastic stroma,AZGP1,0.2352218,0.12786672,0.8140365800045944,0.9992479176579981
Fibroblasts,Desmoplastic stroma,ACVR1B,-0.46822354,-0.12743555,0.6396247457586643,0.9992479176579981
Fibroblasts,Desmoplastic stroma,CCR1,-0.45204514,-0.1258973,0.6512364709700279,0.9992479176579981
Fibroblasts,Desmoplastic stroma,CHEK1,0.22767729,0.12585878,0.8198971356146005,0.9992479176579981
Fibroblasts,Desmoplastic stroma,IFIH1,-0.5317255,-0.1250615,0.594916128431551,0.9992479176579981
Fibroblasts,Desmoplastic stroma,IRF3,-1.1338089,-0.124972194,0.25687472078710927,0.9992479176579981
Fibroblasts,Desmoplastic stroma,EOMES,0.10824045,0.12444789,0.9138049583989097,0.9992479176579981
Fibroblasts,Desmoplastic stroma,RB1,-0.5572433,-0.12378867,0.577361201672475,0.9992479176579981
Fibroblasts,Desmoplastic stroma,GZMB,0.24685845,0.12370639,0.8050177791457436,0.9992479176579981
Fibroblasts,Desmoplastic stroma,CSF2RA,-0.5147682,-0.12341101,0.6067150190507067,0.9992479176579981
Fibroblasts,Desmoplastic stroma,MAPK14,-0.889893,-0.12331019,0.3735233418505267,0.9992479176579981
Fibroblasts,Desmoplastic stroma,IFNAR2,-0.50602704,-0.123297065,0.6128376461738612,0.9992479176579981
Fibroblasts,Desmoplastic stroma,GDF10,-0.3312292,-0.12296242,0.7404713560093819,0.9992479176579981
Fibroblasts,Desmoplastic stroma,ACE,0.19239485,0.12272667,0.8474329210489929,0.9992479176579981
Fibroblasts,Desmoplastic stroma,MPO,-0.26788718,-0.122692265,0.7887861724383565,0.9992479176579981
Fibroblasts,Desmoplastic stroma,SNAI1,-0.5555745,-0.12255543,0.5785017784216322,0.9992479176579981
Fibroblasts,Desmoplastic stroma,CCL11,0.20326576,0.122509226,0.8389273248885183,0.9992479176579981
Fibroblasts,Desmoplastic stroma,FABP5,-0.6741778,-0.12242572,0.5001982551032682,0.9992479176579981
Fibroblasts,Desmoplastic stroma,STAT6,-0.59696025,-0.1223583,0.5505339116992869,0.9992479176579981
Fibroblasts,Desmoplastic stroma,IL17D,0.39327496,0.12205281,0.6941164143591132,0.9992479176579981
Fibroblasts,Desmoplastic stroma,ERBB2,-0.46174765,-0.12166842,0.6442622919548702,0.9992479176579981
Fibroblasts,Desmoplastic stroma,CXCL2,0.3570048,0.12109222,0.7210882272264074,0.9992479176579981
Fibroblasts,Desmoplastic stroma,HSPB1,-1.7928808,-0.12090875,0.07299199480170392,0.4866132986780261
Fibroblasts,Desmoplastic stroma,PTGS1,0.2790685,0.12083935,0.7801922605113124,0.9992479176579981
Fibroblasts,Desmoplastic stroma,ACVR2A,0.3993783,0.120349556,0.6896144749177658,0.9992479176579981
Fibroblasts,Desmoplastic stroma,C1QA,-0.8752837,-0.120314896,0.38141955462926336,0.9992479176579981
Fibroblasts,Desmoplastic stroma,CD47,-0.6896018,-0.119801,0.49044464074202776,0.9992479176579981
Fibroblasts,Desmoplastic stroma,TNFRSF18,0.39392218,0.11976988,0.6936385047599117,0.9992479176579981
Fibroblasts,Desmoplastic stroma,QRFPR,-0.1899998,-0.1190779,0.8493092885783925,0.9992479176579981
Fibroblasts,Desmoplastic stroma,ACVR1,-0.3951357,-0.11852218,0.6927427527586677,0.9992479176579981
Fibroblasts,Desmoplastic stroma,ADGRE1,0.102739155,0.11758817,0.9181699973291675,0.9992479176579981
Fibroblasts,Desmoplastic stroma,CCL7,-0.13309789,-0.11716317,0.8941159707734434,0.9992479176579981
Fibroblasts,Desmoplastic stroma,CTSW,0.26463416,0.117039084,0.7912912890541985,0.9992479176579981
Fibroblasts,Desmoplastic stroma,SLC2A4,0.27127373,0.11693776,0.7861805039126757,0.9992479176579981
Fibroblasts,Desmoplastic stroma,WNT5A,-0.24325174,-0.11684059,0.8078103840493819,0.9992479176579981
Fibroblasts,Desmoplastic stroma,HDAC1,0.57574713,0.116693534,0.5647860949776132,0.9992479176579981
Fibroblasts,Desmoplastic stroma,CCL13,-0.19977759,-0.11650159,0.8416545355531324,0.9992479176579981
Fibroblasts,Desmoplastic stroma,IRF4,-0.29057908,-0.11627505,0.7713732670684224,0.9992479176579981
Fibroblasts,Desmoplastic stroma,FZD3,0.17054018,0.115921676,0.8645853337188016,0.9992479176579981
Fibroblasts,Desmoplastic stroma,CCL26,-0.2334608,-0.115850456,0.815403612071305,0.9992479176579981
Fibroblasts,Desmoplastic stroma,PGR,0.15686972,0.1152676,0.8753475182951103,0.9992479176579981
Fibroblasts,Desmoplastic stroma,CYP1B1,-0.991428,-0.114154354,0.32147661286364315,0.9992479176579981
Fibroblasts,Desmoplastic stroma,GPX3,-0.39254308,-0.11400606,0.6946569877651969,0.9992479176579981
Fibroblasts,Desmoplastic stroma,EPHA7,0.18691802,0.113484316,0.8517249112428673,0.9992479176579981
Fibroblasts,Desmoplastic stroma,CD4,0.7974678,0.11266709,0.42517937471238676,0.9992479176579981
Fibroblasts,Desmoplastic stroma,ANXA1,-0.9581512,-0.11226159,0.33798651050045037,0.9992479176579981
Fibroblasts,Desmoplastic stroma,C1QB,-0.7526786,-0.11217697,0.4516430991998682,0.9992479176579981
Fibroblasts,Desmoplastic stroma,TNFSF13B,-0.44404152,-0.11184497,0.6570125554766324,0.9992479176579981
Fibroblasts,Desmoplastic stroma,MMP19,-0.7380994,-0.11155031,0.4604540677993837,0.9992479176579981
Fibroblasts,Desmoplastic stroma,HCK,0.3309376,0.1113005,0.7406916266261292,0.9992479176579981
Fibroblasts,Desmoplastic stroma,BCL2,-0.5243597,-0.11065889,0.600028375596835,0.9992479176579981
Fibroblasts,Desmoplastic stroma,ESR1,0.5217934,0.1103944,0.6018141580557756,0.9992479176579981
Fibroblasts,Desmoplastic stroma,OAS1,-0.47681978,-0.109956585,0.6334904610695375,0.9992479176579981
Fibroblasts,Desmoplastic stroma,SCG5,0.1927448,0.10984215,0.8471588342169345,0.9992479176579981
Fibroblasts,Desmoplastic stroma,PDCD1,-0.16856092,-0.10979392,0.8661420195945965,0.9992479176579981
Fibroblasts,Desmoplastic stroma,IFNA1,0.16029769,0.10923806,0.8726465784925274,0.9992479176579981
Fibroblasts,Desmoplastic stroma,IFNB1,0.13937809,0.10902791,0.8891513859150809,0.9992479176579981
Fibroblasts,Desmoplastic stroma,TNFSF9,0.4479041,0.10889672,0.6542224047335312,0.9992479176579981
Fibroblasts,Desmoplastic stroma,HDAC11,-0.505203,-0.10852634,0.6134162601043834,0.9992479176579981
Fibroblasts,Desmoplastic stroma,EGF,0.22997639,0.1084983,0.8181101187841798,0.9992479176579981
Fibroblasts,Desmoplastic stroma,IL1B,0.10495736,0.108449005,0.9164096448682839,0.9992479176579981
Fibroblasts,Desmoplastic stroma,BST2,-0.6778316,-0.1083803,0.49787848810946267,0.9992479176579981
Fibroblasts,Desmoplastic stroma,CXCL8,-0.21225333,-0.10818383,0.8319094014841608,0.9992479176579981
Fibroblasts,Desmoplastic stroma,FCER1G,-0.51404196,-0.10777654,0.6072226582346133,0.9992479176579981
Fibroblasts,Desmoplastic stroma,ADGRG3,-0.1905266,-0.10768688,0.8488965025316866,0.9992479176579981
Fibroblasts,Desmoplastic stroma,ACKR3,0.17691822,0.10711749,0.859572621040718,0.9992479176579981
Fibroblasts,Desmoplastic stroma,KRT24,0.23744377,0.106896214,0.8123125326995253,0.9992479176579981
Fibroblasts,Desmoplastic stroma,TNFRSF1B,-0.37513798,-0.106678605,0.7075578477710049,0.9992479176579981
Fibroblasts,Desmoplastic stroma,RARA,-0.89669436,-0.10667259,0.3698820281407197,0.9992479176579981
Fibroblasts,Desmoplastic stroma,MT1X,0.8106642,0.106544726,0.41755855164670064,0.9992479176579981
Fibroblasts,Desmoplastic stroma,CXCL5,0.21873862,0.10616731,0.8268536665907587,0.9992479176579981
Fibroblasts,Desmoplastic stroma,TAGLN,1.3997732,0.105475426,0.16158123437498895,0.8813521874999398
Fibroblasts,Desmoplastic stroma,CXCL17,-0.07372001,-0.10533951,0.9412331807891056,0.9992479176579981
Fibroblasts,Desmoplastic stroma,DHRS2,-0.19182667,-0.10515082,0.8478779830472989,0.9992479176579981
Fibroblasts,Desmoplastic stroma,VCAN,-2.076822,-0.10507163,0.03781797807958957,0.3024149814590082
Fibroblasts,Desmoplastic stroma,CD2,-0.35985515,-0.10454873,0.7189554628077433,0.9992479176579981
Fibroblasts,Desmoplastic stroma,TNFSF12,0.31119388,0.10427493,0.75565323316826,0.9992479176579981
Fibroblasts,Desmoplastic stroma,PTK2,-0.41619074,-0.103116125,0.6772704270378891,0.9992479176579981
Fibroblasts,Desmoplastic stroma,HMGB2,-0.5546244,-0.103011206,0.5791516212820749,0.9992479176579981
Fibroblasts,Desmoplastic stroma,FZD5,-0.2459309,-0.102952994,0.8057357247713659,0.9992479176579981
Fibroblasts,Desmoplastic stroma,HLA.A,-3.3347433,-0.102757,0.0008537820255259506,0.012053393301542831
Fibroblasts,Desmoplastic stroma,TNFRSF10B,-0.77740616,-0.1023532,0.4369191747211152,0.9992479176579981
Fibroblasts,Desmoplastic stroma,AQP3,-0.2638214,-0.10222869,0.7919175438202519,0.9992479176579981
Fibroblasts,Desmoplastic stroma,RNF43,0.42329878,0.10211727,0.6720772790528167,0.9992479176579981
Fibroblasts,Desmoplastic stroma,GZMK,-0.51105803,-0.101732485,0.6093104375442993,0.9992479176579981
Fibroblasts,Desmoplastic stroma,CD5L,0.11729765,0.10165204,0.9066241899910128,0.9992479176579981
Fibroblasts,Desmoplastic stroma,PTPRCAP,-0.39765868,-0.10162991,0.6908817976057994,0.9992479176579981
Fibroblasts,Desmoplastic stroma,AHI1,-0.44754288,-0.101541944,0.6544831403860804,0.9992479176579981
Fibroblasts,Desmoplastic stroma,IL17B,-0.28324527,-0.10123812,0.7769888315288809,0.9992479176579981
Fibroblasts,Desmoplastic stroma,AGR2,0.10291036,0.10049213,0.9180341117907573,0.9992479176579981
Fibroblasts,Desmoplastic stroma,TNFRSF11B,-0.4344406,-0.09988882,0.6639685165889723,0.9992479176579981
Fibroblasts,Desmoplastic stroma,IL1RN,0.3505383,0.09975956,0.7259347436450737,0.9992479176579981
Fibroblasts,Desmoplastic stroma,ATR,-0.33038822,-0.09971494,0.7411066457811156,0.9992479176579981
Fibroblasts,Desmoplastic stroma,DST,-0.88209826,-0.09947711,0.3777236813646788,0.9992479176579981
Fibroblasts,Desmoplastic stroma,UPK3A,0.5659506,0.099226624,0.5714273890195545,0.9992479176579981
Fibroblasts,Desmoplastic stroma,LDLR,-0.42087927,-0.09905282,0.6738432430468251,0.9992479176579981
Fibroblasts,Desmoplastic stroma,KRT17,-0.37475607,-0.099003285,0.7078418986012411,0.9992479176579981
Fibroblasts,Desmoplastic stroma,IL12RB1,-0.22919747,-0.09899412,0.8187154348429181,0.9992479176579981
Fibroblasts,Desmoplastic stroma,RAMP3,0.041173175,0.09891046,0.9671578374992258,0.9992479176579981
Fibroblasts,Desmoplastic stroma,EPHA2,-0.3575899,-0.098848656,0.7206502346038948,0.9992479176579981
Fibroblasts,Desmoplastic stroma,ADGRF4,-0.19717556,-0.098776184,0.843690150928382,0.9992479176579981
Fibroblasts,Desmoplastic stroma,BMP3,0.19275421,0.09788044,0.847151466546352,0.9992479176579981
Fibroblasts,Desmoplastic stroma,TPSAB1,0.22766034,0.09783156,0.8199103004316357,0.9992479176579981
Fibroblasts,Desmoplastic stroma,IL10RB,-0.51507485,-0.09766508,0.6065007102491093,0.9992479176579981
Fibroblasts,Desmoplastic stroma,IL1A,-0.24129505,-0.09761538,0.8093264400475972,0.9992479176579981
Fibroblasts,Desmoplastic stroma,PSCA,-0.20274836,-0.09750082,0.8393317251030059,0.9992479176579981
Fibroblasts,Desmoplastic stroma,NR1H3,-0.340452,-0.09734429,0.7335161840409203,0.9992479176579981
Fibroblasts,Desmoplastic stroma,SAT1,-0.8260561,-0.09705063,0.4087722461098676,0.9992479176579981
Fibroblasts,Desmoplastic stroma,CCL4L2,-0.29084247,-0.09692276,0.7711718000061251,0.9992479176579981
Fibroblasts,Desmoplastic stroma,RELA,-0.63547873,-0.096703514,0.5251162258653482,0.9992479176579981
Fibroblasts,Desmoplastic stroma,CLEC2D,0.28640231,0.09626105,0.7745700115848655,0.9992479176579981
Fibroblasts,Desmoplastic stroma,DDR2,-0.74143326,-0.09603232,0.45843078486838773,0.9992479176579981
Fibroblasts,Desmoplastic stroma,LEFTY1,-0.09286165,-0.09581377,0.9260134682270272,0.9992479176579981
Fibroblasts,Desmoplastic stroma,SLPI,0.23880781,0.09569352,0.8112546132262141,0.9992479176579981
Fibroblasts,Desmoplastic stroma,HGF,1.1377167,0.09563027,0.2552388322984076,0.9992479176579981
Fibroblasts,Desmoplastic stroma,SMAD2,-0.80608475,-0.09544644,0.420193967282958,0.9992479176579981
Fibroblasts,Desmoplastic stroma,NOTCH2,-0.67775255,-0.09504972,0.4979285975005945,0.9992479176579981
Fibroblasts,Desmoplastic stroma,XCL1,0.25648195,0.095017135,0.797578717606691,0.9992479176579981
Fibroblasts,Desmoplastic stroma,SST,0.13842985,0.09474018,0.889900708019729,0.9992479176579981
Fibroblasts,Desmoplastic stroma,AHR,0.60354716,0.09471467,0.5461447638601054,0.9992479176579981
Fibroblasts,Desmoplastic stroma,LY6D,0.24570513,0.094409086,0.8059105030786645,0.9992479176579981
Fibroblasts,Desmoplastic stroma,NRG4,-0.27832723,-0.0939662,0.7807611888614254,0.9992479176579981
Fibroblasts,Desmoplastic stroma,HSD17B2,0.25337195,0.09372294,0.7999808033748013,0.9992479176579981
Fibroblasts,Desmoplastic stroma,MYL9,0.90149015,0.093566544,0.3673277813784329,0.9992479176579981
Fibroblasts,Desmoplastic stroma,LPAR5,0.12379046,0.09270271,0.9014811890935381,0.9992479176579981
Fibroblasts,Desmoplastic stroma,COL16A1,1.2860428,0.09269405,0.1984281322681658,0.9718928927420366
Fibroblasts,Desmoplastic stroma,IL7R,-0.35282612,-0.09246225,0.7242187946748826,0.9992479176579981
Fibroblasts,Desmoplastic stroma,RAMP1,0.4325968,0.091861874,0.6653077104087481,0.9992479176579981
Fibroblasts,Desmoplastic stroma,VPREB3,-0.09521156,-0.091667786,0.9241467882799055,0.9992479176579981
Fibroblasts,Desmoplastic stroma,KLRB1,-0.3608636,-0.09165988,0.7182014234615732,0.9992479176579981
Fibroblasts,Desmoplastic stroma,NPR3,-0.23834686,-0.09100529,0.8116120785967751,0.9992479176579981
Fibroblasts,Desmoplastic stroma,GPBAR1,-0.25259304,-0.0909391,0.8005827120562932,0.9992479176579981
Fibroblasts,Desmoplastic stroma,CCL5,-0.37766287,-0.090489686,0.7056810593428938,0.9992479176579981
Fibroblasts,Desmoplastic stroma,SRGN,-0.47853187,-0.09043954,0.6322716912681843,0.9992479176579981
Fibroblasts,Desmoplastic stroma,ICAM2,-0.13636404,-0.08993152,0.8915334994282537,0.9992479176579981
Fibroblasts,Desmoplastic stroma,CSHL1,-0.19569676,-0.089882545,0.8448475180524669,0.9992479176579981
Fibroblasts,Desmoplastic stroma,CRP,0.40377143,0.089860775,0.6863807978893737,0.9992479176579981
Fibroblasts,Desmoplastic stroma,TIE1,-0.15392153,-0.08976371,0.8776716083113579,0.9992479176579981
Fibroblasts,Desmoplastic stroma,COL5A1,-2.0190022,-0.08938456,0.04348700279605309,0.3313295451127854
Fibroblasts,Desmoplastic stroma,CD19,0.17918535,0.08918659,0.8577921677274337,0.9992479176579981
Fibroblasts,Desmoplastic stroma,TNFRSF1A,-0.82746536,-0.089092314,0.40797336497849035,0.9992479176579981
Fibroblasts,Desmoplastic stroma,MRC2,-1.0142817,-0.0877048,0.310448328925512,0.9992479176579981
Fibroblasts,Desmoplastic stroma,INHA,-0.22750984,-0.087232254,0.8200273232575683,0.9992479176579981
Fibroblasts,Desmoplastic stroma,MARCO,0.09569132,0.08690162,0.9237657316842719,0.9992479176579981
Fibroblasts,Desmoplastic stroma,TYMS,-0.30930492,-0.086628914,0.7570895820605354,0.9992479176579981
Fibroblasts,Desmoplastic stroma,ATG12,0.39374343,0.08653958,0.6937704734392043,0.9992479176579981
Fibroblasts,Desmoplastic stroma,HTT,-0.35926437,-0.08648883,0.7193973219838135,0.9992479176579981
Fibroblasts,Desmoplastic stroma,DLL1,0.28553307,0.08646572,0.7752357627427733,0.9992479176579981
Fibroblasts,Desmoplastic stroma,ESAM,0.24080965,0.08635487,0.8097026496040314,0.9992479176579981
Fibroblasts,Desmoplastic stroma,FGFR3,0.24268356,0.08605122,0.8082505493008053,0.9992479176579981
Fibroblasts,Desmoplastic stroma,B2M,-2.7249365,-0.08522269,0.006431384428840548,0.06784757199655964
Fibroblasts,Desmoplastic stroma,CCR2,0.04100573,0.08507226,0.9672913282321702,0.9992479176579981
Fibroblasts,Desmoplastic stroma,YES1,0.31388244,0.08485306,0.7536103248521809,0.9992479176579981
Fibroblasts,Desmoplastic stroma,ADGRG2,0.109580025,0.084790766,0.9127424508775247,0.9992479176579981
Fibroblasts,Desmoplastic stroma,WNT5B,-0.28922632,-0.084579416,0.7724081870213749,0.9992479176579981
Fibroblasts,Desmoplastic stroma,C11orf96,-0.97553563,-0.08418511,0.3292946429146226,0.9992479176579981
Fibroblasts,Desmoplastic stroma,ACE2,0.12059955,0.08406182,0.9040082228135691,0.9992479176579981
Fibroblasts,Desmoplastic stroma,HLA.B,-2.1822593,-0.083966464,0.029090403802142922,0.2515926815320469
Fibroblasts,Desmoplastic stroma,EPHB4,-0.49159464,-0.083854154,0.6230059376005417,0.9992479176579981
Fibroblasts,Desmoplastic stroma,CCL3,0.24860065,0.083215065,0.8036697094209099,0.9992479176579981
Fibroblasts,Desmoplastic stroma,CLEC4D,0.14156431,0.08286415,0.887424160617534,0.9992479176579981
Fibroblasts,Desmoplastic stroma,ARG1,-0.122763194,-0.08222804,0.9022946193634833,0.9992479176579981
Fibroblasts,Desmoplastic stroma,OLR1,-0.15817732,-0.08218978,0.8743170745508823,0.9992479176579981
Fibroblasts,Desmoplastic stroma,ADGRG1,-0.1674189,-0.08207244,0.8670404581298408,0.9992479176579981
Fibroblasts,Desmoplastic stroma,SMO,0.29100803,0.08201485,0.7710451714655249,0.9992479176579981
Fibroblasts,Desmoplastic stroma,ITM2A,0.14716344,0.08182843,0.8830030177225164,0.9992479176579981
Fibroblasts,Desmoplastic stroma,CCL18,-0.17552033,-0.08140287,0.860670800676447,0.9992479176579981
Fibroblasts,Desmoplastic stroma,MAP1LC3B,-0.40255982,-0.081369266,0.6872720855950536,0.9992479176579981
Fibroblasts,Desmoplastic stroma,KRT13,-0.19399218,-0.080331095,0.8461819978991089,0.9992479176579981
Fibroblasts,Desmoplastic stroma,LAIR1,0.14711076,0.08020582,0.8830445977402696,0.9992479176579981
Fibroblasts,Desmoplastic stroma,ANGPTL1,0.22825488,0.08017,0.8194480994946658,0.9992479176579981
Fibroblasts,Desmoplastic stroma,S100A8,-0.29721862,-0.079597145,0.7662995968693559,0.9992479176579981
Fibroblasts,Desmoplastic stroma,CPA3,-0.17105569,-0.07940292,0.8641799711129763,0.9992479176579981
Fibroblasts,Desmoplastic stroma,RPL22,-0.9466745,-0.079345934,0.3438046642821052,0.9992479176579981
Fibroblasts,Desmoplastic stroma,GPX1,0.9622189,0.078068614,0.3359396731048131,0.9992479176579981
Fibroblasts,Desmoplastic stroma,LTB,0.24727048,0.07780606,0.8046989067013337,0.9992479176579981
Fibroblasts,Desmoplastic stroma,ITGB8,-0.1841128,-0.0774088,0.8539249579641037,0.9992479176579981
Fibroblasts,Desmoplastic stroma,GCG,0.12602371,0.07733416,0.8997131556436799,0.9992479176579981
Fibroblasts,Desmoplastic stroma,OLFM4,-0.20382266,-0.07681353,0.8384920907292424,0.9992479176579981
Fibroblasts,Desmoplastic stroma,VEGFC,-0.3096812,-0.07630764,0.7568033896803085,0.9992479176579981
Fibroblasts,Desmoplastic stroma,FGF9,0.17391923,0.07571023,0.8619289390005959,0.9992479176579981
Fibroblasts,Desmoplastic stroma,PDGFB,-0.11285559,-0.07520478,0.9101450419525277,0.9992479176579981
Fibroblasts,Desmoplastic stroma,IL20,0.13448638,0.0749773,0.8930179841479458,0.9992479176579981
Fibroblasts,Desmoplastic stroma,CXCR4,0.16444813,0.07454955,0.8693783842789893,0.9992479176579981
Fibroblasts,Desmoplastic stroma,IL2RG,0.16997576,0.073830254,0.8650292022579825,0.9992479176579981
Fibroblasts,Desmoplastic stroma,CXCR1,-0.0945587,-0.07379473,0.9246653520607967,0.9992479176579981
Fibroblasts,Desmoplastic stroma,LGALS3,-0.7603604,-0.0737488,0.44703917073811705,0.9992479176579981
Fibroblasts,Desmoplastic stroma,IL11,-0.4731698,-0.0734666,0.6360920369758025,0.9992479176579981
Fibroblasts,Desmoplastic stroma,MEG3,0.9013208,0.07327042,0.3674177790347566,0.9992479176579981
Fibroblasts,Desmoplastic stroma,ADGRA3,-0.43166927,-0.07229643,0.6659818111232372,0.9992479176579981
Fibroblasts,Desmoplastic stroma,FGR,0.086342506,0.07190819,0.9311941490044788,0.9992479176579981
Fibroblasts,Desmoplastic stroma,MMP16,0.11095159,0.0717381,0.911654736097172,0.9992479176579981
Fibroblasts,Desmoplastic stroma,MZB1,0.13620977,0.07123331,0.8916554568581705,0.9992479176579981
Fibroblasts,Desmoplastic stroma,DNMT3A,-0.34455913,-0.07098421,0.7304258342281267,0.9992479176579981
Fibroblasts,Desmoplastic stroma,DUSP2,-0.14193872,-0.07068842,0.8871284155171677,0.9992479176579981
Fibroblasts,Desmoplastic stroma,KRT5,0.11099298,0.0705877,0.9116219132480772,0.9992479176579981
Fibroblasts,Desmoplastic stroma,LGALS3BP,0.9698857,0.07048264,0.3321034744477852,0.9992479176579981
Fibroblasts,Desmoplastic stroma,RGS5,-0.23121436,-0.07047924,0.8171482696440839,0.9992479176579981
Fibroblasts,Desmoplastic stroma,HLA.E,-0.7284476,-0.07000226,0.4663396090686621,0.9992479176579981
Fibroblasts,Desmoplastic stroma,NRIP3,0.17263798,0.069408976,0.8629359978836257,0.9992479176579981
Fibroblasts,Desmoplastic stroma,SAA1,-0.15993458,-0.06930837,0.8729326127136573,0.9992479176579981
Fibroblasts,Desmoplastic stroma,CXCR3,-0.20431559,-0.069223754,0.8381068908934307,0.9992479176579981
Fibroblasts,Desmoplastic stroma,CSF1R,-0.2065225,-0.068937756,0.8363827899096419,0.9992479176579981
Fibroblasts,Desmoplastic stroma,IGF2R,-0.49463502,-0.06888407,0.620857775984458,0.9992479176579981
Fibroblasts,Desmoplastic stroma,LIF,-0.55837405,-0.068685494,0.576588989383303,0.9992479176579981
Fibroblasts,Desmoplastic stroma,CD164,0.20975292,0.06857002,0.8338605247376518,0.9992479176579981
Fibroblasts,Desmoplastic stroma,TIGIT,-0.09173656,-0.068502195,0.9269073477472174,0.9992479176579981
Fibroblasts,Desmoplastic stroma,RELT,0.15949056,0.06818372,0.873282397338501,0.9992479176579981
Fibroblasts,Desmoplastic stroma,CLEC12A,0.15868342,0.06803124,0.8739182980387301,0.9992479176579981
Fibroblasts,Desmoplastic stroma,CHEK2,0.12640752,0.06779467,0.8994093480276207,0.9992479176579981
Fibroblasts,Desmoplastic stroma,COL9A1,-0.1696277,-0.06776636,0.8653029424273702,0.9992479176579981
Fibroblasts,Desmoplastic stroma,VHL,0.37117946,0.06770397,0.7105038700449688,0.9992479176579981
Fibroblasts,Desmoplastic stroma,REG1A,-0.16919684,-0.06760208,0.8656418107488957,0.9992479176579981
Fibroblasts,Desmoplastic stroma,XCL2,0.15817544,0.06713852,0.8743185570510704,0.9992479176579981
Fibroblasts,Desmoplastic stroma,CLEC14A,0.21327494,0.0663863,0.8311125129190344,0.9992479176579981
Fibroblasts,Desmoplastic stroma,ADGRG5,-0.09068861,-0.06589633,0.9277400242286546,0.9992479176579981
Fibroblasts,Desmoplastic stroma,YBX3,-0.58439046,-0.0656135,0.5589576572375956,0.9992479176579981
Fibroblasts,Desmoplastic stroma,CD27,0.16476797,0.065593526,0.8691266207194128,0.9992479176579981
Fibroblasts,Desmoplastic stroma,CD53,-0.29176813,-0.06532087,0.7704639096935575,0.9992479176579981
Fibroblasts,Desmoplastic stroma,FES,-0.2972619,-0.06519373,0.7662665621804237,0.9992479176579981
Fibroblasts,Desmoplastic stroma,IFNAR1,0.16360524,0.065147996,0.8700419186731471,0.9992479176579981
Fibroblasts,Desmoplastic stroma,TLR1,0.15271176,0.06478516,0.8786255776482942,0.9992479176579981
Fibroblasts,Desmoplastic stroma,ICAM1,-0.5289222,-0.064530924,0.5968594410686842,0.9992479176579981
Fibroblasts,Desmoplastic stroma,PTTG1,-0.031711474,-0.063864015,0.9747021447531459,0.9992479176579981
Fibroblasts,Desmoplastic stroma,CD58,-0.1986205,-0.06344073,0.8425596142948888,0.9992479176579981
Fibroblasts,Desmoplastic stroma,CD79A,0.01929781,0.06292441,0.9846035310282161,0.9992479176579981
Fibroblasts,Desmoplastic stroma,CEACAM6,-0.27850595,-0.06286351,0.7806239999547774,0.9992479176579981
Fibroblasts,Desmoplastic stroma,CXCL6,0.0856746,0.06244696,0.9317250942486976,0.9992479176579981
Fibroblasts,Desmoplastic stroma,CPB1,0.11356301,0.061688267,0.9095842102797482,0.9992479176579981
Fibroblasts,Desmoplastic stroma,MMP10,0.0717652,0.06168509,0.9427887673326388,0.9992479176579981
Fibroblasts,Desmoplastic stroma,TNFSF18,0.19951795,0.06135781,0.8418576082302257,0.9992479176579981
Fibroblasts,Desmoplastic stroma,KRT10,0.09410528,0.06117705,0.925025526160533,0.9992479176579981
Fibroblasts,Desmoplastic stroma,CD69,-0.17882976,-0.061088234,0.8580713779600926,0.9992479176579981
Fibroblasts,Desmoplastic stroma,KRT4,0.11853186,0.06060199,0.9056462496727206,0.9992479176579981
Fibroblasts,Desmoplastic stroma,CD8A,0.16772181,0.060440592,0.8668021405121015,0.9992479176579981
Fibroblasts,Desmoplastic stroma,MRC1,-0.14667615,-0.06043021,0.8833876451717076,0.9992479176579981
Fibroblasts,Desmoplastic stroma,ADGRG6,0.11140689,0.060344666,0.9112936930599069,0.9992479176579981
Fibroblasts,Desmoplastic stroma,STAT5A,-0.3335302,-0.059546422,0.7387340973490348,0.9992479176579981
Fibroblasts,Desmoplastic stroma,CD9,0.4167627,0.058689427,0.6768519838538067,0.9992479176579981
Fibroblasts,Desmoplastic stroma,TNFRSF9,0.14107138,0.05833376,0.8878135574622561,0.9992479176579981
Fibroblasts,Desmoplastic stroma,VTN,-0.16994941,-0.057875037,0.8650499171642649,0.9992479176579981
Fibroblasts,Desmoplastic stroma,RSPO1,0.13816269,0.057383332,0.8901118443390847,0.9992479176579981
Fibroblasts,Desmoplastic stroma,MYC,0.16408312,0.057189662,0.8696657071066427,0.9992479176579981
Fibroblasts,Desmoplastic stroma,HBA1,-0.08787775,-0.05693957,0.9299738392135872,0.9992479176579981
Fibroblasts,Desmoplastic stroma,ADGRE2,-0.12513192,-0.056775566,0.9004191182410741,0.9992479176579981
Fibroblasts,Desmoplastic stroma,CDH11,0.62635756,0.056218993,0.5310804272393145,0.9992479176579981
Fibroblasts,Desmoplastic stroma,NR1H4,-0.11445857,-0.056145433,0.9088742859026172,0.9992479176579981
Fibroblasts,Desmoplastic stroma,IER3,-0.49580526,-0.055906978,0.6200318060157793,0.9992479176579981
Fibroblasts,Desmoplastic stroma,RPL34,-0.6230914,-0.05547395,0.5332244478522274,0.9992479176579981
Fibroblasts,Desmoplastic stroma,CCL28,0.12708671,0.055260856,0.8988717638348253,0.9992479176579981
Fibroblasts,Desmoplastic stroma,STAT5B,0.19981521,0.055090018,0.8416251056039362,0.9992479176579981
Fibroblasts,Desmoplastic stroma,IL12A,-0.08606594,-0.054793593,0.9314140015033838,0.9992479176579981
Fibroblasts,Desmoplastic stroma,CSK,0.15949243,0.054357544,0.8732809151479533,0.9992479176579981
Fibroblasts,Desmoplastic stroma,FCGR3A,0.22675538,0.053469073,0.8206139605077514,0.9992479176579981
Fibroblasts,Desmoplastic stroma,SERPINA3,-0.1556054,-0.053437192,0.8763440620517912,0.9992479176579981
Fibroblasts,Desmoplastic stroma,ALCAM,0.2867579,0.053248648,0.7742977065753773,0.9992479176579981
Fibroblasts,Desmoplastic stroma,RPL21,0.8068675,0.053218476,0.419742851852262,0.9992479176579981
Fibroblasts,Desmoplastic stroma,HBB,-0.15320282,-0.05301432,0.8782383308186665,0.9992479176579981
Fibroblasts,Desmoplastic stroma,FZD7,-0.3483408,-0.052990973,0.7275842541299657,0.9992479176579981
Fibroblasts,Desmoplastic stroma,LIFR,-0.1297527,-0.05294297,0.896762085008669,0.9992479176579981
Fibroblasts,Desmoplastic stroma,KRT14,-0.23481354,-0.051883064,0.8143534591815007,0.9992479176579981
Fibroblasts,Desmoplastic stroma,FPR1,-0.20248307,-0.051353678,0.8395390885809966,0.9992479176579981
Fibroblasts,Desmoplastic stroma,NPR1,-0.025435029,-0.051015925,0.979707971039794,0.9992479176579981
Fibroblasts,Desmoplastic stroma,VSIR,0.16549796,0.050656818,0.8685520571556964,0.9992479176579981
Fibroblasts,Desmoplastic stroma,LAG3,0.047378127,0.05045022,0.9622118614893469,0.9992479176579981
Fibroblasts,Desmoplastic stroma,TYK2,0.95887935,0.050187822,0.3376195373133486,0.9992479176579981
Fibroblasts,Desmoplastic stroma,IL33,-0.08612614,-0.05005207,0.9313661420098152,0.9992479176579981
Fibroblasts,Desmoplastic stroma,FKBP11,0.41269317,0.049961664,0.6798314251711443,0.9992479176579981
Fibroblasts,Desmoplastic stroma,HSD3B2,0.20948198,0.049579278,0.8340719947961447,0.9992479176579981
Fibroblasts,Desmoplastic stroma,BEST1,-0.082109295,-0.04940798,0.9345598031329208,0.9992479176579981
Fibroblasts,Desmoplastic stroma,CCR7,-0.28031588,-0.048940744,0.7792351671598526,0.9992479176579981
Fibroblasts,Desmoplastic stroma,MKI67,0.12249415,0.04881101,0.9025076776116291,0.9992479176579981
Fibroblasts,Desmoplastic stroma,NANOG,0.122179955,0.048418812,0.9027565027746999,0.9992479176579981
Fibroblasts,Desmoplastic stroma,TLR8,-0.11026675,-0.04827301,0.9121978268924991,0.9992479176579981
Fibroblasts,Desmoplastic stroma,GDF3,0.0638632,0.048043117,0.9490791531992924,0.9992479176579981
Fibroblasts,Desmoplastic stroma,HSP90B1,-0.6631376,-0.047708593,0.5072424181253593,0.9992479176579981
Fibroblasts,Desmoplastic stroma,BMP6,-0.0016575383,0.04739958,0.9986774763712201,0.9992479176579981
Fibroblasts,Desmoplastic stroma,ITGA6,0.012202944,0.04731083,0.9902637011381743,0.9992479176579981
Fibroblasts,Desmoplastic stroma,EFNA1,-0.16463062,-0.04668652,0.8692347293298919,0.9992479176579981
Fibroblasts,Desmoplastic stroma,LEFTY2,-0.13629067,-0.045921225,0.8915915032519767,0.9992479176579981
Fibroblasts,Desmoplastic stroma,GC,-0.07211138,-0.045216177,0.9425132672148848,0.9992479176579981
Fibroblasts,Desmoplastic stroma,CLEC4A,-0.10412388,-0.044716686,0.9170710358946945,0.9992479176579981
Fibroblasts,Desmoplastic stroma,EFNB3,-0.070045575,-0.04388827,0.9441573850227655,0.9992479176579981
Fibroblasts,Desmoplastic stroma,CD3E,0.17130405,0.043849915,0.8639846996890646,0.9992479176579981
Fibroblasts,Desmoplastic stroma,EGFR,-0.29699662,-0.04372712,0.7664690858668585,0.9992479176579981
Fibroblasts,Desmoplastic stroma,IL32,-0.55511355,-0.04314793,0.5788170059159636,0.9992479176579981
Fibroblasts,Desmoplastic stroma,CNTFR,0.13090979,0.042580493,0.8958466778402694,0.9992479176579981
Fibroblasts,Desmoplastic stroma,PTPRC,0.17381386,0.042508416,0.8620117430332572,0.9992479176579981
Fibroblasts,Desmoplastic stroma,NTRK2,-0.059319552,-0.042496882,0.9526975879520841,0.9992479176579981
Fibroblasts,Desmoplastic stroma,PCNA,-0.2169776,-0.042148545,0.8282258028783201,0.9992479176579981
Fibroblasts,Desmoplastic stroma,IL24,-0.23487939,-0.041864302,0.8143023475807059,0.9992479176579981
Fibroblasts,Desmoplastic stroma,UCP1,-0.06090936,-0.041421354,0.9514313956218046,0.9992479176579981
Fibroblasts,Desmoplastic stroma,IL2RB,-0.14831488,-0.041279428,0.882094278052407,0.9992479176579981
Fibroblasts,Desmoplastic stroma,CD163,0.10362343,0.04076175,0.9174681967169822,0.9992479176579981
Fibroblasts,Desmoplastic stroma,CCL23,-0.10035539,-0.0405104,0.9200621886856959,0.9992479176579981
Fibroblasts,Desmoplastic stroma,VWF,-0.011728824,-0.040104054,0.9906419670237158,0.9992479176579981
Fibroblasts,Desmoplastic stroma,NR1H2,-0.25192702,-0.040080074,0.8010974815412749,0.9992479176579981
Fibroblasts,Desmoplastic stroma,BGN,-0.67860293,0.039884526,0.49738946601228473,0.9992479176579981
Fibroblasts,Desmoplastic stroma,ADIRF,0.19378147,0.039539475,0.8463469974382067,0.9992479176579981
Fibroblasts,Desmoplastic stroma,MAPK13,0.071116105,0.039402194,0.9433053484758769,0.9992479176579981
Fibroblasts,Desmoplastic stroma,CD48,0.17259659,0.038805462,0.8629685350804485,0.9992479176579981
Fibroblasts,Desmoplastic stroma,SREBF1,-0.194265,-0.03837777,0.8459683924438242,0.9992479176579981
Fibroblasts,Desmoplastic stroma,SQSTM1,0.6016751,0.03825165,0.5473904134330605,0.9992479176579981
Fibroblasts,Desmoplastic stroma,CHGA,-0.11472197,-0.03775513,0.9086654984384013,0.9992479176579981
Fibroblasts,Desmoplastic stroma,PDGFA,-0.022930847,-0.0373997,0.9817054337561193,0.9992479176579981
Fibroblasts,Desmoplastic stroma,CLEC4E,0.13567355,0.03705,0.8920793532062763,0.9992479176579981
Fibroblasts,Desmoplastic stroma,HLA.C,-1.3414829,-0.037016027,0.17976374187376565,0.9410291034097026
Fibroblasts,Desmoplastic stroma,LTF,0.012731625,0.036852494,0.9898419072393206,0.9992479176579981
Fibroblasts,Desmoplastic stroma,CCL21,0.06588574,0.0368334,0.947468796018596,0.9992479176579981
Fibroblasts,Desmoplastic stroma,TGFBR2,-0.35092402,-0.036684874,0.725645362788429,0.9992479176579981
Fibroblasts,Desmoplastic stroma,PIGR,0.0714416,0.036361814,0.9430463062416089,0.9992479176579981
Fibroblasts,Desmoplastic stroma,EPHA3,0.035543945,-0.034147646,0.9716460069074883,0.9992479176579981
Fibroblasts,Desmoplastic stroma,ITK,-0.17090519,-0.033828206,0.8642983214685831,0.9992479176579981
Fibroblasts,Desmoplastic stroma,WNT9A,0.08893135,0.03350267,0.9291364667936443,0.9992479176579981
Fibroblasts,Desmoplastic stroma,CXCL16,-0.3501037,-0.033356298,0.7262608733474356,0.9992479176579981
Fibroblasts,Desmoplastic stroma,NFKB1,-0.06818861,-0.033089977,0.9456354974601942,0.9992479176579981
Fibroblasts,Desmoplastic stroma,LMNA,-0.4241492,-0.032922458,0.6714570114467772,0.9992479176579981
Fibroblasts,Desmoplastic stroma,AR,-0.114953384,-0.032667577,0.9084820689435888,0.9992479176579981
Fibroblasts,Desmoplastic stroma,SMAD4,0.13418722,0.03249232,0.893254524986689,0.9992479176579981
Fibroblasts,Desmoplastic stroma,RSPO3,-0.011247179,-0.032490272,0.991026239283043,0.9992479176579981
Fibroblasts,Desmoplastic stroma,IGFBP7,-0.7034924,0.03239832,0.481748956281011,0.9992479176579981
Fibroblasts,Desmoplastic stroma,IL10,-0.0045982106,-0.032238875,0.9963311715792973,0.9992479176579981
Fibroblasts,Desmoplastic stroma,ADGRL1,-0.06682833,-0.03212789,0.946718367577306,0.9992479176579981
Fibroblasts,Desmoplastic stroma,OSMR,0.298165,0.03209949,0.7655772396423949,0.9992479176579981
Fibroblasts,Desmoplastic stroma,TFEB,0.028212016,0.03207456,0.9774930527425656,0.9992479176579981
Fibroblasts,Desmoplastic stroma,BMP5,0.22688708,0.031459462,0.820511547762708,0.9992479176579981
Fibroblasts,Desmoplastic stroma,IL34,0.08063425,0.031318072,0.9357328245534868,0.9992479176579981
Fibroblasts,Desmoplastic stroma,CCR5,-0.059293214,-0.031048572,0.9527185673009887,0.9992479176579981
Fibroblasts,Desmoplastic stroma,ACTA2,-0.29601452,-0.03096298,0.7672189931949603,0.9992479176579981
Fibroblasts,Desmoplastic stroma,IL13RA1,-0.22184485,-0.03079287,0.8244346612956668,0.9992479176579981
Fibroblasts,Desmoplastic stroma,CYP19A1,0.12343863,0.030509098,0.9017597699084747,0.9992479176579981
Fibroblasts,Desmoplastic stroma,SPOCK2,-0.08716281,-0.030233061,0.9305421004260399,0.9992479176579981
Fibroblasts,Desmoplastic stroma,FFAR2,-0.084049046,-0.029585555,0.9330174367683567,0.9992479176579981
Fibroblasts,Desmoplastic stroma,CXCL3,-0.058662932,-0.029184004,0.9532205828890207,0.9992479176579981
Fibroblasts,Desmoplastic stroma,SMARCB1,0.13564533,0.02901011,0.8921016643957053,0.9992479176579981
Fibroblasts,Desmoplastic stroma,ARF1,-0.3979898,-0.028299645,0.6906376942347889,0.9992479176579981
Fibroblasts,Desmoplastic stroma,FASLG,-0.05269128,-0.027840966,0.9579778864693197,0.9992479176579981
Fibroblasts,Desmoplastic stroma,PECAM1,0.0050140065,-0.02768251,0.9959994184827095,0.9992479176579981
Fibroblasts,Desmoplastic stroma,CD63,0.53137743,0.02714017,0.5951572550546628,0.9992479176579981
Fibroblasts,Desmoplastic stroma,NPPB,-0.039256003,0.026946906,0.9686862855230168,0.9992479176579981
Fibroblasts,Desmoplastic stroma,RPL37,0.2926637,0.026890995,0.7697792221350227,0.9992479176579981
Fibroblasts,Desmoplastic stroma,CXCL14,0.17726253,0.026462043,0.8593021823260846,0.9992479176579981
Fibroblasts,Desmoplastic stroma,IL36G,-0.03973012,0.026435569,0.9683082874531196,0.9992479176579981
Fibroblasts,Desmoplastic stroma,IL2RA,-0.0049218163,0.026404634,0.9960729745414881,0.9992479176579981
Fibroblasts,Desmoplastic stroma,OXER1,0.061468143,0.025426533,0.950986384196586,0.9992479176579981
Fibroblasts,Desmoplastic stroma,EPOR,-0.1252749,-0.024892362,0.9003059206081442,0.9992479176579981
Fibroblasts,Desmoplastic stroma,RYK,0.12372084,0.024753088,0.9015363084000059,0.9992479176579981
Fibroblasts,Desmoplastic stroma,CXCR2,0.00783803,0.02421358,0.9937462207184028,0.9992479176579981
Fibroblasts,Desmoplastic stroma,IL15RA,0.24001193,0.024119813,0.8103210119581139,0.9992479176579981
Fibroblasts,Desmoplastic stroma,CALM3,-0.15040702,-0.023961699,0.8804435019646948,0.9992479176579981
Fibroblasts,Desmoplastic stroma,COL17A1,0.043176897,0.023757553,0.9655605208492479,0.9992479176579981
Fibroblasts,Desmoplastic stroma,FYB1,-0.14462352,-0.023456363,0.8850081333700054,0.9992479176579981
Fibroblasts,Desmoplastic stroma,CXCL1,-0.011478594,-0.023341253,0.990841608205643,0.9992479176579981
Fibroblasts,Desmoplastic stroma,INSR,-0.13623045,-0.023059973,0.8916390965662316,0.9992479176579981
Fibroblasts,Desmoplastic stroma,AATK,0.0035897652,-0.023033578,0.9971357879459194,0.9992479176579981
Fibroblasts,Desmoplastic stroma,PTGES2,0.121120706,0.023029502,0.9035954267113994,0.9992479176579981
Fibroblasts,Desmoplastic stroma,MALAT1,-0.64779645,0.02275869,0.5171166088431852,0.9992479176579981
Fibroblasts,Desmoplastic stroma,CD300A,0.007623547,0.022517527,0.993917348138575,0.9992479176579981
Fibroblasts,Desmoplastic stroma,UBE2C,0.06595911,0.022257958,0.9474103777519979,0.9992479176579981
Fibroblasts,Desmoplastic stroma,ST6GALNAC3,0.018167071,0.021808222,0.9855055714128726,0.9992479176579981
Fibroblasts,Desmoplastic stroma,PLAC8,-0.08819007,-0.021800475,0.9297256099766079,0.9992479176579981
Fibroblasts,Desmoplastic stroma,SIGIRR,-0.0615434,-0.021784252,0.9509264511627505,0.9992479176579981
Fibroblasts,Desmoplastic stroma,HPGDS,0.0031909023,0.021736935,0.9974540325820895,0.9992479176579981
Fibroblasts,Desmoplastic stroma,CLEC5A,0.0065661846,-0.021542566,0.9947609802368493,0.9992479176579981
Fibroblasts,Desmoplastic stroma,IL18,0.06348692,0.021030515,0.9493787776820348,0.9992479176579981
Fibroblasts,Desmoplastic stroma,RPL32,-0.2839207,-0.020961657,0.7764711539678084,0.9992479176579981
Fibroblasts,Desmoplastic stroma,IAPP,0.03710553,-0.02094453,0.9704008638369477,0.9992479176579981
Fibroblasts,Desmoplastic stroma,HMGN2,-0.052715737,-0.020937249,0.9579583984401222,0.9992479176579981
Fibroblasts,Desmoplastic stroma,FOXP3,-0.039126184,0.020838631,0.9687897862250228,0.9992479176579981
Fibroblasts,Desmoplastic stroma,CIDEA,-0.13475166,-0.020604111,0.8928082294778704,0.9992479176579981
Fibroblasts,Desmoplastic stroma,EZH2,0.026953341,0.020245086,0.9784969484867047,0.9992479176579981
Fibroblasts,Desmoplastic stroma,CXCR5,-0.007642362,-0.020191027,0.9939023369500568,0.9992479176579981
Fibroblasts,Desmoplastic stroma,CD81,0.23587467,0.01974806,0.8135299286317035,0.9992479176579981
Fibroblasts,Desmoplastic stroma,CCL4,-0.005762815,0.019649943,0.9954019644627917,0.9992479176579981
Fibroblasts,Desmoplastic stroma,FGF18,0.08273581,0.019377466,0.934061611106677,0.9992479176579981
Fibroblasts,Desmoplastic stroma,GPR183,-0.07912158,-0.018819246,0.9369359148778416,0.9992479176579981
Fibroblasts,Desmoplastic stroma,WIF1,0.1723934,0.018817663,0.8631282665080002,0.9992479176579981
Fibroblasts,Desmoplastic stroma,OASL,0.11832114,0.018756764,0.90581320500636,0.9992479176579981
Fibroblasts,Desmoplastic stroma,CD24,-0.12747617,-0.018627658,0.8985635301025701,0.9992479176579981
Fibroblasts,Desmoplastic stroma,OSM,-0.14513902,-0.017763628,0.8846011091602352,0.9992479176579981
Fibroblasts,Desmoplastic stroma,CD209,-0.02156305,0.017236633,0.9827965088333753,0.9992479176579981
Fibroblasts,Desmoplastic stroma,TNFRSF13B,-0.02095911,0.016340869,0.9832782731156297,0.9992479176579981
Fibroblasts,Desmoplastic stroma,ITGB5,-0.19106469,-0.0160501,0.848474913840673,0.9992479176579981
Fibroblasts,Desmoplastic stroma,SNAI2,-0.087770514,-0.015213421,0.9300590761265376,0.9992479176579981
Fibroblasts,Desmoplastic stroma,CSF2,0.077945694,0.01511273,0.9378712526227477,0.9992479176579981
Fibroblasts,Desmoplastic stroma,CTSG,-0.10855277,-0.015096713,0.913557225106365,0.9992479176579981
Fibroblasts,Desmoplastic stroma,TNFSF4,-0.036234427,-0.014681799,0.9710954349427807,0.9992479176579981
Fibroblasts,Desmoplastic stroma,GSTP1,-0.22358142,-0.014442724,0.8230830287854906,0.9992479176579981
Fibroblasts,Desmoplastic stroma,SELPLG,-0.03688352,-0.01434409,0.9705778798481569,0.9992479176579981
Fibroblasts,Desmoplastic stroma,BMX,-0.088965215,-0.014039152,0.9291095525480767,0.9992479176579981
Fibroblasts,Desmoplastic stroma,CLOCK,-0.08447425,-0.01402158,0.9326793762791938,0.9992479176579981
Fibroblasts,Desmoplastic stroma,INS,0.0808318,-0.013739154,0.9355757153228629,0.9992479176579981
Fibroblasts,Desmoplastic stroma,ITGAM,-0.017000586,0.013654797,0.9864361482865666,0.9992479176579981
Fibroblasts,Desmoplastic stroma,BMPR1A,-0.0909934,-0.013597925,0.9274978372299036,0.9992479176579981
Fibroblasts,Desmoplastic stroma,IFNG,-0.0038381137,-0.01316346,0.9969376358522551,0.9992479176579981
Fibroblasts,Desmoplastic stroma,ITGA3,-0.06112572,0.013027271,0.9512590829960599,0.9992479176579981
Fibroblasts,Desmoplastic stroma,IFNL2,-0.06603437,-0.012990285,0.9473504618748299,0.9992479176579981
Fibroblasts,Desmoplastic stroma,LY75,-0.022133123,-0.012806609,0.9823417651236881,0.9992479176579981
Fibroblasts,Desmoplastic stroma,SOD1,0.034401916,0.012568791,0.9725566554649537,0.9992479176579981
Fibroblasts,Desmoplastic stroma,CDKN3,-0.0036443267,0.012479732,0.9970922545158343,0.9992479176579981
Fibroblasts,Desmoplastic stroma,FLT1,0.052405305,0.012331267,0.958205748363522,0.9992479176579981
Fibroblasts,Desmoplastic stroma,ERBB3,0.022396522,0.011960843,0.9821316544476041,0.9992479176579981
Fibroblasts,Desmoplastic stroma,CD83,-0.11741053,-0.011827101,0.9065347383251792,0.9992479176579981
Fibroblasts,Desmoplastic stroma,G6PC2,-0.07270592,0.011639616,0.9420401417744936,0.9992479176579981
Fibroblasts,Desmoplastic stroma,BTK,-0.09658877,-0.011619361,0.9230529787348744,0.9992479176579981
Fibroblasts,Desmoplastic stroma,PPBP,-0.03446024,-0.0115357945,0.9725101470009758,0.9992479176579981
Fibroblasts,Desmoplastic stroma,CALM2,-0.14604399,-0.010624706,0.883886662275366,0.9992479176579981
Fibroblasts,Desmoplastic stroma,KRT19,-0.15083034,-0.010392463,0.8801095499668915,0.9992479176579981
Fibroblasts,Desmoplastic stroma,COL6A1,-1.8262291,-0.009857494,0.06781576555507059,0.46650272128240494
Fibroblasts,Desmoplastic stroma,TLR3,0.061129488,0.009412583,0.9512560862748803,0.9992479176579981
Fibroblasts,Desmoplastic stroma,IL2,0.03928046,0.008928038,0.9686667854497514,0.9992479176579981
Fibroblasts,Desmoplastic stroma,CCL8,0.020240406,-0.008730514,0.9838515955518502,0.9992479176579981
Fibroblasts,Desmoplastic stroma,GNLY,-0.09489172,-0.0074851005,0.9244008356860929,0.9992479176579981
Fibroblasts,Desmoplastic stroma,SEC61G,-0.0066038133,0.007461709,0.9947309576361498,0.9992479176579981
Fibroblasts,Desmoplastic stroma,CXCR6,0.01936366,-0.007078658,0.9845510001535853,0.9992479176579981
Fibroblasts,Desmoplastic stroma,IFITM3,-0.0016951669,-0.0067445026,0.9986474531617753,0.9992479176579981
Fibroblasts,Desmoplastic stroma,IFNGR2,-0.021070115,0.0063831145,0.9831897240777668,0.9992479176579981
Fibroblasts,Desmoplastic stroma,SOX2,0.10545782,0.0063087433,0.9160125394262696,0.9992479176579981
Fibroblasts,Desmoplastic stroma,BRCA1,-0.06016055,-0.006120705,0.9520277646223445,0.9992479176579981
Fibroblasts,Desmoplastic stroma,TNFRSF11A,-0.002754411,0.006047759,0.9978023007594792,0.9992479176579981
Fibroblasts,Desmoplastic stroma,G6PD,0.05720671,-0.005839847,0.9543805343347199,0.9992479176579981
Fibroblasts,Desmoplastic stroma,MIF,0.10193014,0.005445618,0.9188121260953621,0.9992479176579981
Fibroblasts,Desmoplastic stroma,CD28,0.055122085,0.005367994,0.956041200872177,0.9992479176579981
Fibroblasts,Desmoplastic stroma,LAMP2,-0.010327159,0.005154557,0.9917602650515801,0.9992479176579981
Fibroblasts,Desmoplastic stroma,ACTG2,-0.04826428,0.005079183,0.9615056219365041,0.9992479176579981
Fibroblasts,Desmoplastic stroma,CD70,-0.0028240238,0.004828509,0.9977467579600264,0.9992479176579981
Fibroblasts,Desmoplastic stroma,CD86,-0.07597207,-0.004780269,0.9394413155435639,0.9992479176579981
Fibroblasts,Desmoplastic stroma,VEGFB,0.015149261,0.004305053,0.9879131012189666,0.9992479176579981
Fibroblasts,Desmoplastic stroma,TNFSF14,0.103634715,0.003980154,0.9174592379747664,0.9992479176579981
Fibroblasts,Desmoplastic stroma,CD36,0.06694874,-0.0036103353,0.94662250785405,0.9992479176579981
Fibroblasts,Desmoplastic stroma,CMKLR1,0.013785225,0.0034334853,0.9890013301165358,0.9992479176579981
Fibroblasts,Desmoplastic stroma,MST1R,-0.0009425956,-0.0032950297,0.9992479176579981,0.9992479176579981
Fibroblasts,Desmoplastic stroma,APOA1,0.04145351,-0.0032372554,0.9669343550757453,0.9992479176579981
Fibroblasts,Desmoplastic stroma,NLRP2,-0.044119492,0.0029196753,0.9648091545030963,0.9992479176579981
Fibroblasts,Desmoplastic stroma,P2RX5,-0.044130784,0.0021150373,0.9648001562917559,0.9992479176579981
Fibroblasts,Desmoplastic stroma,MT2A,0.013931977,-0.0018832365,0.9888842506790037,0.9992479176579981
Fibroblasts,Desmoplastic stroma,IL3RA,-0.025519693,-0.0013897783,0.9796404406440526,0.9992479176579981
Fibroblasts,Desmoplastic stroma,TNF,0.0703466,0.0011207509,0.9439177900394458,0.9992479176579981
Fibroblasts,Desmoplastic stroma,ICAM3,0.09051363,0.0005540161,0.9278790605317984,0.9992479176579981
Fibroblasts,Desmoplastic stroma,GLUD1,-0.026163142,0.00024261675,0.979127214439419,0.9992479176579981
Fibroblasts,Desmoplastic stroma,ADGRF3,0.0117965555,-2.440265e-05,0.9905879289092987,0.9992479176579981
Fibroblasts,T cell aggregates,CCL19,15.002329,3.7378948,7.088736174808143e-51,1.3610373455631634e-48
Fibroblasts,T cell aggregates,CXCL9,14.72027,3.2130444,4.77750154863852e-49,6.552002123847113e-47
Fibroblasts,T cell aggregates,CD74,20.652235,2.7643206,9.320647794563426e-95,8.94782188278089e-92
Fibroblasts,T cell aggregates,CXCL10,8.4280405,2.7240577,3.515013272599779e-17,1.249782496924366e-15
Fibroblasts,T cell aggregates,SOD2,14.642443,2.0246642,1.50561046860229e-48,1.8067325623227482e-46
Fibroblasts,T cell aggregates,CCL5,6.0208855,2.0167506,1.7346544240654118e-09,3.872716853727431e-08
Fibroblasts,T cell aggregates,HLA.DRB1,12.621462,1.9200644,1.6080803477827813e-36,1.10268366705105e-34
Fibroblasts,T cell aggregates,HLA.DPB1,7.9636207,1.7953898,1.670771141527134e-15,5.346467652886829e-14
Fibroblasts,T cell aggregates,PTGDS,13.352499,1.7142363,1.1454150969703648e-40,9.996349937195911e-39
Fibroblasts,T cell aggregates,HLA.DPA1,10.836786,1.7075344,2.3042433882569816e-27,1.3012197957215897e-25
Fibroblasts,T cell aggregates,STAT1,10.793114,1.6807659,3.710022777674084e-27,1.9786788147595116e-25
Fibroblasts,T cell aggregates,HLA.DQB1,10.231776,1.6263465,1.4287401777294736e-24,6.87920567698534e-23
Fibroblasts,T cell aggregates,IDO1,3.6865718,1.596463,0.00022729525685870406,0.002508085592923631
Fibroblasts,T cell aggregates,HLA.DQA1,8.95523,1.5900524,3.3902813428149275e-19,1.4150739517836217e-17
Fibroblasts,T cell aggregates,HLA.DRA,9.256364,1.5331397,2.11511665092424e-20,9.229599931305776e-19
Fibroblasts,T cell aggregates,HLA.C,15.026919,1.5257335,4.8923599135840374e-51,1.174166379260169e-48
Fibroblasts,T cell aggregates,CD40,4.5309486,1.4972782,5.871940039238141e-06,8.67240375025941e-05
Fibroblasts,T cell aggregates,DUSP5,8.519232,1.4916143,1.6061490316042536e-17,5.930396424384936e-16
Fibroblasts,T cell aggregates,LAMP3,2.2628186,1.4330007,0.023646875602782284,0.15773132828977418
Fibroblasts,T cell aggregates,NFKBIA,5.7091465,1.427988,1.1354408759050946e-08,2.3191983848274273e-07
Fibroblasts,T cell aggregates,HLA.B,14.277773,1.424446,3.0106997380684566e-46,3.211413053939687e-44
Fibroblasts,T cell aggregates,COL11A1,-7.509069,-1.4201171,5.95493108013437e-14,1.7323435869481802e-12
Fibroblasts,T cell aggregates,IL32,10.231477,1.41718,1.4331678493719459e-24,6.87920567698534e-23
Fibroblasts,T cell aggregates,TNFSF13B,4.313686,1.4089105,1.605551333905205e-05,0.00021114099733547903
Fibroblasts,T cell aggregates,CD44,7.1000133,1.3985238,1.2474478367281075e-12,3.326527564608287e-11
Fibroblasts,T cell aggregates,HLA.A,14.942179,1.3834485,1.7515402140355626e-50,2.8024643424569e-48
Fibroblasts,T cell aggregates,COL12A1,-4.4619875,-1.3579127,8.120301686610698e-06,0.00011463955322273926
Fibroblasts,T cell aggregates,COL8A1,-9.725242,-1.3405684,2.3534639403367385e-22,1.0758692298682234e-20
Fibroblasts,T cell aggregates,THBS2,-12.189836,-1.3083568,3.521297614545624e-34,2.1127785687273743e-32
Fibroblasts,T cell aggregates,IL33,3.0878577,1.2917111,0.0020160491781307356,0.01825855859439157
Fibroblasts,T cell aggregates,FYB1,2.6146493,1.2829304,0.00893191065234506,0.06859707381001005
Fibroblasts,T cell aggregates,COTL1,5.1259046,1.2779932,2.9611228999880406e-07,5.076210685693784e-06
Fibroblasts,T cell aggregates,IGFBP5,-5.055375,-1.2242423,4.295456513400099e-07,6.989217377735755e-06
Fibroblasts,T cell aggregates,BTG1,4.409264,1.2230515,1.0372253263986502e-05,0.00014024455117502875
Fibroblasts,T cell aggregates,IL6ST,6.74006,1.1924698,1.5832125843648807e-11,3.7997102024757136e-10
Fibroblasts,T cell aggregates,INHBA,-5.683569,-1.1823933,1.3191245132475348e-08,2.6382490264950697e-07
Fibroblasts,T cell aggregates,B2M,12.849159,1.1782426,8.695002503135214e-38,6.420924925392159e-36
Fibroblasts,T cell aggregates,ITGB5,-7.3202615,-1.1730083,2.474885028514582e-13,6.788256078211425e-12
Fibroblasts,T cell aggregates,JAK2,4.8949747,1.172942,9.831845145663223e-07,1.547306777022409e-05
Fibroblasts,T cell aggregates,CXCR4,1.8730636,1.1711141,0.06105961385691983,0.3427908146353394
Fibroblasts,T cell aggregates,OAS2,2.9685035,1.1608894,0.0029925383386957185,0.025423334558830883
Fibroblasts,T cell aggregates,TLR7,1.5430597,1.1555712,0.12281629921640747,0.5666168782515341
Fibroblasts,T cell aggregates,CD37,2.3301487,1.1544893,0.019798292807730114,0.13772725431464428
Fibroblasts,T cell aggregates,CD47,4.0999775,1.1412401,4.131905361835586e-05,0.0005085421983797644
Fibroblasts,T cell aggregates,MT2A,7.9956264,1.1261749,1.2891646870629223e-15,4.267579653725536e-14
Fibroblasts,T cell aggregates,CD2,2.512942,1.1214939,0.01197289849111477,0.08841525039592446
Fibroblasts,T cell aggregates,CD52,3.0165772,1.118079,0.002556460364860389,0.022310926820599757
Fibroblasts,T cell aggregates,CIITA,3.465869,1.1179614,0.0005285207223139232,0.005340840983382803
Fibroblasts,T cell aggregates,CFD,3.788686,1.1106273,0.0001514461893163773,0.0017516667679966533
Fibroblasts,T cell aggregates,CD69,1.5885888,1.110225,0.11215326002942506,0.5277800471972944
Fibroblasts,T cell aggregates,CCL2,6.078669,1.1066258,1.2118428825201396e-09,2.8374857737056927e-08
Fibroblasts,T cell aggregates,COL15A1,-3.210434,-1.0984144,0.0013253473181948168,0.012597360648188357
Fibroblasts,T cell aggregates,FOS,-7.5264277,-1.096442,5.2147314501203775e-14,1.5644194350361133e-12
Fibroblasts,T cell aggregates,BST2,4.153681,1.0946302,3.271692664126353e-05,0.00040789934513783095
Fibroblasts,T cell aggregates,LGALS9,4.4327555,1.0932543,9.303641003023346e-06,0.00012759279089860588
Fibroblasts,T cell aggregates,HLA.E,6.867012,1.0893075,6.556062330040076e-12,1.613799958163711e-10
Fibroblasts,T cell aggregates,HLA.DRB5,4.5504565,1.0846715,5.352967474340603e-06,8.029451211510904e-05
Fibroblasts,T cell aggregates,TAP1,3.6515143,1.0795212,0.00026069868025476725,0.0028120307083660287
Fibroblasts,T cell aggregates,TNFSF10,2.9852333,1.0728086,0.0028336216376786904,0.024288185465817347
Fibroblasts,T cell aggregates,VCAM1,6.9539757,1.0708596,3.551333616639743e-12,8.971790189405666e-11
Fibroblasts,T cell aggregates,CCL20,-0.7757373,-1.0655066,0.4379041267190139,0.9989557648934723
Fibroblasts,T cell aggregates,TNFSF14,2.339248,1.0599562,0.01932260865373709,0.13539930151523802
Fibroblasts,T cell aggregates,FN1,-12.953234,-1.0451542,2.2526109456903694e-38,1.8020887565522953e-36
Fibroblasts,T cell aggregates,IGHA1,3.7320306,1.0435494,0.0001899423211870249,0.0021452309216416932
Fibroblasts,T cell aggregates,CSF2RB,1.6123095,1.0412396,0.10689460545205949,0.5105413991740154
Fibroblasts,T cell aggregates,RARRES1,5.6551323,1.0377092,1.557262958552117e-08,3.0509641636939437e-07
Fibroblasts,T cell aggregates,CPB1,-0.41436347,-1.0344472,0.6786079245128626,0.9989557648934723
Fibroblasts,T cell aggregates,VSIR,2.7778573,1.033571,0.005471864083536413,0.04414276907726854
Fibroblasts,T cell aggregates,LYZ,4.4358735,1.0211488,9.169969175523787e-06,0.00012758217983337446
Fibroblasts,T cell aggregates,BGN,-12.574394,-0.99730945,2.920307624734461e-36,1.8689968798300551e-34
Fibroblasts,T cell aggregates,JCHAIN,1.7207302,0.99516565,0.08529980251810326,0.4426368130669142
Fibroblasts,T cell aggregates,ITGAL,1.2523228,0.9917724,0.21045226803396755,0.8256644617048615
Fibroblasts,T cell aggregates,CD83,2.0907924,0.983591,0.03654666587098093,0.22065911469271507
Fibroblasts,T cell aggregates,CD84,1.1791818,0.98340213,0.23832580684250626,0.9007589549952992
Fibroblasts,T cell aggregates,FAS,4.700086,0.97972083,2.6005204320968704e-06,3.962697801290469e-05
Fibroblasts,T cell aggregates,IGKC,5.9344325,0.9795921,2.948639414856466e-09,6.433395086959562e-08
Fibroblasts,T cell aggregates,IFIH1,2.5969872,0.9632811,0.009404539354898376,0.07059863267584093
Fibroblasts,T cell aggregates,ADGRG2,0.88983566,0.96193266,0.37355414121973807,0.9989557648934723
Fibroblasts,T cell aggregates,TNFRSF19,-2.7297058,-0.9598708,0.006339088679864419,0.05071270943891535
Fibroblasts,T cell aggregates,TNFRSF1B,1.9551003,0.94395053,0.05057123528517626,0.29246015586607954
Fibroblasts,T cell aggregates,CD274,1.9736315,0.94187254,0.04842365813512027,0.28173764733160883
Fibroblasts,T cell aggregates,ICAM1,4.5030446,0.93848157,6.698682620406111e-06,9.743538356954343e-05
Fibroblasts,T cell aggregates,CD3E,3.0377495,0.93451744,0.0023835200259184094,0.0210004585563013
Fibroblasts,T cell aggregates,C1QC,3.3767083,0.9322079,0.0007335881291675143,0.0071861694285797325
Fibroblasts,T cell aggregates,CENPF,0.6867208,0.9319845,0.492258693589709,0.9989557648934723
Fibroblasts,T cell aggregates,ITGB2,2.6805184,0.92713475,0.007350821858348832,0.057372268162722596
Fibroblasts,T cell aggregates,VCAN,-8.575532,-0.9224079,9.862973209260245e-18,3.787381712355934e-16
Fibroblasts,T cell aggregates,SPP1,-1.6630725,-0.9221871,0.09629792338232394,0.47666503308806735
Fibroblasts,T cell aggregates,NPPC,4.4919553,0.9213883,7.057219489120473e-06,0.00010111836879933812
Fibroblasts,T cell aggregates,LY75,0.84271604,0.9149475,0.399387285208058,0.9989557648934723
Fibroblasts,T cell aggregates,GPX3,3.6223783,0.9133495,0.0002919067233407264,0.0031136717156344147
Fibroblasts,T cell aggregates,TXK,-0.6292851,-0.9045015,0.5291624425290871,0.9989557648934723
Fibroblasts,T cell aggregates,CSF1,3.4796028,0.89769584,0.000502157625754549,0.005128418305578373
Fibroblasts,T cell aggregates,RNF43,-1.4659017,-0.8976624,0.1426750710781504,0.643042573873354
Fibroblasts,T cell aggregates,HILPDA,-5.4121585,-0.896295,6.226948943839708e-08,1.1279001860539849e-06
Fibroblasts,T cell aggregates,COL5A1,-7.6758466,-0.88951796,1.6432990962442765e-14,5.088926233530662e-13
Fibroblasts,T cell aggregates,CD53,2.1519678,0.88719314,0.031399891733279055,0.1944767487996638
Fibroblasts,T cell aggregates,CLU,3.0376348,0.8841892,0.00238442706524671,0.0210004585563013
Fibroblasts,T cell aggregates,ADGRD1,1.6852545,0.883612,0.09193948092874997,0.46453632469263145
Fibroblasts,T cell aggregates,CCL21,2.2614462,0.88297707,0.023731634521317022,0.15773132828977418
Fibroblasts,T cell aggregates,OAS3,2.701676,0.873615,0.006899099023846545,0.054287992318792486
Fibroblasts,T cell aggregates,ANGPT1,1.9415514,0.8704632,0.05219143147684795,0.30002260010643134
Fibroblasts,T cell aggregates,CD163,1.3498318,0.86831456,0.17706993236481305,0.7548592983979178
Fibroblasts,T cell aggregates,CD48,1.6772206,0.8673574,0.09349935272419084,0.46994439065561894
Fibroblasts,T cell aggregates,IL15RA,5.2614455,0.8668342,1.4292737374486637e-07,2.4947323417285766e-06
Fibroblasts,T cell aggregates,TAP2,2.596673,0.86056304,0.009413151023445457,0.07059863267584093
Fibroblasts,T cell aggregates,KLK3,1.1341187,0.8506245,0.25674476385938627,0.9371671988783681
Fibroblasts,T cell aggregates,IL2RG,1.7886262,0.85029125,0.07367503367328222,0.3995934029737341
Fibroblasts,T cell aggregates,ADGRB3,-1.3872198,-0.84796053,0.1653747529344196,0.7151340667434362
Fibroblasts,T cell aggregates,ITGA6,1.0016667,0.8423256,0.31650462810029356,0.9989557648934723
Fibroblasts,T cell aggregates,TIMP1,8.111778,0.8411077,4.98844198099427e-16,1.710322964912321e-14
Fibroblasts,T cell aggregates,CCR5,1.0597978,0.83975476,0.28923662885102797,0.9786744929397982
Fibroblasts,T cell aggregates,JUN,-7.384747,-0.83958375,1.527434832163128e-13,4.312757173166479e-12
Fibroblasts,T cell aggregates,IGFBP3,-3.435927,-0.8288995,0.000590530450382203,0.00590530450382203
Fibroblasts,T cell aggregates,RPL37,5.426366,0.8288105,5.751299797576555e-08,1.0617784241679794e-06
Fibroblasts,T cell aggregates,MX1,3.7553926,0.82462996,0.0001730699259919219,0.0019779420113362504
Fibroblasts,T cell aggregates,CYP1B1,3.913955,0.8239814,9.079660521201454e-05,0.0010629846463845604
Fibroblasts,T cell aggregates,TAGLN,-6.9545302,-0.8198994,3.537385907842953e-12,8.971790189405666e-11
Fibroblasts,T cell aggregates,CD3D,1.1060963,0.80530417,0.2686848759664434,0.9506970765706783
Fibroblasts,T cell aggregates,FYN,2.2002192,0.8011243,0.02779134233466832,0.17668667974358668
Fibroblasts,T cell aggregates,TNFSF4,-0.624754,-0.79511106,0.5321325369576279,0.9989557648934723
Fibroblasts,T cell aggregates,C1QB,3.0772126,0.79466826,0.002089462815451507,0.018746582269471464
Fibroblasts,T cell aggregates,VEGFC,1.8589007,0.7907932,0.06304122461045504,0.3498241365666869
Fibroblasts,T cell aggregates,CPA3,1.0788542,0.7897704,0.28065272920294715,0.9647166625823382
Fibroblasts,T cell aggregates,TNFRSF11A,1.3333275,0.7896367,0.18242433044616346,0.7548592983979178
Fibroblasts,T cell aggregates,RAD51,0.48539248,0.78366417,0.6273979705906751,0.9989557648934723
Fibroblasts,T cell aggregates,LTB,1.7626492,0.78300834,0.07795967370459196,0.4113212368748707
Fibroblasts,T cell aggregates,CCL15,1.0291343,0.7809461,0.30341658000997795,0.9989557648934723
Fibroblasts,T cell aggregates,MMP14,-5.3121676,-0.7731488,1.0832886822833998e-07,1.9258465462815994e-06
Fibroblasts,T cell aggregates,GADD45B,-4.8231134,-0.77226275,1.413346165984291e-06,2.1884069666853537e-05
Fibroblasts,T cell aggregates,MST1R,1.003061,0.7708177,0.31583138351073314,0.9989557648934723
Fibroblasts,T cell aggregates,SRGN,2.9985194,0.7684652,0.002712947849118703,0.02346333274913473
Fibroblasts,T cell aggregates,FABP4,0.62579334,0.7682713,0.531450488146709,0.9989557648934723
Fibroblasts,T cell aggregates,C1QA,3.1122775,0.76245874,0.001856498412573806,0.01713690842375821
Fibroblasts,T cell aggregates,IRF4,1.0030907,0.76162744,0.31581710734971835,0.9989557648934723
Fibroblasts,T cell aggregates,TNFRSF10A,0.49195054,0.75924164,0.6227543149483248,0.9989557648934723
Fibroblasts,T cell aggregates,GPR183,0.8413807,0.7590477,0.4001346738846522,0.9989557648934723
Fibroblasts,T cell aggregates,RPL21,5.6397157,0.7568874,1.7033138198454852e-08,3.2703625341033316e-07
Fibroblasts,T cell aggregates,CFLAR,2.4910116,0.75653404,0.012737995248710828,0.09334714075391143
Fibroblasts,T cell aggregates,COL1A2,-15.065461,-0.7501821,2.7325222728764327e-51,8.744071273204583e-49
Fibroblasts,T cell aggregates,IRF3,3.6985302,0.7485681,0.00021685149855938648,0.0024206678908954772
Fibroblasts,T cell aggregates,IGFBP7,6.0359473,0.74495983,1.5803291635767104e-09,3.6121809453181956e-08
Fibroblasts,T cell aggregates,CXCL6,-0.6213362,-0.74330044,0.53437840938046,0.9989557648934723
Fibroblasts,T cell aggregates,GCG,-0.47981092,-0.73450804,0.631361853799096,0.9989557648934723
Fibroblasts,T cell aggregates,LAIR1,1.48926,0.73431015,0.13641893783466966,0.617746133590957
Fibroblasts,T cell aggregates,FGFR3,-0.8306319,-0.7320247,0.4061816177997465,0.9989557648934723
Fibroblasts,T cell aggregates,ARHGDIB,1.7808586,0.7247074,0.07493554852535153,0.40188897533149426
Fibroblasts,T cell aggregates,MARCO,-0.46778965,-0.7246704,0.6399350201923949,0.9989557648934723
Fibroblasts,T cell aggregates,EPHB2,2.1116836,0.71993506,0.0347135942613579,0.21091804108166826
Fibroblasts,T cell aggregates,LIFR,1.3463216,0.71561277,0.17819881539462556,0.7548592983979178
Fibroblasts,T cell aggregates,ADGRE2,1.0999709,0.70788205,0.27134479060454775,0.9506970765706783
Fibroblasts,T cell aggregates,COL16A1,-5.7148614,-0.70452076,1.097935530083252e-08,2.291343714956352e-07
Fibroblasts,T cell aggregates,HDAC4,1.4002805,0.7036826,0.16142936098609717,0.7044190297575149
Fibroblasts,T cell aggregates,TIGIT,0.87207377,0.7015046,0.38316812915962606,0.9989557648934723
Fibroblasts,T cell aggregates,ACVRL1,1.4470154,0.7013446,0.14789261835516151,0.6603577377718839
Fibroblasts,T cell aggregates,IL7R,1.2481246,0.6974658,0.21198543205673426,0.8268467407260773
Fibroblasts,T cell aggregates,TOP2A,0.8264522,0.6947528,0.40854763164996666,0.9989557648934723
Fibroblasts,T cell aggregates,RSPO2,-0.35407227,-0.6928919,0.7232847307893309,0.9989557648934723
Fibroblasts,T cell aggregates,COL21A1,1.2151272,0.68928206,0.22431759229168002,0.8579477633466646
Fibroblasts,T cell aggregates,IL10RA,0.9434172,0.68850297,0.34546756567379644,0.9989557648934723
Fibroblasts,T cell aggregates,SELENOP,3.5383961,0.6885029,0.0004025657967151867,0.00415551790157612
Fibroblasts,T cell aggregates,AZU1,5.1188326,0.6876042,3.0743276279561313e-07,5.088542280754976e-06
Fibroblasts,T cell aggregates,DUSP4,0.93156236,0.6874243,0.3515627439931647,0.9989557648934723
Fibroblasts,T cell aggregates,MMP19,2.3687537,0.67931265,0.017848140185934534,0.12598687190071436
Fibroblasts,T cell aggregates,DDX58,1.7769933,0.6781784,0.07556933674085316,0.4030364626178835
Fibroblasts,T cell aggregates,SELL,0.80910456,0.6778304,0.41845499101524686,0.9989557648934723
Fibroblasts,T cell aggregates,CD4,2.8913898,0.6774478,0.003835421188202774,0.03147012256986891
Fibroblasts,T cell aggregates,IL11RA,1.6193817,0.6765087,0.10536516060375684,0.5057527708980328
Fibroblasts,T cell aggregates,CIDEA,0.97140265,0.67543596,0.3313478075429046,0.9989557648934723
Fibroblasts,T cell aggregates,CD9,-2.243307,-0.6749376,0.024877014858457305,0.16357489221999325
Fibroblasts,T cell aggregates,CELSR1,-0.9370515,-0.67367595,0.3487320937428884,0.9989557648934723
Fibroblasts,T cell aggregates,CXCL3,1.0592022,0.6722347,0.28950769542038046,0.9786744929397982
Fibroblasts,T cell aggregates,LUM,-8.6753235,-0.6717717,4.123771052138907e-18,1.6495084208555626e-16
Fibroblasts,T cell aggregates,IL36G,0.56154805,0.670856,0.574423975618843,0.9989557648934723
Fibroblasts,T cell aggregates,MYL9,-3.097974,-0.67078996,0.0019484842653441524,0.017814713283146537
Fibroblasts,T cell aggregates,PTGES,1.1689619,0.66901076,0.24241900479230616,0.9055340256833226
Fibroblasts,T cell aggregates,FASLG,0.540927,0.6682592,0.5885579120666988,0.9989557648934723
Fibroblasts,T cell aggregates,CD80,1.0698845,0.659242,0.28467130460471,0.9725425353043473
Fibroblasts,T cell aggregates,MXRA8,-4.211579,-0.6556212,2.5359180796543873e-05,0.0003245975141957616
Fibroblasts,T cell aggregates,COL5A2,-4.90265,-0.6539524,9.455252759604235e-07,1.5128404415366777e-05
Fibroblasts,T cell aggregates,CSF3,1.1125507,0.6528558,0.26590144076298294,0.9506970765706783
Fibroblasts,T cell aggregates,RPL32,3.5407188,0.65066636,0.00039903847302634585,0.00415551790157612
Fibroblasts,T cell aggregates,RPL34,4.1960216,0.6443917,2.716442696962378e-05,0.0003431296038268267
Fibroblasts,T cell aggregates,EFNA5,1.539494,0.63986915,0.12368374678079244,0.5666168782515341
Fibroblasts,T cell aggregates,AREG,-0.49910042,-0.6356953,0.6177086521931023,0.9989557648934723
Fibroblasts,T cell aggregates,IGHG1,3.4198294,0.62887937,0.0006266041040131038,0.006201442678892574
Fibroblasts,T cell aggregates,CD3G,0.90622157,0.62604827,0.36481859999545097,0.9989557648934723
Fibroblasts,T cell aggregates,ACTA2,-2.7113075,-0.6223874,0.0067018415468011894,0.05317163541263754
Fibroblasts,T cell aggregates,CD68,3.2680619,0.62188745,0.0010828664555958666,0.01039551797372032
Fibroblasts,T cell aggregates,ADGRF3,0.6123443,0.61729926,0.5403099548500332,0.9989557648934723
Fibroblasts,T cell aggregates,GPX1,4.0099287,0.6171421,6.073703176368324e-05,0.0007380702594067837
Fibroblasts,T cell aggregates,EMP3,1.7840396,0.616844,0.07441722427408512,0.40135132192765005
Fibroblasts,T cell aggregates,CD55,-1.2952849,-0.6137174,0.19522196174694706,0.7907725032787729
Fibroblasts,T cell aggregates,CCR2,0.6971626,0.609725,0.48570101754245243,0.9989557648934723
Fibroblasts,T cell aggregates,GZMH,0.71279764,0.60860974,0.47597096735107347,0.9989557648934723
Fibroblasts,T cell aggregates,MMP7,1.2011012,0.6010894,0.2297119719768158,0.8750932265783459
Fibroblasts,T cell aggregates,DNMT1,2.1427133,0.60013586,0.032136129468569904,0.19650117382055482
Fibroblasts,T cell aggregates,IL34,1.3348182,0.59891963,0.1819358538472028,0.7548592983979178
Fibroblasts,T cell aggregates,PNOC,0.7875255,0.59832054,0.43097430467316944,0.9989557648934723
Fibroblasts,T cell aggregates,CRIP1,2.1631124,0.59717506,0.030532534454664712,0.19193925619733515
Fibroblasts,T cell aggregates,GDF9,0.70940584,0.5931089,0.47807267309375245,0.9989557648934723
Fibroblasts,T cell aggregates,IFITM1,3.670667,0.5930242,0.0002419185013672854,0.00263911092400675
Fibroblasts,T cell aggregates,TYROBP,1.7018734,0.5922466,0.08877909909996846,0.45576435901588086
Fibroblasts,T cell aggregates,STAT4,0.80729955,0.59159315,0.4194939247740096,0.9989557648934723
Fibroblasts,T cell aggregates,CEACAM6,-0.71437335,-0.5897462,0.47499632819114235,0.9989557648934723
Fibroblasts,T cell aggregates,P2RX5,0.48616922,0.5888739,0.6268471846953898,0.9989557648934723
Fibroblasts,T cell aggregates,PROK2,0.49357063,0.5877288,0.6216094493829527,0.9989557648934723
Fibroblasts,T cell aggregates,KRT15,2.8132293,0.5868616,0.004904664729637432,0.03990235712247402
Fibroblasts,T cell aggregates,IFNGR1,2.5346358,0.5861994,0.011256427446212339,0.08376876239041742
Fibroblasts,T cell aggregates,ST6GAL1,0.8894214,0.58427495,0.3737766595738661,0.9989557648934723
Fibroblasts,T cell aggregates,BAG3,-1.0354593,-0.5828125,0.3004544597690435,0.9989557648934723
Fibroblasts,T cell aggregates,RAMP2,0.7288285,0.5822071,0.46610658842854535,0.9989557648934723
Fibroblasts,T cell aggregates,NRXN3,0.5954813,0.5808036,0.5515217974133355,0.9989557648934723
Fibroblasts,T cell aggregates,CD8A,0.7853728,0.57982504,0.4322350387303505,0.9989557648934723
Fibroblasts,T cell aggregates,CSK,1.3953055,0.5768844,0.16292374277257038,0.7077230455279075
Fibroblasts,T cell aggregates,TNFRSF14,2.377986,0.57423025,0.017407490868677395,0.12378660173281703
Fibroblasts,T cell aggregates,SQSTM1,4.3269315,0.57309777,1.5120108814032772e-05,0.0002016014508537703
Fibroblasts,T cell aggregates,IFNAR2,1.6629319,0.5728668,0.09632605876988028,0.47666503308806735
Fibroblasts,T cell aggregates,RUNX3,1.0153967,0.5683641,0.3099167386849976,0.9989557648934723
Fibroblasts,T cell aggregates,PROKR1,-0.23749936,-0.5672011,0.8122694198515372,0.9989557648934723
Fibroblasts,T cell aggregates,HMGB2,1.8007251,0.5660263,0.07174621242238753,0.39134297684938657
Fibroblasts,T cell aggregates,CSF3R,-0.35062122,-0.56596243,0.7258725241744406,0.9989557648934723
Fibroblasts,T cell aggregates,RPL22,3.5858743,0.56373584,0.0003359505838165896,0.003544094071032154
Fibroblasts,T cell aggregates,IL12RB2,0.6752248,0.56298506,0.4995329724467451,0.9989557648934723
Fibroblasts,T cell aggregates,COL3A1,-14.100776,-0.56055,3.756184865198306e-45,3.605937470590374e-43
Fibroblasts,T cell aggregates,MKI67,0.89845026,0.5583,0.3689455476813782,0.9989557648934723
Fibroblasts,T cell aggregates,CD19,-0.3795869,-0.5575234,0.7042520749512279,0.9989557648934723
Fibroblasts,T cell aggregates,FOXP3,0.5186895,0.557261,0.6039772807953484,0.9989557648934723
Fibroblasts,T cell aggregates,WNT11,0.90177184,0.55565435,0.36717808515692996,0.9989557648934723
Fibroblasts,T cell aggregates,CCL3L3,0.70117956,0.5552154,0.4831909468410438,0.9989557648934723
Fibroblasts,T cell aggregates,S100A4,3.199848,0.55480456,0.0013750016381791274,0.012941191888744728
Fibroblasts,T cell aggregates,RGS5,-0.45911217,-0.5545005,0.6461536281561732,0.9989557648934723
Fibroblasts,T cell aggregates,CCR7,1.6070201,0.5542937,0.10804994702054538,0.5135046987115028
Fibroblasts,T cell aggregates,PTPRC,1.1370852,0.55423945,0.2555026834435903,0.9361930385719339
Fibroblasts,T cell aggregates,KRT20,0.58829814,0.5536791,0.5563321982812965,0.9989557648934723
Fibroblasts,T cell aggregates,NLRC5,1.6738324,0.55281574,0.09416353247834426,0.4708176623917213
Fibroblasts,T cell aggregates,EFNB3,-0.4564194,-0.5520299,0.648088422316379,0.9989557648934723
Fibroblasts,T cell aggregates,RARB,1.6868191,0.5519499,0.0916381399381011,0.46453632469263145
Fibroblasts,T cell aggregates,TLR8,0.7865157,0.5518359,0.4315654141399963,0.9989557648934723
Fibroblasts,T cell aggregates,CCL18,0.70738256,0.55180883,0.4793287740433335,0.9989557648934723
Fibroblasts,T cell aggregates,IL2RB,0.75881135,0.550859,0.44796541863237593,0.9989557648934723
Fibroblasts,T cell aggregates,FZD6,-0.94441956,-0.5493447,0.3449552924895902,0.9989557648934723
Fibroblasts,T cell aggregates,NKG7,0.4628369,0.5476011,0.6434812826129966,0.9989557648934723
Fibroblasts,T cell aggregates,GDF10,-0.6337015,-0.5474546,0.5262756477674863,0.9989557648934723
Fibroblasts,T cell aggregates,INHA,0.6975732,0.54330236,0.48544414003357583,0.9989557648934723
Fibroblasts,T cell aggregates,IGHM,1.1036919,0.54096603,0.26972678206855594,0.9506970765706783
Fibroblasts,T cell aggregates,WNT7A,0.6602407,0.5376833,0.5090993559251534,0.9989557648934723
Fibroblasts,T cell aggregates,IL2,0.44882935,0.5368054,0.6535547594919388,0.9989557648934723
Fibroblasts,T cell aggregates,IL1R1,3.915194,0.5365303,9.033154339298416e-05,0.0010629846463845604
Fibroblasts,T cell aggregates,WNT10B,-0.5560183,-0.5357418,0.5781983558004034,0.9989557648934723
Fibroblasts,T cell aggregates,CD276,-2.2851412,-0.53553593,0.02230455428142714,0.15186079510758901
Fibroblasts,T cell aggregates,EPCAM,-0.7104267,-0.5340982,0.4774395654530632,0.9989557648934723
Fibroblasts,T cell aggregates,KRT10,0.679693,0.5337313,0.49669888342597945,0.9989557648934723
Fibroblasts,T cell aggregates,APOD,1.6894711,0.53104293,0.0911291697062969,0.46453632469263145
Fibroblasts,T cell aggregates,COL1A1,-16.65669,-0.52873564,2.7058700145767577e-62,1.2988176069968438e-59
Fibroblasts,T cell aggregates,MZB1,0.51053727,0.5249647,0.609675128785939,0.9989557648934723
Fibroblasts,T cell aggregates,CSHL1,0.64445776,0.5244491,0.5192786477284606,0.9989557648934723
Fibroblasts,T cell aggregates,CTNNB1,-2.959456,-0.52106375,0.0030818273392871935,0.025952230225576366
Fibroblasts,T cell aggregates,MGP,-3.9166365,-0.5202654,8.979296277865335e-05,0.0010629846463845604
Fibroblasts,T cell aggregates,AHR,2.0229113,0.51971203,0.043082296751992204,0.2537362262694019
Fibroblasts,T cell aggregates,VEGFA,-2.213313,-0.51897895,0.026876061232095474,0.17200679188541104
Fibroblasts,T cell aggregates,CXCL17,-0.36880478,-0.51755345,0.7122732470223088,0.9989557648934723
Fibroblasts,T cell aggregates,SOX4,-1.8626364,-0.51120573,0.06251342989615524,0.34891216686226184
Fibroblasts,T cell aggregates,ICOSLG,0.91139627,0.5092051,0.36208663571933253,0.9989557648934723
Fibroblasts,T cell aggregates,CHEK2,0.8399604,0.5089694,0.4009306022595527,0.9989557648934723
Fibroblasts,T cell aggregates,IL7,0.88601846,0.5086417,0.3756075915913404,0.9989557648934723
Fibroblasts,T cell aggregates,ITM2A,0.5398432,0.5073702,0.5893051582631582,0.9989557648934723
Fibroblasts,T cell aggregates,SIGIRR,0.58976287,0.5071119,0.5553496339190622,0.9989557648934723
Fibroblasts,T cell aggregates,NFKB1,0.971865,0.5058118,0.3311177089801799,0.9989557648934723
Fibroblasts,T cell aggregates,FCGR3A,1.8423371,0.5053734,0.06542584328454085,0.3609701698457426
Fibroblasts,T cell aggregates,S100A9,2.0816305,0.50523895,0.03737623470745682,0.2242574082447409
Fibroblasts,T cell aggregates,ACKR4,0.6303244,0.50440025,0.5284823303256524,0.9989557648934723
Fibroblasts,T cell aggregates,GLUL,2.1577046,0.5029472,0.030950798411185577,0.19294004204375423
Fibroblasts,T cell aggregates,STMN1,0.94983095,0.5026858,0.34219814664494286,0.9989557648934723
Fibroblasts,T cell aggregates,SERPINB5,-1.095192,-0.50059193,0.2734325245186745,0.9545280855924638
Fibroblasts,T cell aggregates,HSPA1A,-2.2599556,-0.49927106,0.023824002710434642,0.15773132828977418
Fibroblasts,T cell aggregates,FZD3,-0.48741204,-0.49859223,0.6259663599195191,0.9989557648934723
Fibroblasts,T cell aggregates,RGS1,0.85633886,0.49718124,0.3918103620071961,0.9989557648934723
Fibroblasts,T cell aggregates,ACVR2A,1.0208784,0.49659088,0.30731203049694056,0.9989557648934723
Fibroblasts,T cell aggregates,BMP2,-0.5116691,-0.4963938,0.6088826212586917,0.9989557648934723
Fibroblasts,T cell aggregates,IFNL2,0.58631927,0.4943999,0.5576609976137974,0.9989557648934723
Fibroblasts,T cell aggregates,TLR1,0.88887393,0.49134976,0.37407082746203024,0.9989557648934723
Fibroblasts,T cell aggregates,ETV4,-0.52558416,-0.4907886,0.5991771651758475,0.9989557648934723
Fibroblasts,T cell aggregates,ADGRE5,0.64935875,0.48884854,0.5161065379537199,0.9989557648934723
Fibroblasts,T cell aggregates,CST7,0.6770224,0.4880954,0.4983917364490851,0.9989557648934723
Fibroblasts,T cell aggregates,PRF1,0.46409822,0.4874807,0.6425773891470453,0.9989557648934723
Fibroblasts,T cell aggregates,NTRK2,0.38674048,0.48674443,0.6989483386639102,0.9989557648934723
Fibroblasts,T cell aggregates,PDGFB,0.3895257,0.4858847,0.6968872873766332,0.9989557648934723
Fibroblasts,T cell aggregates,MMP1,-0.49672943,-0.4835899,0.6193798565384492,0.9989557648934723
Fibroblasts,T cell aggregates,HBB,-0.30716348,-0.48157716,0.7587189530997587,0.9989557648934723
Fibroblasts,T cell aggregates,IL10RB,1.5384139,0.4809372,0.12394744211752308,0.5666168782515341
Fibroblasts,T cell aggregates,SUCNR1,0.47397783,0.48050392,0.635515718934052,0.9989557648934723
Fibroblasts,T cell aggregates,KRT6C,0.62016374,0.47875744,0.5351500096540602,0.9989557648934723
Fibroblasts,T cell aggregates,CASP8,0.9125873,0.4780972,0.3614596541007272,0.9989557648934723
Fibroblasts,T cell aggregates,FGG,0.49207258,0.4778171,0.6226680261286532,0.9989557648934723
Fibroblasts,T cell aggregates,KLRK1,0.58246136,0.47670862,0.5602559675252241,0.9989557648934723
Fibroblasts,T cell aggregates,STAT5A,1.4346427,0.472297,0.1513889333298182,0.6684529669015126
Fibroblasts,T cell aggregates,IL18,0.6917993,0.4708347,0.48906337109302533,0.9989557648934723
Fibroblasts,T cell aggregates,RGS2,-1.4509176,-0.47082973,0.14680279061167303,0.6585545747065705
Fibroblasts,T cell aggregates,S100A2,0.6955314,0.4700364,0.48672231118746867,0.9989557648934723
Fibroblasts,T cell aggregates,STAT6,1.5586947,0.46890253,0.11906865670292492,0.5548830603631453
Fibroblasts,T cell aggregates,ADGRA2,1.6507516,0.46814102,0.09878929886243092,0.48272201580069857
Fibroblasts,T cell aggregates,HCST,0.92867726,0.4676439,0.3530563709055,0.9989557648934723
Fibroblasts,T cell aggregates,FZD8,-0.5266605,-0.4668779,0.5984293536028662,0.9989557648934723
Fibroblasts,T cell aggregates,BMP7,0.7367255,0.46681625,0.4612892839096784,0.9989557648934723
Fibroblasts,T cell aggregates,TUBB,2.9136791,0.46476808,0.0035719696036254837,0.02981818103896056
Fibroblasts,T cell aggregates,ICOS,0.8421575,0.46342105,0.39969980260988514,0.9989557648934723
Fibroblasts,T cell aggregates,MS4A1,0.50604314,0.46208596,0.6128263628975279,0.9989557648934723
Fibroblasts,T cell aggregates,PDGFD,-0.6503352,-0.45989546,0.5154757128169271,0.9989557648934723
Fibroblasts,T cell aggregates,SAT1,2.2929125,0.45789433,0.021853048680827557,0.14984947666853182
Fibroblasts,T cell aggregates,TNFRSF10B,1.8121545,0.45716956,0.06996231402193126,0.3837932654917372
Fibroblasts,T cell aggregates,LYN,0.79933965,0.4523821,0.4240935079819933,0.9989557648934723
Fibroblasts,T cell aggregates,TNFRSF21,1.0832855,0.45215192,0.27868175520195493,0.9641861240962198
Fibroblasts,T cell aggregates,MYH11,-0.22780837,-0.45063964,0.8197952180048896,0.9989557648934723
Fibroblasts,T cell aggregates,CSF2RA,0.94733423,0.45044115,0.3434684847232934,0.9989557648934723
Fibroblasts,T cell aggregates,NANOG,-0.5662456,-0.44909424,0.5712268357440462,0.9989557648934723
Fibroblasts,T cell aggregates,ETS1,1.547084,0.44886413,0.12184298785670306,0.5650689291905069
Fibroblasts,T cell aggregates,IL12B,0.5389037,0.44776917,0.5899532955513886,0.9989557648934723
Fibroblasts,T cell aggregates,LAG3,0.58012366,0.4472357,0.561831216968045,0.9989557648934723
Fibroblasts,T cell aggregates,PTGES3,1.4417852,0.44690928,0.1493629792509469,0.6638354633375418
Fibroblasts,T cell aggregates,CELSR2,0.4840831,0.445303,0.6283269082837788,0.9989557648934723
Fibroblasts,T cell aggregates,LEP,0.36578652,0.4446628,0.71452438502784,0.9989557648934723
Fibroblasts,T cell aggregates,GZMA,0.7843815,0.44293478,0.43281630042517905,0.9989557648934723
Fibroblasts,T cell aggregates,ADORA2A,0.49728426,0.4419119,0.6189886023128676,0.9989557648934723
Fibroblasts,T cell aggregates,IL6R,0.90085083,0.44042844,0.3676676426958939,0.9989557648934723
Fibroblasts,T cell aggregates,RGCC,1.8810086,0.43969542,0.059970742457010826,0.3405607267097984
Fibroblasts,T cell aggregates,CLEC4D,0.31518996,0.43860006,0.7526174238613568,0.9989557648934723
Fibroblasts,T cell aggregates,ACE2,0.6145267,0.43798897,0.5388673567282911,0.9989557648934723
Fibroblasts,T cell aggregates,ADGRL1,0.64968795,0.43784785,0.5158938286929464,0.9989557648934723
Fibroblasts,T cell aggregates,IL17B,1.0039414,0.4373752,0.31540684893621207,0.9989557648934723
Fibroblasts,T cell aggregates,ANGPT4,0.17744115,0.43609646,0.8591618841747021,0.9989557648934723
Fibroblasts,T cell aggregates,CCR1,0.8498437,0.43546078,0.39541198943857847,0.9989557648934723
Fibroblasts,T cell aggregates,NR1H3,0.8887223,0.43390474,0.3741523452440313,0.9989557648934723
Fibroblasts,T cell aggregates,ITGAM,0.6446612,0.4329456,0.5191467753141612,0.9989557648934723
Fibroblasts,T cell aggregates,CXCR1,0.34773612,0.4324622,0.72803835843122,0.9989557648934723
Fibroblasts,T cell aggregates,GPBAR1,0.59275895,0.43041176,0.5533424872246964,0.9989557648934723
Fibroblasts,T cell aggregates,IL24,1.0820907,0.43000174,0.27921223176953036,0.9641861240962198
Fibroblasts,T cell aggregates,KLF2,-1.0356369,-0.42861992,0.300371591580029,0.9989557648934723
Fibroblasts,T cell aggregates,CCL13,0.5331594,0.42852893,0.5939232428312742,0.9989557648934723
Fibroblasts,T cell aggregates,IGHG2,1.6282035,0.42791852,0.1034817516238412,0.5017297048428664
Fibroblasts,T cell aggregates,FZD1,-1.7302177,-0.4264909,0.08359138770760322,0.43612897934401673
Fibroblasts,T cell aggregates,H2AZ1,1.2738353,0.4255251,0.2027217950062129,0.8008762271850387
Fibroblasts,T cell aggregates,LDLR,1.2863411,0.4254392,0.19832404539627435,0.794272105291038
Fibroblasts,T cell aggregates,HCK,0.7024298,0.4241652,0.4824111673980763,0.9989557648934723
Fibroblasts,T cell aggregates,ARG1,0.3898771,0.42386767,0.6966274194686446,0.9989557648934723
Fibroblasts,T cell aggregates,STAT5B,0.9690391,0.42291734,0.33252568618217615,0.9989557648934723
Fibroblasts,T cell aggregates,WNT7B,1.1559494,0.4198801,0.24770189753050198,0.9181228634335209
Fibroblasts,T cell aggregates,TNFRSF10D,0.70700157,0.41968876,0.47956549897512823,0.9989557648934723
Fibroblasts,T cell aggregates,VPREB3,0.30997458,0.41791928,0.7565802799791366,0.9989557648934723
Fibroblasts,T cell aggregates,COL9A2,2.270575,0.4167469,0.023172714878034777,0.1566606076261506
Fibroblasts,T cell aggregates,TLR4,0.5651766,0.41559526,0.5719536291675509,0.9989557648934723
Fibroblasts,T cell aggregates,IER3,2.3880024,0.41497955,0.016940231364341238,0.12136285156542977
Fibroblasts,T cell aggregates,ICAM2,0.5040051,0.41456893,0.614257808565899,0.9989557648934723
Fibroblasts,T cell aggregates,COL18A1,2.6023912,0.41259125,0.009257614500689753,0.07053420571954097
Fibroblasts,T cell aggregates,FFAR3,0.44533765,0.41253144,0.6560757674828688,0.9989557648934723
Fibroblasts,T cell aggregates,KRT14,1.6550016,0.41240746,0.09792417025502041,0.48208822279394664
Fibroblasts,T cell aggregates,DUSP2,0.58770263,0.41198933,0.5567319174809227,0.9989557648934723
Fibroblasts,T cell aggregates,MEG3,-2.9016984,-0.41153094,0.0037114560948376682,0.030715498715897942
Fibroblasts,T cell aggregates,C9orf16,1.3447385,0.41025624,0.17870969188648667,0.7548592983979178
Fibroblasts,T cell aggregates,FOXF1,1.6219894,0.4090552,0.10480561915663772,0.5055949466852875
Fibroblasts,T cell aggregates,C5AR2,-0.23853503,-0.40456307,0.8114661476523501,0.9989557648934723
Fibroblasts,T cell aggregates,CCL4L2,0.59116846,0.40308917,0.554407566805711,0.9989557648934723
Fibroblasts,T cell aggregates,KRT19,-0.74263257,-0.40135518,0.4577041571668178,0.9989557648934723
Fibroblasts,T cell aggregates,CXCL12,2.6228163,0.4002499,0.008720625646000823,0.06751452113032895
Fibroblasts,T cell aggregates,LEFTY1,0.3539169,0.39985076,0.7234011553715218,0.9989557648934723
Fibroblasts,T cell aggregates,OAS1,0.80572385,0.39883676,0.42040210143518375,0.9989557648934723
Fibroblasts,T cell aggregates,TPSAB1,0.6151444,0.3984171,0.5384593789903336,0.9989557648934723
Fibroblasts,T cell aggregates,MMP2,-5.1196427,-0.39781734,3.061152296139562e-07,5.088542280754976e-06
Fibroblasts,T cell aggregates,CXCR2,0.43451852,0.39754593,0.6639119544183307,0.9989557648934723
Fibroblasts,T cell aggregates,FABP5,1.222266,0.3966853,0.22160707215873687,0.8509711570895495
Fibroblasts,T cell aggregates,CD300A,0.45230997,0.3964125,0.65104569213737,0.9989557648934723
Fibroblasts,T cell aggregates,NRXN1,0.28765944,0.39592856,0.7736074425197381,0.9989557648934723
Fibroblasts,T cell aggregates,CXCR3,-0.43004662,-0.39547536,0.66716173978858,0.9989557648934723
Fibroblasts,T cell aggregates,CCRL2,0.6442728,0.39315474,0.5193985467456463,0.9989557648934723
Fibroblasts,T cell aggregates,ITGB6,0.6211661,0.3926102,0.5344903417729969,0.9989557648934723
Fibroblasts,T cell aggregates,BATF3,0.5582154,0.3912391,0.5766973063763745,0.9989557648934723
Fibroblasts,T cell aggregates,IGFBP6,-0.8455752,-0.39094418,0.39778974844663617,0.9989557648934723
Fibroblasts,T cell aggregates,OASL,0.45977426,0.3901551,0.6456782683857258,0.9989557648934723
Fibroblasts,T cell aggregates,COL5A3,1.8785378,0.39000675,0.060307628688193476,0.3405607267097984
Fibroblasts,T cell aggregates,IGF1,-2.3083143,-0.38962972,0.020981655743987117,0.1449092770807743
Fibroblasts,T cell aggregates,MAML2,0.8595051,0.38949656,0.3900619113005216,0.9989557648934723
Fibroblasts,T cell aggregates,QRFPR,0.44508612,0.38892275,0.6562575172905083,0.9989557648934723
Fibroblasts,T cell aggregates,CUZD1,0.57864785,0.38785177,0.5628268189822998,0.9989557648934723
Fibroblasts,T cell aggregates,TNFSF18,0.23461795,0.3871881,0.8145052749780876,0.9989557648934723
Fibroblasts,T cell aggregates,INS,0.3555407,0.38557726,0.7221845579774588,0.9989557648934723
Fibroblasts,T cell aggregates,CXCL16,1.1383612,0.38410565,0.2549696588633127,0.9361930385719339
Fibroblasts,T cell aggregates,CTSG,0.9750127,0.38406852,0.3295539455412677,0.9989557648934723
Fibroblasts,T cell aggregates,VIM,3.1437178,0.3832661,0.0016681622311318916,0.015547919824141903
Fibroblasts,T cell aggregates,S100B,0.766738,0.38199198,0.4432373197403393,0.9989557648934723
Fibroblasts,T cell aggregates,MZT2A,5.7593327,0.38172174,8.444719468053178e-09,1.801540153184678e-07
Fibroblasts,T cell aggregates,FGF7,1.8900856,0.38099068,0.058746509751457385,0.33569434143689936
Fibroblasts,T cell aggregates,FZD5,0.5594878,0.38080508,0.5758288527230764,0.9989557648934723
Fibroblasts,T cell aggregates,SPINK1,0.31268215,0.3807337,0.7545221610009346,0.9989557648934723
Fibroblasts,T cell aggregates,HMGN2,0.7435129,0.37999976,0.4571712100117581,0.9989557648934723
Fibroblasts,T cell aggregates,IL27RA,0.8107173,0.37904203,0.41752804575735825,0.9989557648934723
Fibroblasts,T cell aggregates,NCR1,0.29363677,0.37900972,0.7690354706111764,0.9989557648934723
Fibroblasts,T cell aggregates,BTK,0.4990856,0.3788134,0.6177190748044235,0.9989557648934723
Fibroblasts,T cell aggregates,SFN,0.8458009,0.37877297,0.3976638456826932,0.9989557648934723
Fibroblasts,T cell aggregates,MTRNR2L1,0.62225723,0.37778398,0.533772719904472,0.9989557648934723
Fibroblasts,T cell aggregates,WIF1,1.336749,0.37749225,0.18130458050534382,0.7548592983979178
Fibroblasts,T cell aggregates,CAV1,-0.96759653,-0.3768544,0.33324590653047015,0.9989557648934723
Fibroblasts,T cell aggregates,WNT5A,-0.4245649,-0.3768175,0.6711538763369264,0.9989557648934723
Fibroblasts,T cell aggregates,MMP9,0.35944667,0.37609997,0.7192609544927018,0.9989557648934723
Fibroblasts,T cell aggregates,DMBT1,0.283931,0.37512472,0.7764632606141074,0.9989557648934723
Fibroblasts,T cell aggregates,ATM,0.6841464,0.37378147,0.4938827302200195,0.9989557648934723
Fibroblasts,T cell aggregates,PARP1,0.5723006,0.37294784,0.5671183336987029,0.9989557648934723
Fibroblasts,T cell aggregates,MSMB,-0.19988947,-0.3723937,0.8415670303403834,0.9989557648934723
Fibroblasts,T cell aggregates,EPOR,-0.5128157,-0.37190714,0.608080222028277,0.9989557648934723
Fibroblasts,T cell aggregates,TTR,-0.26475987,-0.36959493,0.7911944553372903,0.9989557648934723
Fibroblasts,T cell aggregates,SPOCK2,0.6163835,0.36779892,0.5376414479357772,0.9989557648934723
Fibroblasts,T cell aggregates,PPARD,0.8353775,0.36774683,0.40350519118058337,0.9989557648934723
Fibroblasts,T cell aggregates,XCL1,0.56161094,0.36625323,0.5743811233864832,0.9989557648934723
Fibroblasts,T cell aggregates,GSTP1,2.2268918,0.36581993,0.025954515548729136,0.16722372434080518
Fibroblasts,T cell aggregates,OXGR1,0.41269162,0.36470786,0.6798325737343923,0.9989557648934723
Fibroblasts,T cell aggregates,IFI27,1.0313942,0.3644094,0.3023559642784547,0.9989557648934723
Fibroblasts,T cell aggregates,AGR2,0.31500134,0.36348227,0.7527606483377034,0.9989557648934723
Fibroblasts,T cell aggregates,IL17A,-0.28262532,-0.3625904,0.7774640805726704,0.9989557648934723
Fibroblasts,T cell aggregates,LGALS3BP,2.2301762,0.36154273,0.025735745337051995,0.16693456434844536
Fibroblasts,T cell aggregates,CYP19A1,-0.1750332,-0.36151254,0.8610535437445409,0.9989557648934723
Fibroblasts,T cell aggregates,FCRLA,-0.23079334,-0.36035192,0.81747535354506,0.9989557648934723
Fibroblasts,T cell aggregates,SCG5,-0.3263087,-0.35886514,0.744190803649071,0.9989557648934723
Fibroblasts,T cell aggregates,CLEC10A,0.4634028,0.35858455,0.6430756580236259,0.9989557648934723
Fibroblasts,T cell aggregates,ENTPD1,-1.172705,-0.35851407,0.24091409424995625,0.9034278534373359
Fibroblasts,T cell aggregates,ACVR1B,0.70716435,0.35791677,0.47946436595817,0.9989557648934723
Fibroblasts,T cell aggregates,APOA1,-0.25640416,-0.3569685,0.7976387693747241,0.9989557648934723
Fibroblasts,T cell aggregates,IFNGR2,1.1136825,0.35607398,0.26541539588414964,0.9506970765706783
Fibroblasts,T cell aggregates,RELT,0.69616395,0.3558903,0.486326161672084,0.9989557648934723
Fibroblasts,T cell aggregates,TPM1,-2.3961065,-0.35323063,0.01657027165724753,0.12051106659816385
Fibroblasts,T cell aggregates,STAT3,2.1623616,0.34973145,0.030590318956450285,0.19193925619733515
Fibroblasts,T cell aggregates,CALM1,1.1027007,0.34955254,0.2701571739280356,0.9506970765706783
Fibroblasts,T cell aggregates,UBE2C,0.566523,0.34886894,0.571038293387341,0.9989557648934723
Fibroblasts,T cell aggregates,FZD4,1.1202406,0.3477071,0.2626112414439722,0.9506970765706783
Fibroblasts,T cell aggregates,PDGFA,-0.5957402,-0.3476743,0.5513487874267017,0.9989557648934723
Fibroblasts,T cell aggregates,LGALS1,-3.3391428,-0.3466397,0.0008403736474139312,0.008149077793104788
Fibroblasts,T cell aggregates,NR1H4,0.35757506,0.34563226,0.7206613383795073,0.9989557648934723
Fibroblasts,T cell aggregates,EIF5A,2.2310195,0.34495655,0.02567983258878813,0.16693456434844536
Fibroblasts,T cell aggregates,EFNB2,0.36634135,0.34286296,0.7141103858245063,0.9989557648934723
Fibroblasts,T cell aggregates,COL6A3,-5.5972857,-0.3409418,2.1773337816288865e-08,4.0985106477720215e-07
Fibroblasts,T cell aggregates,S100A8,0.49986607,0.3395248,0.6171693871458381,0.9989557648934723
Fibroblasts,T cell aggregates,ATG5,0.6151185,0.33867285,0.5384764767420647,0.9989557648934723
Fibroblasts,T cell aggregates,CXCL1,0.2601955,0.33790737,0.7947129843814528,0.9989557648934723
Fibroblasts,T cell aggregates,JAG1,1.2787621,0.33488306,0.2009808237395061,0.7973516641260894
Fibroblasts,T cell aggregates,CAMP,0.4531977,0.3339848,0.650406390719819,0.9989557648934723
Fibroblasts,T cell aggregates,PHLDA2,0.56412244,0.33275124,0.5726707933209034,0.9989557648934723
Fibroblasts,T cell aggregates,S100P,-0.38387758,-0.33219224,0.7010691844046116,0.9989557648934723
Fibroblasts,T cell aggregates,ZFP36,-2.3920674,-0.33190984,0.016753764058020332,0.12092942477969562
Fibroblasts,T cell aggregates,IFNL3,0.20197931,0.33169705,0.8399328961308264,0.9989557648934723
Fibroblasts,T cell aggregates,TNFSF12,0.6468694,0.33136934,0.5177164735070587,0.9989557648934723
Fibroblasts,T cell aggregates,CHI3L1,0.65828407,0.33010826,0.5103556294006464,0.9989557648934723
Fibroblasts,T cell aggregates,ADGRL4,0.24911743,0.32982203,0.8032699415688432,0.9989557648934723
Fibroblasts,T cell aggregates,KRT1,1.0591652,0.32932353,0.2895245374946903,0.9786744929397982
Fibroblasts,T cell aggregates,VHL,1.3261037,0.3291911,0.18480534490928335,0.7614297472657168
Fibroblasts,T cell aggregates,NR1H2,1.2460643,0.32369885,0.21274077599931362,0.8268467407260773
Fibroblasts,T cell aggregates,CD86,0.32143733,0.32328796,0.7478790047741037,0.9989557648934723
Fibroblasts,T cell aggregates,SELPLG,0.47750282,0.32307425,0.6330041064780584,0.9989557648934723
Fibroblasts,T cell aggregates,DDR2,1.3086414,0.32135135,0.1906558317944117,0.7788493554154691
Fibroblasts,T cell aggregates,ATG12,0.76744443,0.32127464,0.44281730528926244,0.9989557648934723
Fibroblasts,T cell aggregates,FPR1,0.50576574,0.3201307,0.6130211191184025,0.9989557648934723
Fibroblasts,T cell aggregates,CD28,0.5253992,0.3181852,0.5993056977558029,0.9989557648934723
Fibroblasts,T cell aggregates,ADGRF5,0.37439373,0.31612137,0.7081114051888557,0.9989557648934723
Fibroblasts,T cell aggregates,ADGRA3,-0.61161935,-0.3144344,0.5407896179166432,0.9989557648934723
Fibroblasts,T cell aggregates,INSR,-0.4537858,-0.31383952,0.6499829951183007,0.9989557648934723
Fibroblasts,T cell aggregates,MYC,-0.36012727,-0.31382573,0.7187519572646419,0.9989557648934723
Fibroblasts,T cell aggregates,BEST1,0.3160481,0.31271583,0.7519660004561396,0.9989557648934723
Fibroblasts,T cell aggregates,COL4A1,1.7170017,0.31219435,0.08597885926725718,0.44376185428261766
Fibroblasts,T cell aggregates,CDKN1A,-2.1464825,-0.31133935,0.03183451204525231,0.19590468950924497
Fibroblasts,T cell aggregates,HSPA1B,-0.9439128,-0.31101224,0.34521420396222247,0.9989557648934723
Fibroblasts,T cell aggregates,KLRB1,-0.3914565,-0.3109812,0.6954598216040269,0.9989557648934723
Fibroblasts,T cell aggregates,CD70,0.35371718,0.31063527,0.7235508535258215,0.9989557648934723
Fibroblasts,T cell aggregates,NGFR,0.5042233,0.3084639,0.6141044617621363,0.9989557648934723
Fibroblasts,T cell aggregates,PPARA,0.61966807,0.30800554,0.5354763438849509,0.9989557648934723
Fibroblasts,T cell aggregates,PPBP,0.22753836,0.30792108,0.820005147560178,0.9989557648934723
Fibroblasts,T cell aggregates,SREBF1,0.7329786,0.3061075,0.46357148952649274,0.9989557648934723
Fibroblasts,T cell aggregates,ITGA2,0.47981462,0.30594268,0.6313592234409267,0.9989557648934723
Fibroblasts,T cell aggregates,SOD1,1.1245645,0.30564213,0.260773595703755,0.9482676207409273
Fibroblasts,T cell aggregates,EPHA2,0.61838084,0.30535936,0.5363243068465343,0.9989557648934723
Fibroblasts,T cell aggregates,BMP5,1.3218316,0.3050364,0.18622425060229175,0.7639969255478636
Fibroblasts,T cell aggregates,BMPR2,-0.9465316,-0.30494645,0.3438775139189171,0.9989557648934723
Fibroblasts,T cell aggregates,NLRP3,0.36813158,0.30437618,0.7127751227011679,0.9989557648934723
Fibroblasts,T cell aggregates,ADGRG3,0.3389181,0.30407962,0.7346714454273797,0.9989557648934723
Fibroblasts,T cell aggregates,DST,1.5820566,0.304034,0.11363664395035857,0.5321520887431426
Fibroblasts,T cell aggregates,NRG4,0.432658,0.30402887,0.665263252338888,0.9989557648934723
Fibroblasts,T cell aggregates,SEC23A,-1.0413368,-0.3018594,0.2977192724695229,0.9989557648934723
Fibroblasts,T cell aggregates,TYK2,2.073789,0.30165753,0.038098918102580516,0.22717367315824408
Fibroblasts,T cell aggregates,EGF,-0.2029743,-0.30137783,0.839155116621899,0.9989557648934723
Fibroblasts,T cell aggregates,EGFR,0.93424034,0.30124956,0.35017993935403635,0.9989557648934723
Fibroblasts,T cell aggregates,NOTCH2,1.3367342,0.29960242,0.18130941165984693,0.7548592983979178
Fibroblasts,T cell aggregates,CCR10,0.45660433,0.29945874,0.6479554618779808,0.9989557648934723
Fibroblasts,T cell aggregates,GZMK,0.8126814,0.29828066,0.4164007642891552,0.9989557648934723
Fibroblasts,T cell aggregates,EPHB4,0.7862124,0.2958357,0.4317430552340944,0.9989557648934723
Fibroblasts,T cell aggregates,JAK1,1.1394562,0.29560533,0.25451295594038614,0.9361930385719339
Fibroblasts,T cell aggregates,IFNB1,0.23421478,0.2954977,0.8148182434714669,0.9989557648934723
Fibroblasts,T cell aggregates,TGFBR2,1.4307885,0.29509777,0.15249083307440756,0.6684529669015126
Fibroblasts,T cell aggregates,BST1,0.47677785,0.29482812,0.6335203163207226,0.9989557648934723
Fibroblasts,T cell aggregates,PDGFC,-0.79515254,-0.29284462,0.4265247815571733,0.9989557648934723
Fibroblasts,T cell aggregates,NOSIP,0.78381556,0.29261816,0.4331483428799192,0.9989557648934723
Fibroblasts,T cell aggregates,IL20RA,-0.23865709,-0.29173225,0.8113714893409545,0.9989557648934723
Fibroblasts,T cell aggregates,ESR1,-0.68014425,-0.2914493,0.49641313649872865,0.9989557648934723
Fibroblasts,T cell aggregates,EPHA7,0.33899945,0.28889793,0.7346101425919805,0.9989557648934723
Fibroblasts,T cell aggregates,JUNB,-4.279616,-0.28764948,1.8721634389748323e-05,0.00024287525694808635
Fibroblasts,T cell aggregates,KDR,0.24751584,0.28655654,0.8045090373912989,0.9989557648934723
Fibroblasts,T cell aggregates,TGFB2,-0.36629325,-0.2860065,0.7141462624269956,0.9989557648934723
Fibroblasts,T cell aggregates,ADGRV1,-0.16840857,-0.28591245,0.8662618696603247,0.9989557648934723
Fibroblasts,T cell aggregates,GZMB,0.3832414,0.28582162,0.7015408006856438,0.9989557648934723
Fibroblasts,T cell aggregates,UPK3A,-0.7234319,-0.2848756,0.46941460355527453,0.9989557648934723
Fibroblasts,T cell aggregates,ATR,0.4927125,0.28413427,0.6222157483531889,0.9989557648934723
Fibroblasts,T cell aggregates,PLA2R1,0.87572455,0.28389233,0.3811797994936108,0.9989557648934723
Fibroblasts,T cell aggregates,TYMS,0.5504034,0.28148508,0.5820426952988708,0.9989557648934723
Fibroblasts,T cell aggregates,TFEB,0.38467655,0.28084642,0.7004770852434239,0.9989557648934723
Fibroblasts,T cell aggregates,PSAP,2.0342667,0.28008962,0.041924709595998845,0.248442723531845
Fibroblasts,T cell aggregates,SMARCB1,-0.72630954,-0.2798307,0.4676490178622923,0.9989557648934723
Fibroblasts,T cell aggregates,CCL26,-0.26050988,-0.27954844,0.7944704873044408,0.9989557648934723
Fibroblasts,T cell aggregates,CXCL14,0.5173912,0.2787696,0.6048830942919666,0.9989557648934723
Fibroblasts,T cell aggregates,FES,0.78863144,0.27875188,0.43032743821420116,0.9989557648934723
Fibroblasts,T cell aggregates,MECOM,-0.29850078,-0.2780765,0.7653209947770463,0.9989557648934723
Fibroblasts,T cell aggregates,HDAC5,0.64736503,0.2778261,0.5173957146517555,0.9989557648934723
Fibroblasts,T cell aggregates,TACSTD2,-0.23399654,-0.2770505,0.8149876607672408,0.9989557648934723
Fibroblasts,T cell aggregates,FGF1,-0.4319663,-0.2770266,0.6657659012159292,0.9989557648934723
Fibroblasts,T cell aggregates,CXCR6,0.31275243,0.27533102,0.7544687630115041,0.9989557648934723
Fibroblasts,T cell aggregates,ADIRF,0.6990306,0.27338323,0.4845329346967526,0.9989557648934723
Fibroblasts,T cell aggregates,TLR5,-0.21524708,-0.27279425,0.8295746843358788,0.9989557648934723
Fibroblasts,T cell aggregates,TWIST2,0.32271343,0.27228972,0.7469122854015742,0.9989557648934723
Fibroblasts,T cell aggregates,ADGRL2,-0.40422124,-0.27217066,0.6860500318859475,0.9989557648934723
Fibroblasts,T cell aggregates,TNFRSF4,0.30719304,0.27171126,0.758696431102999,0.9989557648934723
Fibroblasts,T cell aggregates,GNLY,0.67715925,0.27133363,0.49830490906329483,0.9989557648934723
Fibroblasts,T cell aggregates,CLEC2D,0.6041218,0.27112365,0.5457626624235421,0.9989557648934723
Fibroblasts,T cell aggregates,LPAR5,0.39258468,0.27028888,0.6946262648225706,0.9989557648934723
Fibroblasts,T cell aggregates,CSF2,0.25519833,0.2696142,0.7985699100330014,0.9989557648934723
Fibroblasts,T cell aggregates,GPNMB,-1.1078606,-0.2683506,0.2679220376489886,0.9506970765706783
Fibroblasts,T cell aggregates,LIF,1.38368,0.2674998,0.16645646286578897,0.7165838760141587
Fibroblasts,T cell aggregates,CSF1R,0.46948743,0.2673594,0.6387212711368053,0.9989557648934723
Fibroblasts,T cell aggregates,SRC,0.7497085,0.2669285,0.45343030015280184,0.9989557648934723
Fibroblasts,T cell aggregates,PTHLH,0.4853074,0.26679245,0.6274583073847219,0.9989557648934723
Fibroblasts,T cell aggregates,RAMP1,0.6236665,0.26668444,0.5328466138745371,0.9989557648934723
Fibroblasts,T cell aggregates,ROR1,0.72160834,0.26658335,0.4705353179693318,0.9989557648934723
Fibroblasts,T cell aggregates,ICAM3,0.51056683,0.2660155,0.609654403800166,0.9989557648934723
Fibroblasts,T cell aggregates,IL3RA,0.1634373,0.26537606,0.8701741256818883,0.9989557648934723
Fibroblasts,T cell aggregates,DNTT,0.28706393,0.2649502,0.7740633756476107,0.9989557648934723
Fibroblasts,T cell aggregates,SERPINH1,-2.0168083,-0.26459068,0.04371553635776333,0.25589582258202925
Fibroblasts,T cell aggregates,CLEC5A,0.25442898,0.2642271,0.7991641618836521,0.9989557648934723
Fibroblasts,T cell aggregates,TNFAIP6,-0.56989264,-0.26406068,0.5687505008628879,0.9989557648934723
Fibroblasts,T cell aggregates,CD81,1.7575411,0.26233742,0.07882562454534763,0.4135114730247744
Fibroblasts,T cell aggregates,ITGB4,0.2774358,0.2620462,0.7814454800084198,0.9989557648934723
Fibroblasts,T cell aggregates,OSMR,1.2787104,0.2620376,0.20099906533178502,0.7973516641260894
Fibroblasts,T cell aggregates,ANXA2,1.5903716,0.2615614,0.11175105949576837,0.5277800471972944
Fibroblasts,T cell aggregates,BRCA1,0.51720256,0.2610142,0.6050147588894921,0.9989557648934723
Fibroblasts,T cell aggregates,FLT3LG,0.6898648,0.2609573,0.4902792069663874,0.9989557648934723
Fibroblasts,T cell aggregates,EPHB3,-0.6661219,-0.26094523,0.5053331856471194,0.9989557648934723
Fibroblasts,T cell aggregates,MT1X,1.3035222,0.26070467,0.19239652580799682,0.7826299354901566
Fibroblasts,T cell aggregates,ERBB3,0.32348648,0.2603816,0.7463268431159462,0.9989557648934723
Fibroblasts,T cell aggregates,MMP16,0.5775234,0.25877953,0.5635859438984789,0.9989557648934723
Fibroblasts,T cell aggregates,NLRP2,0.2074795,0.25636202,0.8356353999905533,0.9989557648934723
Fibroblasts,T cell aggregates,SLC40A1,1.0772341,0.25586325,0.281375693253182,0.9647166625823382
Fibroblasts,T cell aggregates,CD14,0.61319876,0.2558286,0.5397449109866514,0.9989557648934723
Fibroblasts,T cell aggregates,CX3CL1,0.42983946,0.25577012,0.6673124194818407,0.9989557648934723
Fibroblasts,T cell aggregates,ACTG2,0.26354295,0.25414968,0.7921321270263543,0.9989557648934723
Fibroblasts,T cell aggregates,PF4,0.19994125,0.25410277,0.8415265302413193,0.9989557648934723
Fibroblasts,T cell aggregates,ADGRE1,-0.08869839,-0.25392425,0.9293216170472995,0.9989557648934723
Fibroblasts,T cell aggregates,NR3C1,0.8042517,0.2529567,0.42125162823333917,0.9989557648934723
Fibroblasts,T cell aggregates,IL15,0.31114712,0.25277326,0.7556887778151237,0.9989557648934723
Fibroblasts,T cell aggregates,RARG,-0.30506253,-0.2527564,0.7603185370377696,0.9989557648934723
Fibroblasts,T cell aggregates,PDCD1LG2,0.37685347,0.25268936,0.7062825043235812,0.9989557648934723
Fibroblasts,T cell aggregates,S100A6,1.6494348,0.25182948,0.09905858032576835,0.48272201580069857
Fibroblasts,T cell aggregates,LMNA,-1.4312065,-0.25058734,0.15237104297297321,0.6684529669015126
Fibroblasts,T cell aggregates,CD38,0.30471852,0.2488944,0.760580538618969,0.9989557648934723
Fibroblasts,T cell aggregates,FLT1,-0.47210252,-0.24867332,0.6368536203457077,0.9989557648934723
Fibroblasts,T cell aggregates,MAPK14,0.9050009,0.2486539,0.36546489557435424,0.9989557648934723
Fibroblasts,T cell aggregates,CD27,0.31006706,0.2483401,0.7565099604516379,0.9989557648934723
Fibroblasts,T cell aggregates,OLR1,0.29049647,0.24744076,0.7714364632302818,0.9989557648934723
Fibroblasts,T cell aggregates,IL18R1,0.32389337,0.247135,0.7460187743749209,0.9989557648934723
Fibroblasts,T cell aggregates,RBPJ,1.1756012,0.24702398,0.23975424519363442,0.9026042171995649
Fibroblasts,T cell aggregates,TLR3,0.29437286,0.2468769,0.7684730131228255,0.9989557648934723
Fibroblasts,T cell aggregates,WNT2,-0.38858622,-0.24665053,0.6975822667235043,0.9989557648934723
Fibroblasts,T cell aggregates,CCL3,0.42610362,0.245227,0.6700323333047847,0.9989557648934723
Fibroblasts,T cell aggregates,IL16,0.8686671,0.24333051,0.38502921934379664,0.9989557648934723
Fibroblasts,T cell aggregates,NLRC4,-0.1705465,-0.24329774,0.864580367977362,0.9989557648934723
Fibroblasts,T cell aggregates,IL17RE,0.34548724,0.24308379,0.7297281070200159,0.9989557648934723
Fibroblasts,T cell aggregates,TNFRSF1A,1.2515978,0.24287273,0.21071645116426152,0.8256644617048615
Fibroblasts,T cell aggregates,NPR2,-0.34987777,-0.24115512,0.7264304341957643,0.9989557648934723
Fibroblasts,T cell aggregates,P2RY12,0.368065,0.2397266,0.7128247655201234,0.9989557648934723
Fibroblasts,T cell aggregates,SOX9,0.44109875,0.23832838,0.659141498341385,0.9989557648934723
Fibroblasts,T cell aggregates,KRT6A,0.5711022,0.23760605,0.5679303759684646,0.9989557648934723
Fibroblasts,T cell aggregates,PTTG1,0.2148402,0.2375737,0.8298919021471766,0.9989557648934723
Fibroblasts,T cell aggregates,PECAM1,0.3112211,0.2365276,0.7556325425157314,0.9989557648934723
Fibroblasts,T cell aggregates,MMP12,0.27021566,0.23612425,0.786994339308374,0.9989557648934723
Fibroblasts,T cell aggregates,EPHA3,0.5824909,0.23611991,0.5602360413844434,0.9989557648934723
Fibroblasts,T cell aggregates,IL2RA,0.478213,0.23584832,0.632498604765683,0.9989557648934723
Fibroblasts,T cell aggregates,IFNAR1,0.530966,0.23554195,0.5954423515407385,0.9989557648934723
Fibroblasts,T cell aggregates,BAX,1.1105459,0.2354588,0.26676384694897937,0.9506970765706783
Fibroblasts,T cell aggregates,SMO,0.6859403,0.23529258,0.49275073528826185,0.9989557648934723
Fibroblasts,T cell aggregates,IAPP,-0.08396016,-0.23496285,0.9330881083846836,0.9989557648934723
Fibroblasts,T cell aggregates,ITGA9,-0.80571645,-0.23480256,0.42040636789702346,0.9989557648934723
Fibroblasts,T cell aggregates,AHI1,0.77282256,0.2345102,0.4396273872108645,0.9989557648934723
Fibroblasts,T cell aggregates,FGF12,0.3009938,0.23421332,0.7634192333041813,0.9989557648934723
Fibroblasts,T cell aggregates,ITGB1,-1.3624375,-0.23147877,0.17305985428726478,0.7416850898025633
Fibroblasts,T cell aggregates,NOTCH3,0.9258698,0.23070411,0.3545136317005252,0.9989557648934723
Fibroblasts,T cell aggregates,TBX21,0.224853,0.23003636,0.8220936397696946,0.9989557648934723
Fibroblasts,T cell aggregates,CDH1,0.23303854,0.22937277,0.8157314762293542,0.9989557648934723
Fibroblasts,T cell aggregates,TNFRSF9,0.31075135,0.22915682,0.7559896586474228,0.9989557648934723
Fibroblasts,T cell aggregates,IL12RB1,-0.20944358,-0.22898263,0.8341019675528639,0.9989557648934723
Fibroblasts,T cell aggregates,KRT8,0.82886016,0.22891647,0.40718355589921384,0.9989557648934723
Fibroblasts,T cell aggregates,FCGBP,-0.08784395,-0.22890377,0.9300007058790887,0.9989557648934723
Fibroblasts,T cell aggregates,MPO,0.3243668,0.22879201,0.7456603454921367,0.9989557648934723
Fibroblasts,T cell aggregates,COL27A1,1.0138581,0.22842327,0.31065049799001687,0.9989557648934723
Fibroblasts,T cell aggregates,PSCA,-0.18942173,-0.22682565,0.8497622997328136,0.9989557648934723
Fibroblasts,T cell aggregates,TEK,-0.12367469,-0.22435199,0.9015728491586517,0.9989557648934723
Fibroblasts,T cell aggregates,RAC1,1.191632,0.22398798,0.23340553839753098,0.8856494737613824
Fibroblasts,T cell aggregates,CCL23,0.19950478,0.22355369,0.8418679013363268,0.9989557648934723
Fibroblasts,T cell aggregates,BMP6,0.14380753,0.22263981,0.8856524601373942,0.9989557648934723
Fibroblasts,T cell aggregates,CD8B,-0.0282666,-0.22187045,0.9774495199306866,0.9989557648934723
Fibroblasts,T cell aggregates,ACVR1,-0.22315893,-0.21986453,0.8234118232307287,0.9989557648934723
Fibroblasts,T cell aggregates,CHGA,0.14448811,0.21952116,0.885115041913279,0.9989557648934723
Fibroblasts,T cell aggregates,EFNA1,-0.33221945,-0.219246,0.7397235478873305,0.9989557648934723
Fibroblasts,T cell aggregates,BMP4,0.39877653,0.21884643,0.6900578639753059,0.9989557648934723
Fibroblasts,T cell aggregates,POU5F1,0.42086238,0.21869427,0.6738555887168116,0.9989557648934723
Fibroblasts,T cell aggregates,MS4A4A,-0.1098447,-0.21788187,0.9125325401533755,0.9989557648934723
Fibroblasts,T cell aggregates,OLFM4,0.19394541,0.21783687,0.8462186226731087,0.9989557648934723
Fibroblasts,T cell aggregates,FGF9,0.3179863,0.21633747,0.7504953328103028,0.9989557648934723
Fibroblasts,T cell aggregates,S100A10,1.2326523,0.2158652,0.2177055102191212,0.8393465454231178
Fibroblasts,T cell aggregates,IL1B,0.28628716,0.21481651,0.7746581881533507,0.9989557648934723
Fibroblasts,T cell aggregates,CLOCK,-0.30815476,-0.21341915,0.7579645777580394,0.9989557648934723
Fibroblasts,T cell aggregates,CHEK1,0.22813757,0.21332303,0.8195392939619297,0.9989557648934723
Fibroblasts,T cell aggregates,ADGRB2,-0.24029198,-0.21331307,0.8101039079907636,0.9989557648934723
Fibroblasts,T cell aggregates,KRT24,0.291055,0.21298806,0.7710092707301577,0.9989557648934723
Fibroblasts,T cell aggregates,SOSTDC1,0.29377362,0.21293956,0.7689308838786262,0.9989557648934723
Fibroblasts,T cell aggregates,HSPB1,1.2862524,0.21259418,0.198355014943713,0.794272105291038
Fibroblasts,T cell aggregates,HCAR3,0.3038049,0.21164751,0.7612765255437983,0.9989557648934723
Fibroblasts,T cell aggregates,KRT16,-0.27931115,-0.21136722,0.7800060605791592,0.9989557648934723
Fibroblasts,T cell aggregates,ITGA1,1.156752,0.2113639,0.247373720185059,0.9181228634335209
Fibroblasts,T cell aggregates,HTT,0.51120675,0.21099626,0.6092063026029191,0.9989557648934723
Fibroblasts,T cell aggregates,FFAR2,0.16403653,0.21081965,0.8697023886961897,0.9989557648934723
Fibroblasts,T cell aggregates,SMAD2,1.0296447,0.20981367,0.3031768142419211,0.9989557648934723
Fibroblasts,T cell aggregates,COL9A1,0.28307286,0.20972873,0.7771209816187435,0.9989557648934723
Fibroblasts,T cell aggregates,MMP8,-0.25127757,-0.20951042,0.801599519563497,0.9989557648934723
Fibroblasts,T cell aggregates,CD36,-0.1772895,-0.20930685,0.8592809972198714,0.9989557648934723
Fibroblasts,T cell aggregates,RXRA,0.5349903,0.20847292,0.59265654349682,0.9989557648934723
Fibroblasts,T cell aggregates,HSP90AA1,1.2337286,0.20844436,0.21730402365931112,0.8393465454231178
Fibroblasts,T cell aggregates,TIE1,0.17074993,0.20797929,0.8644203953147807,0.9989557648934723
Fibroblasts,T cell aggregates,VWF,0.13729386,0.20796347,0.8907985285799739,0.9989557648934723
Fibroblasts,T cell aggregates,CCL11,0.29071838,0.20734696,0.7712667095596896,0.9989557648934723
Fibroblasts,T cell aggregates,SPARCL1,1.3408511,0.2059706,0.17996882548565996,0.7548592983979178
Fibroblasts,T cell aggregates,CD164,0.47096327,0.20490031,0.6376669677046345,0.9989557648934723
Fibroblasts,T cell aggregates,IL1R2,-0.09230846,-0.20391841,0.9264529671510702,0.9989557648934723
Fibroblasts,T cell aggregates,ACKR1,0.13391681,0.20380947,0.8934683615114699,0.9989557648934723
Fibroblasts,T cell aggregates,CD63,1.285642,0.20212021,0.1985680263227595,0.794272105291038
Fibroblasts,T cell aggregates,ANXA1,-0.7087215,-0.20195524,0.4784972955040059,0.9989557648934723
Fibroblasts,T cell aggregates,NOD2,0.3031946,0.2000546,0.7617415637539312,0.9989557648934723
Fibroblasts,T cell aggregates,WNT2B,-0.10017961,-0.1993928,0.9202017341632944,0.9989557648934723
Fibroblasts,T cell aggregates,IGF2R,0.8804369,0.19863863,0.3786226871156211,0.9989557648934723
Fibroblasts,T cell aggregates,CD59,0.6490591,0.19783486,0.5163001668086613,0.9989557648934723
Fibroblasts,T cell aggregates,ITGAX,0.28629085,0.19694379,0.7746553553991173,0.9989557648934723
Fibroblasts,T cell aggregates,RSPO3,-0.26274028,-0.19602162,0.7927507560254374,0.9989557648934723
Fibroblasts,T cell aggregates,CCL8,0.31111383,0.1951456,0.7557140841221723,0.9989557648934723
Fibroblasts,T cell aggregates,PTK2,0.50303227,0.19435468,0.6149415765379587,0.9989557648934723
Fibroblasts,T cell aggregates,SCGB3A1,0.3378306,0.1936483,0.7354908363523037,0.9989557648934723
Fibroblasts,T cell aggregates,PCNA,0.53877425,0.19362527,0.5900426315477978,0.9989557648934723
Fibroblasts,T cell aggregates,RYK,-0.48232612,-0.1933938,0.6295742894008405,0.9989557648934723
Fibroblasts,T cell aggregates,SAA2,0.4547771,0.19336328,0.6492696029525591,0.9989557648934723
Fibroblasts,T cell aggregates,ATF3,-0.5418073,-0.19327195,0.5879512562399212,0.9989557648934723
Fibroblasts,T cell aggregates,AKT1,0.6182699,0.1927212,0.5363974387279774,0.9989557648934723
Fibroblasts,T cell aggregates,PLAC8,0.36219862,0.1923597,0.7172036036599974,0.9989557648934723
Fibroblasts,T cell aggregates,NLRP1,0.34742174,0.19187231,0.728274510477531,0.9989557648934723
Fibroblasts,T cell aggregates,DDC,0.38879335,0.1905327,0.6974290211053522,0.9989557648934723
Fibroblasts,T cell aggregates,BECN1,-0.21624947,-0.19026498,0.8287932936310797,0.9989557648934723
Fibroblasts,T cell aggregates,GATA3,-0.10479947,-0.18956634,0.9165349300686839,0.9989557648934723
Fibroblasts,T cell aggregates,ITGB8,0.362317,0.1888936,0.7171151613294882,0.9989557648934723
Fibroblasts,T cell aggregates,SYK,0.23180313,0.18884455,0.8166909273540525,0.9989557648934723
Fibroblasts,T cell aggregates,CD5L,0.21890894,0.18814972,0.8267209801480053,0.9989557648934723
Fibroblasts,T cell aggregates,HIF1A,0.75849694,0.18635164,0.44815354301727217,0.9989557648934723
Fibroblasts,T cell aggregates,BID,0.39063168,0.18602034,0.6960695076643446,0.9989557648934723
Fibroblasts,T cell aggregates,CEACAM1,0.17415288,0.18373051,0.8617453178346632,0.9989557648934723
Fibroblasts,T cell aggregates,ABL1,0.49722138,0.18352728,0.6190329390369979,0.9989557648934723
Fibroblasts,T cell aggregates,G6PD,0.48199323,0.18096314,0.6298107545541924,0.9989557648934723
Fibroblasts,T cell aggregates,SMAD3,0.48814073,0.18083104,0.6254501719513681,0.9989557648934723
Fibroblasts,T cell aggregates,TLR2,0.30728182,0.18042254,0.7586288663411468,0.9989557648934723
Fibroblasts,T cell aggregates,IL17RA,-0.3478767,-0.17982373,0.7279327929247223,0.9989557648934723
Fibroblasts,T cell aggregates,ADGRG5,-0.069205455,-0.17769642,0.944826082743374,0.9989557648934723
Fibroblasts,T cell aggregates,FGF2,0.30262497,0.1775674,0.7621756770650134,0.9989557648934723
Fibroblasts,T cell aggregates,LEFTY2,-0.044019993,-0.17578655,0.9648884661076669,0.9989557648934723
Fibroblasts,T cell aggregates,MMP10,0.21457389,0.17532323,0.8300995506422872,0.9989557648934723
Fibroblasts,T cell aggregates,COL6A1,0.75114733,0.17327653,0.4525639939303592,0.9989557648934723
Fibroblasts,T cell aggregates,AXL,-0.34640455,-0.17310137,0.7290387084350909,0.9989557648934723
Fibroblasts,T cell aggregates,RB1,0.4400076,0.17294401,0.6599316002441412,0.9989557648934723
Fibroblasts,T cell aggregates,MIF,-1.0822682,-0.17273974,0.27913335592870214,0.9641861240962198
Fibroblasts,T cell aggregates,PTGDR2,0.20213097,0.17251597,0.839814339695885,0.9989557648934723
Fibroblasts,T cell aggregates,OXER1,0.3423506,0.17022467,0.7320870533495059,0.9989557648934723
Fibroblasts,T cell aggregates,PPARG,0.16920751,0.16991512,0.8656334171468354,0.9989557648934723
Fibroblasts,T cell aggregates,ANGPTL1,0.17851011,0.16990075,0.8583223735404889,0.9989557648934723
Fibroblasts,T cell aggregates,CLEC12A,-0.19293194,-0.16954964,0.8470122777624634,0.9989557648934723
Fibroblasts,T cell aggregates,HDAC3,0.48993835,0.16924554,0.6241775191100156,0.9989557648934723
Fibroblasts,T cell aggregates,ADGRG1,-0.069971114,-0.16693917,0.94421665056421,0.9989557648934723
Fibroblasts,T cell aggregates,SMAD4,0.6329358,0.16692604,0.5267755450676292,0.9989557648934723
Fibroblasts,T cell aggregates,SAA1,0.4210806,0.16625418,0.6736962297813003,0.9989557648934723
Fibroblasts,T cell aggregates,ELANE,0.22488998,0.16612187,0.8220648640586227,0.9989557648934723
Fibroblasts,T cell aggregates,KRT17,-0.20143558,-0.16596971,0.8403579941573933,0.9989557648934723
Fibroblasts,T cell aggregates,KRAS,0.37883234,0.1656763,0.7048123625191652,0.9989557648934723
Fibroblasts,T cell aggregates,IFNG,-0.11758639,-0.16515583,0.9063953897456725,0.9989557648934723
Fibroblasts,T cell aggregates,IFIT1,0.40124738,0.16460936,0.6882380067256137,0.9989557648934723
Fibroblasts,T cell aggregates,PTGS1,-0.16944425,-0.16455448,0.8654472252920052,0.9989557648934723
Fibroblasts,T cell aggregates,VEGFB,-0.34931925,-0.16390312,0.7268496561210844,0.9989557648934723
Fibroblasts,T cell aggregates,CXCL5,-0.13521141,-0.16252178,0.8924447324427218,0.9989557648934723
Fibroblasts,T cell aggregates,WNT9A,0.19245848,0.16187295,0.8473830895784997,0.9989557648934723
Fibroblasts,T cell aggregates,CLEC4E,0.16721013,0.16067407,0.8672047068664452,0.9989557648934723
Fibroblasts,T cell aggregates,EZR,0.53872246,0.16015014,0.5900783676912025,0.9989557648934723
Fibroblasts,T cell aggregates,ALCAM,0.40849343,0.15983577,0.682911463604971,0.9989557648934723
Fibroblasts,T cell aggregates,TP53,0.3266305,0.15939716,0.7439473693519212,0.9989557648934723
Fibroblasts,T cell aggregates,CXCL2,0.16650365,0.15914613,0.8677606038306617,0.9989557648934723
Fibroblasts,T cell aggregates,THBS1,-1.0317715,-0.15893374,0.3021791462135305,0.9989557648934723
Fibroblasts,T cell aggregates,KITLG,0.45036808,0.1540451,0.652445058541858,0.9989557648934723
Fibroblasts,T cell aggregates,GLUD1,0.43559858,0.15324026,0.6631280038562753,0.9989557648934723
Fibroblasts,T cell aggregates,KRT18,0.39714906,0.15314066,0.6912575529407168,0.9989557648934723
Fibroblasts,T cell aggregates,PDGFRB,0.6957016,0.15304473,0.48661572750899207,0.9989557648934723
Fibroblasts,T cell aggregates,HDAC1,0.2903818,0.15282059,0.7715241735819793,0.9989557648934723
Fibroblasts,T cell aggregates,H4C3,0.5423954,0.15083104,0.587546130530892,0.9989557648934723
Fibroblasts,T cell aggregates,COL17A1,-0.17574708,-0.15010367,0.8604926455134567,0.9989557648934723
Fibroblasts,T cell aggregates,CLEC1A,-0.14877878,-0.15001576,0.8817281971613811,0.9989557648934723
Fibroblasts,T cell aggregates,PDGFRA,-0.64838225,-0.14851093,0.5167377632211336,0.9989557648934723
Fibroblasts,T cell aggregates,DUSP6,0.31141344,0.14828283,0.7554863367972073,0.9989557648934723
Fibroblasts,T cell aggregates,NDRG1,0.5601647,0.14762554,0.5753671073534358,0.9989557648934723
Fibroblasts,T cell aggregates,CD24,0.1905018,0.14757931,0.8489159427918664,0.9989557648934723
Fibroblasts,T cell aggregates,CDH11,-1.7625308,-0.14615846,0.07797965115752757,0.4113212368748707
Fibroblasts,T cell aggregates,MMP3,-0.071787246,-0.14600335,0.9427712204295003,0.9989557648934723
Fibroblasts,T cell aggregates,GC,0.11163864,0.14533687,0.9111099321827121,0.9989557648934723
Fibroblasts,T cell aggregates,FCER1G,0.47145522,0.14459904,0.6373156959293591,0.9989557648934723
Fibroblasts,T cell aggregates,GAS6,0.88304085,0.14325605,0.37721419253344746,0.9989557648934723
Fibroblasts,T cell aggregates,PGR,-0.036148846,-0.14182027,0.9711636750327687,0.9989557648934723
Fibroblasts,T cell aggregates,CD58,-0.07041128,-0.14170466,0.9438663154209257,0.9989557648934723
Fibroblasts,T cell aggregates,LTF,-0.105261825,-0.14156905,0.9161680525061237,0.9989557648934723
Fibroblasts,T cell aggregates,TUBB4B,0.37970898,0.14100203,0.7041614552678996,0.9989557648934723
Fibroblasts,T cell aggregates,IL10,0.1654273,0.13875729,0.8686076719502727,0.9989557648934723
Fibroblasts,T cell aggregates,ITK,0.22348441,0.13755889,0.8231585090113648,0.9989557648934723
Fibroblasts,T cell aggregates,CXCR5,0.23886423,0.13713667,0.8112108633656281,0.9989557648934723
Fibroblasts,T cell aggregates,SERPINA1,0.6759867,0.13604304,0.4990490693098548,0.9989557648934723
Fibroblasts,T cell aggregates,BCL2,0.5142176,0.13468443,0.6070998651892576,0.9989557648934723
Fibroblasts,T cell aggregates,ERBB2,0.44825235,0.13412191,0.653971095112847,0.9989557648934723
Fibroblasts,T cell aggregates,CALM3,0.6350072,0.13371156,0.525423725350145,0.9989557648934723
Fibroblasts,T cell aggregates,GDF15,-0.4050535,-0.13359329,0.6854381955361247,0.9989557648934723
Fibroblasts,T cell aggregates,EFNA4,0.24065816,0.13358265,0.8098200608436847,0.9989557648934723
Fibroblasts,T cell aggregates,CALB1,0.31037036,0.1335497,0.7562793265563957,0.9989557648934723
Fibroblasts,T cell aggregates,BMX,-0.0828838,-0.13313298,0.9339439401077618,0.9989557648934723
Fibroblasts,T cell aggregates,CXCL8,-0.11169413,-0.13311166,0.9110659385164069,0.9989557648934723
Fibroblasts,T cell aggregates,CASR,0.30036497,0.13252299,0.7638987719761678,0.9989557648934723
Fibroblasts,T cell aggregates,HSP90B1,0.76851714,0.13236623,0.44218002229207853,0.9989557648934723
Fibroblasts,T cell aggregates,ADGRF4,0.22148705,0.13136564,0.8247132266064107,0.9989557648934723
Fibroblasts,T cell aggregates,SOX2,-0.14115915,-0.13130037,0.887744216371186,0.9989557648934723
Fibroblasts,T cell aggregates,BMPR1A,-0.22265588,-0.13075152,0.8238033450268342,0.9989557648934723
Fibroblasts,T cell aggregates,CMKLR1,0.25621182,0.12882823,0.7977872756162107,0.9989557648934723
Fibroblasts,T cell aggregates,CCND1,-0.12960024,-0.12848851,0.8968827062637176,0.9989557648934723
Fibroblasts,T cell aggregates,PTGS2,-0.024264446,-0.12829511,0.9806416733436939,0.9989557648934723
Fibroblasts,T cell aggregates,PTPRCAP,0.3542424,0.12818325,0.7231572254994992,0.9989557648934723
Fibroblasts,T cell aggregates,COL14A1,0.7623807,0.12692688,0.4458328022013943,0.9989557648934723
Fibroblasts,T cell aggregates,IL12A,0.18267873,0.12663758,0.8550501114141773,0.9989557648934723
Fibroblasts,T cell aggregates,TSHZ2,-0.30823243,-0.12545499,0.7579054759830687,0.9989557648934723
Fibroblasts,T cell aggregates,KIT,-0.084478,-0.12493987,0.9326763955305346,0.9989557648934723
Fibroblasts,T cell aggregates,CX3CR1,-0.15517038,-0.12394439,0.8766869926893003,0.9989557648934723
Fibroblasts,T cell aggregates,SLC2A4,-0.13578102,-0.12354272,0.8919943923122637,0.9989557648934723
Fibroblasts,T cell aggregates,MET,0.16134007,0.12353196,0.8718255678846537,0.9989557648934723
Fibroblasts,T cell aggregates,CCL28,-0.046117242,-0.12348126,0.9632168039805301,0.9989557648934723
Fibroblasts,T cell aggregates,TNFRSF18,0.24523364,0.123312965,0.8062755254889906,0.9989557648934723
Fibroblasts,T cell aggregates,ARTN,-0.1795791,-0.12316777,0.8574830230876218,0.9989557648934723
Fibroblasts,T cell aggregates,MAPK13,0.13922095,0.12282594,0.8892755511997993,0.9989557648934723
Fibroblasts,T cell aggregates,RSPO1,0.24778955,0.12138452,0.8042972401670619,0.9989557648934723
Fibroblasts,T cell aggregates,EPHB6,-0.043110076,-0.121234015,0.9656137859437539,0.9989557648934723
Fibroblasts,T cell aggregates,FKBP11,-0.35255942,-0.120779544,0.7244187565434141,0.9989557648934723
Fibroblasts,T cell aggregates,CDH5,0.16206504,0.119453125,0.8712546354095432,0.9989557648934723
Fibroblasts,T cell aggregates,NEAT1,-1.526204,-0.11901741,0.1269590635283362,0.5776336539677855
Fibroblasts,T cell aggregates,TOX,0.21808779,0.118807405,0.8273607040957381,0.9989557648934723
Fibroblasts,T cell aggregates,TSLP,0.082539804,0.11716416,0.9342174694862856,0.9989557648934723
Fibroblasts,T cell aggregates,COL9A3,0.17201494,0.117023,0.8634257811703139,0.9989557648934723
Fibroblasts,T cell aggregates,IL20,0.02257777,-0.115886204,0.9819870759494485,0.9989557648934723
Fibroblasts,T cell aggregates,CTLA4,0.19772564,0.11518865,0.8432597293889467,0.9989557648934723
Fibroblasts,T cell aggregates,B3GNT7,0.08361617,0.11504781,0.9333616132540618,0.9989557648934723
Fibroblasts,T cell aggregates,PTGES2,0.5788402,0.11303325,0.5626970181041566,0.9989557648934723
Fibroblasts,T cell aggregates,IL13RA1,0.5449698,0.11187573,0.5857742721043511,0.9989557648934723
Fibroblasts,T cell aggregates,MERTK,-0.09272273,-0.111339934,0.9261238382528295,0.9989557648934723
Fibroblasts,T cell aggregates,APP,0.63989705,0.111143224,0.5222395201700474,0.9989557648934723
Fibroblasts,T cell aggregates,CD33,0.09241573,0.11064959,0.9263677450658133,0.9989557648934723
Fibroblasts,T cell aggregates,RARA,-0.35952067,-0.10921988,0.7192056226708919,0.9989557648934723
Fibroblasts,T cell aggregates,GDF6,0.11748652,0.10862585,0.9064745250912685,0.9989557648934723
Fibroblasts,T cell aggregates,CASP3,0.27028593,0.107827455,0.786940276234751,0.9989557648934723
Fibroblasts,T cell aggregates,IL6,-0.11736446,-0.107667156,0.9065712473300942,0.9989557648934723
Fibroblasts,T cell aggregates,CALD1,0.61820704,0.10735598,0.5364388823547106,0.9989557648934723
Fibroblasts,T cell aggregates,RPS4Y1,0.12239489,0.10650073,0.9025862834122774,0.9989557648934723
Fibroblasts,T cell aggregates,RARRES2,0.2280229,0.10617693,0.8196284338642877,0.9989557648934723
Fibroblasts,T cell aggregates,EOMES,0.079795256,0.10602486,0.9364000976580292,0.9989557648934723
Fibroblasts,T cell aggregates,XCL2,-0.09808606,-0.10591252,0.9218639559353482,0.9989557648934723
Fibroblasts,T cell aggregates,TM4SF1,0.15875088,0.10517719,0.8738651555715417,0.9989557648934723
Fibroblasts,T cell aggregates,SPRY4,-0.08838768,-0.10507817,0.9295685525120225,0.9989557648934723
Fibroblasts,T cell aggregates,KRT4,0.28826234,0.1047056,0.7731459251852897,0.9989557648934723
Fibroblasts,T cell aggregates,ITGAE,0.18990627,0.10455311,0.8493825770276231,0.9989557648934723
Fibroblasts,T cell aggregates,KRT86,0.22751985,0.10416651,0.8200195267689824,0.9989557648934723
Fibroblasts,T cell aggregates,CNTFR,0.118059844,0.10314222,0.9060202422475797,0.9989557648934723
Fibroblasts,T cell aggregates,DDR1,0.23729591,0.10287652,0.8124272287078098,0.9989557648934723
Fibroblasts,T cell aggregates,CLEC4A,0.25257587,0.10262305,0.8005959858245884,0.9989557648934723
Fibroblasts,T cell aggregates,REG1A,0.15549219,0.10196661,0.8764333125002477,0.9989557648934723
Fibroblasts,T cell aggregates,YES1,-0.06715999,-0.10135155,0.9464543367396161,0.9989557648934723
Fibroblasts,T cell aggregates,CYTOR,-0.40391794,-0.09962852,0.686273063447165,0.9989557648934723
Fibroblasts,T cell aggregates,KRT6B,-0.06163761,-0.09950238,0.9508514261127587,0.9989557648934723
Fibroblasts,T cell aggregates,GPER1,-0.090007775,-0.09753046,0.9282810354944296,0.9989557648934723
Fibroblasts,T cell aggregates,GSN,-0.90640646,-0.09749651,0.3647207387492797,0.9989557648934723
Fibroblasts,T cell aggregates,HBA1,-0.09174994,-0.09573245,0.9268967233467929,0.9989557648934723
Fibroblasts,T cell aggregates,GDNF,-0.01063049,-0.095495924,0.9915182557481788,0.9989557648934723
Fibroblasts,T cell aggregates,ABL2,0.2707113,0.09465488,0.7866130742952206,0.9989557648934723
Fibroblasts,T cell aggregates,CRYAB,-0.22087303,-0.09361804,0.8251912968308832,0.9989557648934723
Fibroblasts,T cell aggregates,TCL1A,-0.10279469,-0.093180574,0.9181259158384082,0.9989557648934723
Fibroblasts,T cell aggregates,CLEC2B,0.16446559,0.092705615,0.8693646301959771,0.9989557648934723
Fibroblasts,T cell aggregates,KRT13,0.20271538,0.091687605,0.8393574976886727,0.9989557648934723
Fibroblasts,T cell aggregates,RAMP3,0.09767179,0.09085367,0.9221929168317156,0.9989557648934723
Fibroblasts,T cell aggregates,GDF3,0.1178601,0.09015612,0.9061785050460511,0.9989557648934723
Fibroblasts,T cell aggregates,KRT5,0.121444285,0.08988723,0.9033391394465905,0.9989557648934723
Fibroblasts,T cell aggregates,ADM2,-0.046309583,-0.08827165,0.9630635025614335,0.9989557648934723
Fibroblasts,T cell aggregates,COL4A2,0.52498126,0.08803981,0.5995962273920097,0.9989557648934723
Fibroblasts,T cell aggregates,DCN,-0.058053426,0.087933436,0.953706073196545,0.9989557648934723
Fibroblasts,T cell aggregates,ITGA5,0.53550446,0.08775751,0.5923010669762807,0.9989557648934723
Fibroblasts,T cell aggregates,HSD3B2,0.15775958,0.08739327,0.8746462489829774,0.9989557648934723
Fibroblasts,T cell aggregates,TNFRSF13B,0.10621243,0.08721326,0.9154138084157187,0.9989557648934723
Fibroblasts,T cell aggregates,CLEC7A,0.23100418,0.08661952,0.8173115571254377,0.9989557648934723
Fibroblasts,T cell aggregates,ITGA3,0.13089484,0.0863994,0.895858491985776,0.9989557648934723
Fibroblasts,T cell aggregates,BCL2L1,0.43079376,0.08633644,0.666618328171908,0.9989557648934723
Fibroblasts,T cell aggregates,DDIT3,0.19284315,0.08595624,0.8470818024004467,0.9989557648934723
Fibroblasts,T cell aggregates,CLDN4,-0.14282733,-0.08490984,0.8864265515801099,0.9989557648934723
Fibroblasts,T cell aggregates,MRC1,0.18132494,0.08467477,0.8561125276823924,0.9989557648934723
Fibroblasts,T cell aggregates,TGFB1,-0.27635947,-0.08410601,0.7822719943234203,0.9989557648934723
Fibroblasts,T cell aggregates,FGR,-0.035401676,-0.083498545,0.9717594469502239,0.9989557648934723
Fibroblasts,T cell aggregates,NPR3,-0.067285754,-0.08343768,0.9463542205675569,0.9989557648934723
Fibroblasts,T cell aggregates,CLCF1,0.29461327,0.083414115,0.7682893222414887,0.9989557648934723
Fibroblasts,T cell aggregates,EFNB1,-0.1843284,-0.08229345,0.8537558283162294,0.9989557648934723
Fibroblasts,T cell aggregates,TPM2,0.54144114,0.081113786,0.5882035695518009,0.9989557648934723
Fibroblasts,T cell aggregates,FGF13,0.12417034,0.08036708,0.9011804060579782,0.9989557648934723
Fibroblasts,T cell aggregates,TSC22D1,-0.20181656,-0.0798205,0.8400601314666188,0.9989557648934723
Fibroblasts,T cell aggregates,IFNA1,-0.03483945,-0.07941196,0.9722077609799742,0.9989557648934723
Fibroblasts,T cell aggregates,IL1RN,0.17501101,0.078740425,0.8610709821200329,0.9989557648934723
Fibroblasts,T cell aggregates,NOTCH1,0.3770458,0.078054436,0.7061395638366367,0.9989557648934723
Fibroblasts,T cell aggregates,AZGP1,0.19747412,0.07778555,0.8434565347080807,0.9989557648934723
Fibroblasts,T cell aggregates,PGF,0.021120423,0.07694655,0.9831495924074717,0.9989557648934723
Fibroblasts,T cell aggregates,YBX3,0.57858497,0.0766772,0.5628692570185523,0.9989557648934723
Fibroblasts,T cell aggregates,VTN,0.10577597,0.07643391,0.9157601056264947,0.9989557648934723
Fibroblasts,T cell aggregates,ENG,0.5018191,0.076355726,0.615794805517043,0.9989557648934723
Fibroblasts,T cell aggregates,EZH2,-0.015520368,-0.076054074,0.9876170353477509,0.9989557648934723
Fibroblasts,T cell aggregates,CDKN3,-0.057794504,0.07587127,0.9539123146964665,0.9989557648934723
Fibroblasts,T cell aggregates,KRT23,0.0851179,0.075782016,0.9321676609656346,0.9989557648934723
Fibroblasts,T cell aggregates,SLC2A1,0.15132359,0.075698525,0.8797204650502719,0.9989557648934723
Fibroblasts,T cell aggregates,CCL7,-0.07043347,-0.07423795,0.9438486517510767,0.9989557648934723
Fibroblasts,T cell aggregates,DLL1,0.07718387,0.07418195,0.9384772741918711,0.9989557648934723
Fibroblasts,T cell aggregates,ACKR3,-0.035220433,-0.07219991,0.9719039682683405,0.9989557648934723
Fibroblasts,T cell aggregates,LCN2,-0.038238693,-0.071937926,0.9694973697870758,0.9989557648934723
Fibroblasts,T cell aggregates,ITGAV,-0.28401238,-0.07025438,0.7764008988296296,0.9989557648934723
Fibroblasts,T cell aggregates,CD40LG,0.029405845,0.07001223,0.9765409115921986,0.9989557648934723
Fibroblasts,T cell aggregates,RAC2,-0.14026403,-0.06843866,0.8884513841744375,0.9989557648934723
Fibroblasts,T cell aggregates,TNFRSF12A,-0.518708,-0.06838914,0.6039643818715728,0.9989557648934723
Fibroblasts,T cell aggregates,PTK6,-0.055956177,-0.06796004,0.9553767172851185,0.9989557648934723
Fibroblasts,T cell aggregates,EPHA4,0.025403691,-0.06732916,0.979732967416912,0.9989557648934723
Fibroblasts,T cell aggregates,APOB,0.09794921,0.06635646,0.9219726290414165,0.9989557648934723
Fibroblasts,T cell aggregates,FFAR4,-0.0074753724,-0.0663489,0.9940355712117412,0.9992607122910582
Fibroblasts,T cell aggregates,HSP90AB1,0.44069558,0.06634806,0.6594333900527674,0.9989557648934723
Fibroblasts,T cell aggregates,IGF2,-0.06083866,-0.066154815,0.9514877027876572,0.9989557648934723
Fibroblasts,T cell aggregates,IL17D,0.22318481,0.065663636,0.8233916725620327,0.9989557648934723
Fibroblasts,T cell aggregates,SST,0.025133675,-0.06536058,0.9799483401889951,0.9989557648934723
Fibroblasts,T cell aggregates,HDAC11,0.012679652,-0.06432657,0.989883372362656,0.9989557648934723
Fibroblasts,T cell aggregates,ST6GALNAC3,0.10044223,0.06408368,0.9199932467024652,0.9989557648934723
Fibroblasts,T cell aggregates,NRG1,-0.07143216,-0.06407538,0.9430538153163504,0.9989557648934723
Fibroblasts,T cell aggregates,IL1RAP,0.02524464,-0.06336362,0.9798598306528018,0.9989557648934723
Fibroblasts,T cell aggregates,DPP4,-0.082513906,-0.06332726,0.9342380580337648,0.9989557648934723
Fibroblasts,T cell aggregates,FASN,0.12857567,0.06321107,0.8976934206182224,0.9989557648934723
Fibroblasts,T cell aggregates,KRT7,-0.07244194,-0.063172154,0.9422502050175842,0.9989557648934723
Fibroblasts,T cell aggregates,IL22RA1,-0.00058441807,-0.062406566,0.9995337018942143,0.9995337018942143
Fibroblasts,T cell aggregates,FGFR1,0.47264993,0.062283706,0.6364629466083843,0.9989557648934723
Fibroblasts,T cell aggregates,RELA,0.29688436,0.06091147,0.766554793189671,0.9989557648934723
Fibroblasts,T cell aggregates,WNT3,0.088568926,0.060366534,0.9294245059986075,0.9989557648934723
Fibroblasts,T cell aggregates,UCP1,0.12247997,0.059565313,0.9025189114515045,0.9989557648934723
Fibroblasts,T cell aggregates,HGF,-0.16616337,-0.0573996,0.8680283890715295,0.9989557648934723
Fibroblasts,T cell aggregates,FGF18,-0.10879792,-0.056938596,0.9133627690512124,0.9989557648934723
Fibroblasts,T cell aggregates,SLPI,-0.039033946,-0.056599524,0.9688633236110314,0.9989557648934723
Fibroblasts,T cell aggregates,HCAR2,0.053189438,-0.056547794,0.9575809697886153,0.9989557648934723
Fibroblasts,T cell aggregates,COL4A5,-0.06625747,-0.055796996,0.9471728422175684,0.9989557648934723
Fibroblasts,T cell aggregates,TNFSF8,0.01589765,-0.05555215,0.9873160445818062,0.9989557648934723
Fibroblasts,T cell aggregates,G6PC2,0.024741597,-0.0549503,0.980261075853179,0.9989557648934723
Fibroblasts,T cell aggregates,MAP1LC3B,0.26159737,0.05435305,0.7936318859998643,0.9989557648934723
Fibroblasts,T cell aggregates,PTGIS,-0.18713583,-0.0523668,0.8515541319557334,0.9989557648934723
Fibroblasts,T cell aggregates,IL4R,0.29310784,0.052146345,0.7694397236959881,0.9989557648934723
Fibroblasts,T cell aggregates,HSD17B2,-0.03118499,-0.050996173,0.9751220098964095,0.9989557648934723
Fibroblasts,T cell aggregates,LTBR,-0.090810426,-0.05072538,0.9276432253947627,0.9989557648934723
Fibroblasts,T cell aggregates,SERPINA3,-0.024405,-0.050698176,0.9805295588925204,0.9989557648934723
Fibroblasts,T cell aggregates,COL6A2,-1.1005479,-0.049184196,0.2710934520723327,0.9506970765706783
Fibroblasts,T cell aggregates,BIRC5,0.17185959,0.048283357,0.863547915142004,0.9989557648934723
Fibroblasts,T cell aggregates,CCL4,0.085258454,0.048235398,0.9320559195054473,0.9989557648934723
Fibroblasts,T cell aggregates,RORA,0.29540852,0.046719342,0.7676818220718383,0.9989557648934723
Fibroblasts,T cell aggregates,NPR1,-0.061678298,-0.04663287,0.9508190239689793,0.9989557648934723
Fibroblasts,T cell aggregates,CD34,0.2711219,0.046327077,0.7862972890249409,0.9989557648934723
Fibroblasts,T cell aggregates,CRP,-0.06917956,-0.043236118,0.9448466921275172,0.9989557648934723
Fibroblasts,T cell aggregates,SPRY2,0.038590085,-0.043044154,0.9692172074475229,0.9989557648934723
Fibroblasts,T cell aggregates,SNAI2,0.15348372,0.042959392,0.8780168333899018,0.9989557648934723
Fibroblasts,T cell aggregates,MAF,0.23370804,0.041148074,0.8152116494533417,0.9989557648934723
Fibroblasts,T cell aggregates,PIGR,0.034051597,-0.041073862,0.9728360052515065,0.9989557648934723
Fibroblasts,T cell aggregates,TNFRSF17,0.011939882,-0.040886674,0.9904735784308489,0.9989557648934723
Fibroblasts,T cell aggregates,OSM,0.07887794,0.040251482,0.937129708813779,0.9989557648934723
Fibroblasts,T cell aggregates,ARF1,-0.10997046,-0.03996893,0.9124328017440935,0.9989557648934723
Fibroblasts,T cell aggregates,AQP3,0.066305555,0.03907934,0.9471345600992186,0.9989557648934723
Fibroblasts,T cell aggregates,ESAM,-0.050862864,-0.039018128,0.9594347975431416,0.9989557648934723
Fibroblasts,T cell aggregates,WNT5B,0.12479175,-0.038077142,0.9006884219751312,0.9989557648934723
Fibroblasts,T cell aggregates,ETV5,0.1182078,0.03798698,0.9059030129507218,0.9989557648934723
Fibroblasts,T cell aggregates,ANGPT2,0.09876295,0.037958182,0.9213264861163246,0.9989557648934723
Fibroblasts,T cell aggregates,CTSW,0.10110802,0.036607444,0.9194647116194692,0.9989557648934723
Fibroblasts,T cell aggregates,SNAI1,0.0012613073,-0.035886608,0.9989936226521297,0.9995337018942143
Fibroblasts,T cell aggregates,TNFSF15,0.058963344,-0.03571481,0.9529813063214387,0.9989557648934723
Fibroblasts,T cell aggregates,LAMP2,0.25301972,0.034808695,0.8002529727588722,0.9989557648934723
Fibroblasts,T cell aggregates,ADGRG6,0.06778509,0.03462915,0.9459567088479659,0.9989557648934723
Fibroblasts,T cell aggregates,TGFBR1,-0.0074494807,-0.033560198,0.9940562294145422,0.9992607122910582
Fibroblasts,T cell aggregates,CD209,0.05775012,0.03354323,0.9539476706924337,0.9989557648934723
Fibroblasts,T cell aggregates,TPSB2,-0.00064729847,-0.033291474,0.9994835305857017,0.9995337018942143
Fibroblasts,T cell aggregates,RXRB,0.1477394,0.033259697,0.8825484350546913,0.9989557648934723
Fibroblasts,T cell aggregates,CYSTM1,0.25965914,0.0324389,0.7951267016401327,0.9989557648934723
Fibroblasts,T cell aggregates,CALM2,-0.07320761,-0.031456698,0.9416409132715969,0.9989557648934723
Fibroblasts,T cell aggregates,NRIP3,0.04737485,0.031426203,0.9622144734270393,0.9989557648934723
Fibroblasts,T cell aggregates,HPGDS,-0.052079786,-0.031360496,0.9584651203688576,0.9989557648934723
Fibroblasts,T cell aggregates,TNFSF9,0.019067563,0.030034592,0.9847872074490042,0.9989557648934723
Fibroblasts,T cell aggregates,AATK,-0.05594878,-0.029734483,0.9553826105609187,0.9989557648934723
Fibroblasts,T cell aggregates,ADGRF1,-0.00072497426,-0.028436286,0.9994215542662622,0.9995337018942143
Fibroblasts,T cell aggregates,LINC02446,0.030397136,0.027587527,0.975750329060578,0.9989557648934723
Fibroblasts,T cell aggregates,FGFR2,0.06931642,-0.025651414,0.9447377572297815,0.9989557648934723
Fibroblasts,T cell aggregates,DUSP1,-0.4245575,-0.024984261,0.6711592701427975,0.9989557648934723
Fibroblasts,T cell aggregates,ANXA4,0.2804652,0.024891688,0.7791206383627061,0.9989557648934723
Fibroblasts,T cell aggregates,ATG10,0.17357586,0.024279587,0.8621988071687442,0.9989557648934723
Fibroblasts,T cell aggregates,DNMT3A,0.14338586,0.024246749,0.8859854521827122,0.9989557648934723
Fibroblasts,T cell aggregates,TNFRSF11B,0.10868326,-0.023991264,0.9134537186152091,0.9989557648934723
Fibroblasts,T cell aggregates,ADIPOQ,-0.021923074,-0.022741083,0.9825093186062056,0.9989557648934723
Fibroblasts,T cell aggregates,C11orf96,-0.27803504,-0.022270732,0.7809854655118913,0.9989557648934723
Fibroblasts,T cell aggregates,TWIST1,0.16448039,-0.02164322,0.8693529837758898,0.9989557648934723
Fibroblasts,T cell aggregates,DHRS2,-0.07205357,-0.021287268,0.9425592789897241,0.9989557648934723
Fibroblasts,T cell aggregates,AR,0.06115306,-0.020419085,0.9512373124200499,0.9989557648934723
Fibroblasts,T cell aggregates,XBP1,0.25222817,0.020361084,0.800864706257022,0.9989557648934723
Fibroblasts,T cell aggregates,MALAT1,0.57695746,-0.01965476,0.5639681900677205,0.9989557648934723
Fibroblasts,T cell aggregates,CD79A,0.03571608,-0.017846173,0.971508748906738,0.9989557648934723
Fibroblasts,T cell aggregates,KRT80,0.030678248,-0.017192058,0.9755261383161432,0.9989557648934723
Fibroblasts,T cell aggregates,LY6D,0.05048558,0.01698613,0.9597354391962956,0.9989557648934723
Fibroblasts,T cell aggregates,PDCD1,0.046723854,0.013489893,0.962733319534706,0.9989557648934723
Fibroblasts,T cell aggregates,BMP3,0.09931038,0.013453802,0.9208918373390564,0.9989557648934723
Fibroblasts,T cell aggregates,IGHD,0.015542561,0.013449567,0.9875993299593709,0.9989557648934723
Fibroblasts,T cell aggregates,IFITM3,-0.56961155,-0.012868339,0.5689411919495548,0.9989557648934723
Fibroblasts,T cell aggregates,MRC2,0.095814966,0.009233051,0.9236675293018974,0.9989557648934723
Fibroblasts,T cell aggregates,PRSS2,0.07487579,0.008967651,0.9403135413026705,0.9989557648934723
Fibroblasts,T cell aggregates,SEC61G,0.06150815,0.007210916,0.9509545243833243,0.9989557648934723
Fibroblasts,T cell aggregates,LGALS3,0.1670104,0.0070968075,0.8673618648068033,0.9989557648934723
Fibroblasts,T cell aggregates,NPPB,0.07497196,-0.0068285624,0.9402370237692366,0.9989557648934723
Fibroblasts,T cell aggregates,VEGFD,0.06109018,-0.006410315,0.9512873901092307,0.9989557648934723
Fibroblasts,T cell aggregates,IL23A,-0.01294597,0.0061840606,0.9896708995164833,0.9989557648934723
Fibroblasts,T cell aggregates,IL11,0.10962277,-0.0058470895,0.9127085524710616,0.9989557648934723
Fibroblasts,T cell aggregates,IL1A,-0.0019714863,0.005802326,0.9984269826358789,0.9995337018942143
Fibroblasts,T cell aggregates,BMP1,0.04858807,-0.0056514186,0.9612475758202217,0.9989557648934723
Fibroblasts,T cell aggregates,FZD7,0.13830364,-0.0049032774,0.8900004495147764,0.9989557648934723
Fibroblasts,T cell aggregates,ACE,-0.039522193,-0.0031195348,0.9684740584751349,0.9989557648934723
Fibroblasts,T cell aggregates,IGF1R,-0.01043815,-0.0030464425,0.991671712441124,0.9989557648934723
Fibroblasts,T cell aggregates,TNF,0.06382733,0.0014554006,0.9491077185298178,0.9989557648934723
Fibroblasts,T cell aggregates,INHBB,0.06384582,0.0009958198,0.9490929922958958,0.9989557648934723
Fibroblasts,T cell aggregates,HAVCR2,0.05431389,0.0008610794,0.9566850837698869,0.9989557648934723
Fibroblasts,T cell aggregates,MTOR,0.07551199,0.0007511783,0.9398073586564334,0.9989557648934723
Fibroblasts,T cell aggregates,IL1RL1,0.011736446,-0.0006271569,0.990635886027219,0.9989557648934723
Fibroblasts,T cell aggregates,IL17RB,-0.065573186,0.000369129,0.9477176393852227,0.9989557648934723
Fibroblasts,T cell aggregates,TGFB3,0.06541783,-9.352828e-05,0.9478413264805942,0.9989557648934723
Fibroblasts,T cell aggregates,CLEC14A,0.015812578,-7.588586e-05,0.9873839148925213,0.9989557648934723
Fibroblasts,Macrophage islands,SPP1,4.7219443,1.5845771,2.336008651016512e-06,0.00017250525422891165
Fibroblasts,Macrophage islands,HLA.DRB1,9.458853,1.4563361,3.1134000744220305e-21,1.4944320357225747e-18
Fibroblasts,Macrophage islands,HLA.DRA,8.5200615,1.4185593,1.594686029531862e-17,5.102995294501958e-15
Fibroblasts,Macrophage islands,HLA.DQB1,8.272626,1.3311235,1.310402232349362e-16,3.1449653576384685e-14
Fibroblasts,Macrophage islands,CD74,9.75621,1.3163263,1.7351874091022507e-22,1.6657799127381607e-19
Fibroblasts,Macrophage islands,HLA.DQA1,6.74296,1.2347224,1.5519192584008225e-11,1.862303110080987e-09
Fibroblasts,Macrophage islands,HLA.DPA1,7.225424,1.1550146,4.995412142099341e-13,9.591191312830735e-11
Fibroblasts,Macrophage islands,CCL28,-0.7154093,-1.1479982,0.47435616404525294,0.9995375449833881
Fibroblasts,Macrophage islands,C1QB,4.2744555,1.1431385,1.9160489277408874e-05,0.0010820041003713247
Fibroblasts,Macrophage islands,CD52,2.929936,1.102699,0.003390318144297734,0.09572662995664191
Fibroblasts,Macrophage islands,C1QA,4.451422,1.0499195,8.530336020253415e-06,0.0005849373271030914
Fibroblasts,Macrophage islands,ADM2,-0.659264,-1.0177385,0.5097262308816555,0.9995375449833881
Fibroblasts,Macrophage islands,C1QC,3.7356472,0.99394846,0.0001872330029677975,0.00781494273256894
Fibroblasts,Macrophage islands,MRC1,1.5490935,0.9907615,0.12135923783211647,0.9995375449833881
Fibroblasts,Macrophage islands,LYZ,4.1600423,0.980247,3.1818871161423624e-05,0.0016970064619425934
Fibroblasts,Macrophage islands,ADGRE1,-0.33934215,-0.96152157,0.7343519897551556,0.9995375449833881
Fibroblasts,Macrophage islands,HLA.DPB1,3.7806678,0.96058285,0.0001564082846540067,0.00682508878490211
Fibroblasts,Macrophage islands,GADD45B,-5.9923944,-0.9495442,2.0677387913712234e-09,2.205588044129305e-07
Fibroblasts,Macrophage islands,CD68,4.775474,0.9456694,1.7928450737246229e-06,0.00014342760589796982
Fibroblasts,Macrophage islands,PROKR1,-0.3814176,-0.91914994,0.7028934057342842,0.9995375449833881
Fibroblasts,Macrophage islands,OLR1,1.0024642,0.9191448,0.31611946547575587,0.9995375449833881
Fibroblasts,Macrophage islands,CPA3,-0.60991096,-0.910201,0.5419207815534591,0.9995375449833881
Fibroblasts,Macrophage islands,MARCO,0.97896856,0.87768734,0.32759550856400554,0.9995375449833881
Fibroblasts,Macrophage islands,CCL18,1.0182294,0.85034746,0.30856898663287613,0.9995375449833881
Fibroblasts,Macrophage islands,CLU,-1.975499,-0.8470664,0.04821154037755445,0.6907922203351086
Fibroblasts,Macrophage islands,ANGPT4,-0.3013384,-0.8406797,0.7631564523896079,0.9995375449833881
Fibroblasts,Macrophage islands,TAGLN,-6.779841,-0.83869684,1.2030839415129884e-11,1.6499436912178126e-09
Fibroblasts,Macrophage islands,CLEC14A,-0.8075623,-0.8361273,0.41934258956171677,0.9995375449833881
Fibroblasts,Macrophage islands,CHI3L1,1.7446511,0.8338914,0.08104562751228275,0.9995375449833881
Fibroblasts,Macrophage islands,MKI67,-0.7915762,-0.7986816,0.4286078403830156,0.9995375449833881
Fibroblasts,Macrophage islands,TIMP1,7.0891776,0.7903971,1.3491120913284147e-12,2.1585793461254635e-10
Fibroblasts,Macrophage islands,ICAM2,1.0843945,0.7889147,0.27818994275766096,0.9995375449833881
Fibroblasts,Macrophage islands,ANGPT1,-1.1634557,-0.78019696,0.24464465741307995,0.9995375449833881
Fibroblasts,Macrophage islands,HLA.DRB5,2.9591732,0.76521254,0.0030846560113759213,0.08973544760366316
Fibroblasts,Macrophage islands,TYROBP,2.0496445,0.7646052,0.040399126609233144,0.6363241865991521
Fibroblasts,Macrophage islands,FCER1G,2.1198125,0.75866026,0.034021853871877374,0.5621101215898868
Fibroblasts,Macrophage islands,ITGB2,2.20204,0.75094616,0.027662489205274185,0.48283617521933125
Fibroblasts,Macrophage islands,MGP,-5.464772,-0.7466616,4.635016326072172e-08,4.4496156730292855e-06
Fibroblasts,Macrophage islands,CFD,-1.7165295,-0.7447625,0.0860651697722422,0.9995375449833881
Fibroblasts,Macrophage islands,FCGR3A,2.5936368,0.74322623,0.009496676116403495,0.20720020617607626
Fibroblasts,Macrophage islands,CXCL14,-1.0712085,-0.7370397,0.2840756820948085,0.9995375449833881
Fibroblasts,Macrophage islands,TWIST1,1.6846659,0.72896326,0.09205304318458292,0.9995375449833881
Fibroblasts,Macrophage islands,ITGA1,-3.3849123,-0.72599006,0.0007120100641820047,0.02531591339313794
Fibroblasts,Macrophage islands,SPRY4,-0.8539232,-0.724403,0.3931475534444697,0.9995375449833881
Fibroblasts,Macrophage islands,CD3D,-0.65995234,-0.7225567,0.509284430515764,0.9995375449833881
Fibroblasts,Macrophage islands,GAS6,-3.630004,-0.7148715,0.000283416841208606,0.010883206702410471
Fibroblasts,Macrophage islands,LCN2,-0.4261918,-0.7041768,0.6699680860693574,0.9995375449833881
Fibroblasts,Macrophage islands,CYP19A1,-0.3286956,-0.70395464,0.742385779924623,0.9995375449833881
Fibroblasts,Macrophage islands,GLUL,2.8730118,0.70158994,0.004065788000233675,0.11151875657783793
Fibroblasts,Macrophage islands,CCL19,2.220533,0.7004996,0.026382620230787326,0.46902435965844136
Fibroblasts,Macrophage islands,SRGN,2.6924372,0.69557506,0.007093192009153393,0.16768085918405315
Fibroblasts,Macrophage islands,TFEB,-0.62429595,-0.69139886,0.5324332373624736,0.9995375449833881
Fibroblasts,Macrophage islands,TNFSF8,-0.53183866,-0.68921185,0.5948377434311434,0.9995375449833881
Fibroblasts,Macrophage islands,NKG7,-0.4279125,-0.6828388,0.6687148260340167,0.9995375449833881
Fibroblasts,Macrophage islands,WNT5A,-0.8449683,-0.67977947,0.3981285156669665,0.9995375449833881
Fibroblasts,Macrophage islands,ICAM1,3.1548321,0.67869306,0.0016059041933224447,0.05316096639963955
Fibroblasts,Macrophage islands,SERPINA1,2.411747,0.6760453,0.01587629575453537,0.3175259150907074
Fibroblasts,Macrophage islands,IL20,-0.6467881,-0.66956776,0.5177690838675102,0.9995375449833881
Fibroblasts,Macrophage islands,TPM1,-4.304979,-0.6676441,1.6700169151404783e-05,0.0010166712935300295
Fibroblasts,Macrophage islands,TP53,1.0676947,0.6675343,0.28565825672508716,0.9995375449833881
Fibroblasts,Macrophage islands,IL33,-1.0316254,-0.65618175,0.3022476542112341,0.9995375449833881
Fibroblasts,Macrophage islands,OLFM4,0.8324091,0.65374297,0.40517806621933294,0.9995375449833881
Fibroblasts,Macrophage islands,WNT11,-0.8000854,-0.6537195,0.42366128829320526,0.9995375449833881
Fibroblasts,Macrophage islands,IL2,-0.3941942,-0.63998723,0.6934376776974907,0.9995375449833881
Fibroblasts,Macrophage islands,GPX3,-1.6616992,-0.6399669,0.0965730969119667,0.9995375449833881
Fibroblasts,Macrophage islands,CD37,1.1164464,0.63308614,0.2642310965991709,0.9995375449833881
Fibroblasts,Macrophage islands,SELENOP,-2.6691082,-0.6311136,0.007605296550471644,0.17383534972506617
Fibroblasts,Macrophage islands,TPM2,-4.085596,-0.6296825,4.3963803045346345e-05,0.0022213289959753944
Fibroblasts,Macrophage islands,ITGAM,0.78525126,0.62912863,0.4323062550281439,0.9995375449833881
Fibroblasts,Macrophage islands,CD14,1.562917,0.6261905,0.11807211261765495,0.9995375449833881
Fibroblasts,Macrophage islands,CTSW,0.65332675,0.621658,0.5135456531565125,0.9995375449833881
Fibroblasts,Macrophage islands,SLC40A1,-2.3212857,-0.6168095,0.02027143137484316,0.3971545738744782
Fibroblasts,Macrophage islands,ITGAX,0.9588093,0.6055862,0.3376548187223334,0.9995375449833881
Fibroblasts,Macrophage islands,CXCL9,1.9672253,0.599635,0.049157247521836395,0.6939846708965138
Fibroblasts,Macrophage islands,FGR,0.7249945,0.595636,0.4684554263445063,0.9995375449833881
Fibroblasts,Macrophage islands,CXCR2,-0.40509793,-0.5928306,0.6854055218970834,0.9995375449833881
Fibroblasts,Macrophage islands,UCP1,-0.37896878,-0.59134835,0.7047110470578165,0.9995375449833881
Fibroblasts,Macrophage islands,VPREB3,-0.3504234,-0.5862186,0.7260209603866137,0.9995375449833881
Fibroblasts,Macrophage islands,FFAR2,0.58540833,0.5860622,0.5582731926437632,0.9995375449833881
Fibroblasts,Macrophage islands,KLRK1,-0.57165366,-0.5857446,0.5675566358617791,0.9995375449833881
Fibroblasts,Macrophage islands,CELSR1,-0.8178394,-0.579096,0.41344891384056137,0.9995375449833881
Fibroblasts,Macrophage islands,LAG3,0.7706779,0.5752734,0.4408978592199728,0.9995375449833881
Fibroblasts,Macrophage islands,LY75,0.5988913,0.57400215,0.5492453712953611,0.9995375449833881
Fibroblasts,Macrophage islands,PROK2,-0.3505502,-0.5708933,0.7259258248008416,0.9995375449833881
Fibroblasts,Macrophage islands,ADGRG3,-0.5050683,-0.56941277,0.6135108515751062,0.9995375449833881
Fibroblasts,Macrophage islands,REG1A,0.59326917,0.5684497,0.5530010284594907,0.9995375449833881
Fibroblasts,Macrophage islands,PPARA,-0.70870405,-0.5683979,0.4785081563333907,0.9995375449833881
Fibroblasts,Macrophage islands,MERTK,-0.49972874,-0.5628869,0.6172660919415431,0.9995375449833881
Fibroblasts,Macrophage islands,PF4,-0.35545507,-0.56056505,0.7222486953839276,0.9995375449833881
Fibroblasts,Macrophage islands,HCST,1.0229168,0.55550253,0.3063471613622776,0.9995375449833881
Fibroblasts,Macrophage islands,ITGA2,-0.82994944,-0.5485998,0.4065673826102252,0.9995375449833881
Fibroblasts,Macrophage islands,CXCL3,-0.63836217,-0.5479532,0.5232379562209105,0.9995375449833881
Fibroblasts,Macrophage islands,EPCAM,-0.8037442,-0.539135,0.42154472862330095,0.9995375449833881
Fibroblasts,Macrophage islands,CXCL10,1.2044879,0.538035,0.22840106743753863,0.9995375449833881
Fibroblasts,Macrophage islands,RORA,-1.2602419,-0.5376703,0.20758210952822043,0.9995375449833881
Fibroblasts,Macrophage islands,KRT10,-0.39395872,-0.5368492,0.6936115141055679,0.9995375449833881
Fibroblasts,Macrophage islands,LY6D,0.69425386,0.53491545,0.48752302536451153,0.9995375449833881
Fibroblasts,Macrophage islands,SST,0.47618967,0.5307337,0.6339392526602026,0.9995375449833881
Fibroblasts,Macrophage islands,NRXN3,-0.35680264,-0.52259487,0.7212395536937483,0.9995375449833881
Fibroblasts,Macrophage islands,TNFRSF17,0.5138203,0.5216171,0.6073776328130281,0.9995375449833881
Fibroblasts,Macrophage islands,SPRY2,-0.72137195,-0.51980364,0.47068069642591526,0.9995375449833881
Fibroblasts,Macrophage islands,NPPB,-0.44391313,-0.5186689,0.6571053967842373,0.9995375449833881
Fibroblasts,Macrophage islands,FPR1,0.84467494,0.5185736,0.39829236755414554,0.9995375449833881
Fibroblasts,Macrophage islands,CD80,0.7923659,0.5164857,0.4281473640199359,0.9995375449833881
Fibroblasts,Macrophage islands,SMAD4,1.3957599,0.5144834,0.16278678877187314,0.9995375449833881
Fibroblasts,Macrophage islands,ADGRF4,-0.3905282,-0.5132422,0.6961460016460583,0.9995375449833881
Fibroblasts,Macrophage islands,TNFRSF10D,0.6713415,0.5091474,0.5020030134225979,0.9995375449833881
Fibroblasts,Macrophage islands,TPSB2,-0.52644473,-0.50879055,0.5985792334818971,0.9995375449833881
Fibroblasts,Macrophage islands,SYK,0.5975872,0.5086325,0.5501154071443287,0.9995375449833881
Fibroblasts,Macrophage islands,LTB,0.99855185,0.50625974,0.318011832490146,0.9995375449833881
Fibroblasts,Macrophage islands,MTRNR2L1,0.74272305,0.5043587,0.45764938755181395,0.9995375449833881
Fibroblasts,Macrophage islands,CCL7,0.43380633,0.50123566,0.6644290901806379,0.9995375449833881
Fibroblasts,Macrophage islands,LTF,0.65152633,0.5009409,0.5147067672827577,0.9995375449833881
Fibroblasts,Macrophage islands,PECAM1,0.6678784,0.4999053,0.5042112387302862,0.9995375449833881
Fibroblasts,Macrophage islands,TNFSF4,0.48737237,0.49458826,0.625994475115271,0.9995375449833881
Fibroblasts,Macrophage islands,TNFRSF9,0.7127504,0.49421084,0.476000232811605,0.9995375449833881
Fibroblasts,Macrophage islands,S100A9,1.9448019,0.49366608,0.0517988222750835,0.7206792664359444
Fibroblasts,Macrophage islands,DNTT,-0.34854332,-0.48945838,0.7274321805496282,0.9995375449833881
Fibroblasts,Macrophage islands,ACTA2,-2.2861872,-0.48864064,0.02224331071282413,0.4106457362367531
Fibroblasts,Macrophage islands,PSCA,-0.36606178,-0.48781824,0.7143189753644862,0.9995375449833881
Fibroblasts,Macrophage islands,DDR1,-0.81836826,-0.48341092,0.4131469415607707,0.9995375449833881
Fibroblasts,Macrophage islands,KRT1,-1.2773691,-0.48224664,0.20147195817499697,0.9995375449833881
Fibroblasts,Macrophage islands,IGFBP7,-5.275373,-0.4807614,1.3248637900018162e-07,1.1562447621834034e-05
Fibroblasts,Macrophage islands,FYB1,0.87947637,0.47546834,0.3791430444940024,0.9995375449833881
Fibroblasts,Macrophage islands,CD3G,-0.4565122,-0.47292316,0.6480216935742316,0.9995375449833881
Fibroblasts,Macrophage islands,VCAM1,2.835019,0.47193846,0.004582295654166607,0.1221945507777762
Fibroblasts,Macrophage islands,NFKBIA,1.7062126,0.47162062,0.08796850097271883,0.9995375449833881
Fibroblasts,Macrophage islands,CXCR1,-0.25307935,-0.47070858,0.8002068978570409,0.9995375449833881
Fibroblasts,Macrophage islands,AGR2,-0.23618759,-0.47047222,0.813287110531412,0.9995375449833881
Fibroblasts,Macrophage islands,MST1R,-0.47053856,-0.46742696,0.6379702891040918,0.9995375449833881
Fibroblasts,Macrophage islands,EFNB2,-0.37241566,-0.46576208,0.7095833946789132,0.9995375449833881
Fibroblasts,Macrophage islands,ITGB1,-2.76463,-0.46569434,0.005698738521421486,0.14396813106749018
Fibroblasts,Macrophage islands,LEFTY2,0.6610572,0.46462715,0.5085756442526486,0.9995375449833881
Fibroblasts,Macrophage islands,WNT10B,0.6491138,0.462457,0.5162648432264341,0.9995375449833881
Fibroblasts,Macrophage islands,CXCR4,0.6021552,0.4611797,0.547070844352276,0.9995375449833881
Fibroblasts,Macrophage islands,C5AR2,-0.29330006,-0.46092573,0.7692928039453081,0.9995375449833881
Fibroblasts,Macrophage islands,CD83,0.7542897,0.45916355,0.4506752887937159,0.9995375449833881
Fibroblasts,Macrophage islands,FABP4,-0.26861265,-0.45892602,0.7882277642954771,0.9995375449833881
Fibroblasts,Macrophage islands,CASP3,0.5897517,0.45853606,0.5553571199189316,0.9995375449833881
Fibroblasts,Macrophage islands,NPR3,0.52979195,0.45630404,0.5962561915723945,0.9995375449833881
Fibroblasts,Macrophage islands,PGR,0.40778223,0.45549464,0.6834335700080789,0.9995375449833881
Fibroblasts,Macrophage islands,SCGB3A1,-0.3478297,-0.45527014,0.7279680884500195,0.9995375449833881
Fibroblasts,Macrophage islands,ADGRF1,-0.3955961,-0.45252755,0.6924030167458701,0.9995375449833881
Fibroblasts,Macrophage islands,AREG,0.5465171,0.45216385,0.5847105586992924,0.9995375449833881
Fibroblasts,Macrophage islands,ZFP36,-3.2758386,-0.45216197,0.001053487744861659,0.03611957982382831
Fibroblasts,Macrophage islands,CXCL2,0.67060614,0.45179385,0.502471486473951,0.9995375449833881
Fibroblasts,Macrophage islands,VIM,4.301762,0.45164123,1.6944521558833827e-05,0.0010166712935300295
Fibroblasts,Macrophage islands,CD44,2.01234,0.4508317,0.04418411032278087,0.6678725765184699
Fibroblasts,Macrophage islands,ANXA2,2.6982477,0.44813955,0.006970557923037258,0.16768085918405315
Fibroblasts,Macrophage islands,RSPO3,0.650081,0.447181,0.5156399156321447,0.9995375449833881
Fibroblasts,Macrophage islands,HDAC4,-0.596486,-0.44695938,0.5508506323557885,0.9995375449833881
Fibroblasts,Macrophage islands,AQP3,0.5920629,0.44629833,0.5538084868102635,0.9995375449833881
Fibroblasts,Macrophage islands,MMP16,-0.64317286,-0.44571117,0.5201119459581499,0.9995375449833881
Fibroblasts,Macrophage islands,ITGAL,-0.3763968,-0.44558752,0.706621925094287,0.9995375449833881
Fibroblasts,Macrophage islands,TAP2,1.1290092,0.44471568,0.2588939220619818,0.9995375449833881
Fibroblasts,Macrophage islands,JUN,-3.6663015,-0.44108522,0.00024608374556100635,0.009843349822440253
Fibroblasts,Macrophage islands,RAMP2,0.61902523,0.43899518,0.535899752414194,0.9995375449833881
Fibroblasts,Macrophage islands,CXCL16,1.2964634,0.4389372,0.19481589045863035,0.9995375449833881
Fibroblasts,Macrophage islands,NLRC5,1.1779855,0.43887022,0.23880234923423693,0.9995375449833881
Fibroblasts,Macrophage islands,TLR4,0.58320946,0.43652564,0.5597523025168171,0.9995375449833881
Fibroblasts,Macrophage islands,CD33,0.32097965,0.43485466,0.7482258076829489,0.9995375449833881
Fibroblasts,Macrophage islands,FZD5,-0.48268846,-0.43305722,0.6293169590706649,0.9995375449833881
Fibroblasts,Macrophage islands,CD164,-0.5912623,-0.4312214,0.5543446861034862,0.9995375449833881
Fibroblasts,Macrophage islands,PTPRC,0.74169785,0.43112326,0.4582704205650723,0.9995375449833881
Fibroblasts,Macrophage islands,CCL3L3,0.49655905,0.42990705,0.6195000393408368,0.9995375449833881
Fibroblasts,Macrophage islands,ARHGDIB,0.9417437,0.42871347,0.3463238916098662,0.9995375449833881
Fibroblasts,Macrophage islands,HBA1,-0.4613881,-0.42836565,0.6445201833872928,0.9995375449833881
Fibroblasts,Macrophage islands,HSPA1B,-1.403523,-0.4276303,0.1604609365721712,0.9995375449833881
Fibroblasts,Macrophage islands,HCAR3,-0.38681152,-0.42627233,0.6988957534643695,0.9995375449833881
Fibroblasts,Macrophage islands,MZB1,0.43083224,0.4260397,0.6665903538472608,0.9995375449833881
Fibroblasts,Macrophage islands,IL1A,-0.4098217,-0.42366225,0.6819367539597097,0.9995375449833881
Fibroblasts,Macrophage islands,CCR1,0.8252945,0.42216757,0.4092044169097172,0.9995375449833881
Fibroblasts,Macrophage islands,CRIP1,1.3458418,0.4209376,0.17835354332211206,0.9995375449833881
Fibroblasts,Macrophage islands,TNFSF18,0.24104175,0.41997913,0.8095227585138035,0.9995375449833881
Fibroblasts,Macrophage islands,ADGRD1,-0.5835174,-0.41916892,0.559545064007975,0.9995375449833881
Fibroblasts,Macrophage islands,ADGRG1,0.3271162,0.41910022,0.7435800094940022,0.9995375449833881
Fibroblasts,Macrophage islands,IFNAR1,-0.57842773,-0.41838452,0.5629753634569417,0.9995375449833881
Fibroblasts,Macrophage islands,HLA.B,3.8565412,0.4169719,0.00011500271680901662,0.005520130406832798
Fibroblasts,Macrophage islands,LGALS9,1.3838818,0.41665882,0.1663946620783069,0.9995375449833881
Fibroblasts,Macrophage islands,CALB1,0.710787,0.41520995,0.47721624747838265,0.9995375449833881
Fibroblasts,Macrophage islands,LIF,-1.5806093,-0.41489983,0.11396738453831103,0.9995375449833881
Fibroblasts,Macrophage islands,LEP,-0.24175176,-0.41315648,0.8089725188288168,0.9995375449833881
Fibroblasts,Macrophage islands,KRT13,-0.3727127,-0.4130156,0.7093622775094056,0.9995375449833881
Fibroblasts,Macrophage islands,ACVR1,0.8401504,0.41016945,0.4008240623791607,0.9995375449833881
Fibroblasts,Macrophage islands,CLEC7A,0.59612006,0.40999284,0.5510950082032819,0.9995375449833881
Fibroblasts,Macrophage islands,QRFPR,0.42575347,0.4083513,0.6702874846279324,0.9995375449833881
Fibroblasts,Macrophage islands,TLR8,0.52904207,0.40704763,0.5967762562171333,0.9995375449833881
Fibroblasts,Macrophage islands,AZGP1,-0.38035983,-0.40684745,0.7036783331026293,0.9995375449833881
Fibroblasts,Macrophage islands,PTK2,-1.0169288,-0.40596005,0.30918728078990165,0.9995375449833881
Fibroblasts,Macrophage islands,GC,-0.34132004,-0.4047323,0.7328626596044874,0.9995375449833881
Fibroblasts,Macrophage islands,CD84,-0.2963611,-0.4044674,0.7669543406797875,0.9995375449833881
Fibroblasts,Macrophage islands,TGFB2,-0.77039176,-0.40411934,0.4410675472129698,0.9995375449833881
Fibroblasts,Macrophage islands,HGF,-2.009116,-0.40247318,0.04452483843456466,0.6678725765184699
Fibroblasts,Macrophage islands,PDCD1LG2,0.5568847,0.39913055,0.5776062165476503,0.9995375449833881
Fibroblasts,Macrophage islands,CALD1,-3.0258167,-0.39786005,0.002479626755313652,0.07557732230236497
Fibroblasts,Macrophage islands,MAP1LC3B,-0.7811506,-0.3975098,0.4347139248112124,0.9995375449833881
Fibroblasts,Macrophage islands,MMP12,-0.36157712,-0.3953161,0.7176680687679586,0.9995375449833881
Fibroblasts,Macrophage islands,RXRA,0.8888587,0.39284828,0.37407904536264436,0.9995375449833881
Fibroblasts,Macrophage islands,RNF43,1.018454,0.39169014,0.3084622888811622,0.9995375449833881
Fibroblasts,Macrophage islands,ROR1,1.0789969,0.3906022,0.2805891037347842,0.9995375449833881
Fibroblasts,Macrophage islands,CYTOR,-1.7089802,-0.3901251,0.08745461511310193,0.9995375449833881
Fibroblasts,Macrophage islands,GPX1,2.5005348,0.38956523,0.012400599937310462,0.2645461319959565
Fibroblasts,Macrophage islands,S100A8,0.52174634,0.38937,0.6018469476128638,0.9995375449833881
Fibroblasts,Macrophage islands,MMP14,-2.6892457,-0.38927948,0.0071613700276522705,0.16768085918405315
Fibroblasts,Macrophage islands,CD28,0.45440754,0.38867348,0.6495355328892602,0.9995375449833881
Fibroblasts,Macrophage islands,FGF13,-0.42061314,-0.38813165,0.6740375938562745,0.9995375449833881
Fibroblasts,Macrophage islands,NLRC4,-0.3391719,-0.3871952,0.7344802389835361,0.9995375449833881
Fibroblasts,Macrophage islands,CCR10,-0.4182042,-0.38571683,0.6757978428660958,0.9995375449833881
Fibroblasts,Macrophage islands,EGFR,1.007811,0.3853785,0.31354520964165045,0.9995375449833881
Fibroblasts,Macrophage islands,ADGRF5,0.40807202,0.38466293,0.6832208025343811,0.9995375449833881
Fibroblasts,Macrophage islands,TACSTD2,-0.4611925,-0.38356048,0.6446605089551175,0.9995375449833881
Fibroblasts,Macrophage islands,PDGFB,-0.23238757,-0.3804599,0.8162369978037429,0.9995375449833881
Fibroblasts,Macrophage islands,IL4R,1.2075888,0.37938714,0.2272054931861356,0.9995375449833881
Fibroblasts,Macrophage islands,ALCAM,-0.55028087,-0.37893838,0.5821267536942285,0.9995375449833881
Fibroblasts,Macrophage islands,CD48,0.66078913,0.37709737,0.50874756453929,0.9995375449833881
Fibroblasts,Macrophage islands,MYL9,-1.8379126,-0.376622,0.0660752921936405,0.8689353493958204
Fibroblasts,Macrophage islands,GDF15,-1.0450504,-0.3761684,0.295999685041509,0.9995375449833881
Fibroblasts,Macrophage islands,XBP1,-1.2129029,-0.375867,0.2251669242280564,0.9995375449833881
Fibroblasts,Macrophage islands,MMP7,-0.4939472,-0.37499145,0.6213434571310222,0.9995375449833881
Fibroblasts,Macrophage islands,CD58,-0.36645663,-0.3736304,0.7140243659369891,0.9995375449833881
Fibroblasts,Macrophage islands,IL7R,0.4712667,0.37326086,0.6374503010798769,0.9995375449833881
Fibroblasts,Macrophage islands,XCL1,0.5777286,0.37111023,0.563447363235879,0.9995375449833881
Fibroblasts,Macrophage islands,CSF1R,0.59403354,0.37014335,0.55248969461635,0.9995375449833881
Fibroblasts,Macrophage islands,S100A4,2.0492969,0.3693772,0.04043309935682112,0.6363241865991521
Fibroblasts,Macrophage islands,MSMB,0.25862902,0.36672345,0.7959214814698578,0.9995375449833881
Fibroblasts,Macrophage islands,FCRLA,-0.19484027,-0.3666076,0.8455179955183031,0.9995375449833881
Fibroblasts,Macrophage islands,GPNMB,1.7835604,0.36556765,0.07449512080576923,0.9664231888316007
Fibroblasts,Macrophage islands,MAPK13,-0.4595986,-0.36442488,0.645804373945055,0.9995375449833881
Fibroblasts,Macrophage islands,CD40,0.8709924,0.36425146,0.38375827800334883,0.9995375449833881
Fibroblasts,Macrophage islands,PTTG1,-0.23131894,-0.36224955,0.8170670369607472,0.9995375449833881
Fibroblasts,Macrophage islands,CSF2RA,0.7408574,0.3618414,0.4587798883481966,0.9995375449833881
Fibroblasts,Macrophage islands,TNFRSF19,-1.2520297,-0.36118323,0.2105590496314228,0.9995375449833881
Fibroblasts,Macrophage islands,IL2RA,-0.526289,-0.36040503,0.5986874403250886,0.9995375449833881
Fibroblasts,Macrophage islands,ESAM,0.4232286,0.35959965,0.6721284850360941,0.9995375449833881
Fibroblasts,Macrophage islands,WNT9A,-0.39227426,-0.35745624,0.6948555828716625,0.9995375449833881
Fibroblasts,Macrophage islands,CALM2,-1.9818566,-0.35662514,0.047495295854236154,0.6907922203351086
Fibroblasts,Macrophage islands,TCL1A,-0.3427763,-0.35484177,0.7317667619663548,0.9995375449833881
Fibroblasts,Macrophage islands,ITGA3,-0.45643976,-0.35414642,0.6480737809516381,0.9995375449833881
Fibroblasts,Macrophage islands,CUZD1,0.5719471,0.3529251,0.5673578264069509,0.9995375449833881
Fibroblasts,Macrophage islands,IL1RL1,0.24442156,0.3515595,0.8069043526635467,0.9995375449833881
Fibroblasts,Macrophage islands,TNFRSF12A,-2.4321198,-0.35147336,0.015010735250413814,0.306602251923346
Fibroblasts,Macrophage islands,CYP1B1,1.6229782,0.35021567,0.10459405986352438,0.9995375449833881
Fibroblasts,Macrophage islands,IGHG1,1.7423906,0.34995115,0.08144011754872096,0.9995375449833881
Fibroblasts,Macrophage islands,FABP5,0.93684965,0.34933117,0.3488358969172566,0.9995375449833881
Fibroblasts,Macrophage islands,ACE,0.3364333,0.34906304,0.7365441568586186,0.9995375449833881
Fibroblasts,Macrophage islands,NRXN1,-0.20743573,-0.3485269,0.8356695779045618,0.9995375449833881
Fibroblasts,Macrophage islands,BTK,0.55563855,0.34715414,0.5784579755715182,0.9995375449833881
Fibroblasts,Macrophage islands,IL10RA,0.36162782,0.34705693,0.7176301648422643,0.9995375449833881
Fibroblasts,Macrophage islands,IGKC,2.1284595,0.3463819,0.03329900358510464,0.5608253235386045
Fibroblasts,Macrophage islands,AATK,-0.23370254,-0.3456728,0.8152159105256841,0.9995375449833881
Fibroblasts,Macrophage islands,CD19,-0.32139263,-0.34524453,0.747912873244888,0.9995375449833881
Fibroblasts,Macrophage islands,CD9,1.408667,0.3438246,0.15893366642567952,0.9995375449833881
Fibroblasts,Macrophage islands,HAVCR2,0.32575774,0.34358937,0.7446076502670665,0.9995375449833881
Fibroblasts,Macrophage islands,COTL1,1.2079474,0.34174368,0.2270675083839543,0.9995375449833881
Fibroblasts,Macrophage islands,CNTFR,-0.31251386,-0.34062034,0.7546500368348925,0.9995375449833881
Fibroblasts,Macrophage islands,TNFSF14,0.64848346,0.3379037,0.5166723106564468,0.9995375449833881
Fibroblasts,Macrophage islands,CLEC5A,0.30772853,0.33690235,0.7582889174821491,0.9995375449833881
Fibroblasts,Macrophage islands,IL18,0.33310783,0.33553627,0.7390528992144194,0.9995375449833881
Fibroblasts,Macrophage islands,KRT23,0.24590316,0.33500785,0.805757199879116,0.9995375449833881
Fibroblasts,Macrophage islands,ARTN,-0.5247023,-0.33418036,0.5997901453217225,0.9995375449833881
Fibroblasts,Macrophage islands,ATR,0.6888491,0.33400294,0.49091825258420396,0.9995375449833881
Fibroblasts,Macrophage islands,RAMP3,0.27098903,0.3337031,0.7863994679503045,0.9995375449833881
Fibroblasts,Macrophage islands,CX3CL1,0.540942,0.333646,0.5885475424028814,0.9995375449833881
Fibroblasts,Macrophage islands,LYN,0.46313417,0.33292514,0.6432682092812877,0.9995375449833881
Fibroblasts,Macrophage islands,TIE1,-0.22925773,-0.33147013,0.8186686065812668,0.9995375449833881
Fibroblasts,Macrophage islands,IDO1,0.6991551,0.33101177,0.48445510232211864,0.9995375449833881
Fibroblasts,Macrophage islands,PTGES2,-1.122246,-0.33016405,0.2617578385518047,0.9995375449833881
Fibroblasts,Macrophage islands,NANOG,0.50698465,0.32988158,0.6121656051999639,0.9995375449833881
Fibroblasts,Macrophage islands,COL18A1,-1.8394376,-0.32970202,0.06585084385748335,0.8689353493958204
Fibroblasts,Macrophage islands,ERBB2,-0.5620359,-0.32815564,0.5740915621651743,0.9995375449833881
Fibroblasts,Macrophage islands,NR3C1,0.9759148,0.3278184,0.32910668896861894,0.9995375449833881
Fibroblasts,Macrophage islands,RAD51,-0.17268863,-0.32692575,0.8628961835663707,0.9995375449833881
Fibroblasts,Macrophage islands,MMP2,-2.8132586,-0.32616284,0.004904219125482819,0.1272446043368515
Fibroblasts,Macrophage islands,CCL5,0.6293675,0.3259136,0.5291085085253651,0.9995375449833881
Fibroblasts,Macrophage islands,CELSR2,0.30300477,0.32555768,0.7618862289747862,0.9995375449833881
Fibroblasts,Macrophage islands,YBX3,-1.4058486,-0.32334065,0.15976907014527697,0.9995375449833881
Fibroblasts,Macrophage islands,CCR7,0.7525907,0.3233281,0.4516958849148681,0.9995375449833881
Fibroblasts,Macrophage islands,NGFR,0.5037135,0.32314605,0.6144627193914008,0.9995375449833881
Fibroblasts,Macrophage islands,ITGA9,-0.9074675,-0.3212986,0.36415963440885757,0.9995375449833881
Fibroblasts,Macrophage islands,TTR,-0.2103736,-0.31953743,0.833376104625959,0.9995375449833881
Fibroblasts,Macrophage islands,ETS1,-0.7546266,-0.31604698,0.4504730657067382,0.9995375449833881
Fibroblasts,Macrophage islands,CXCR3,0.43269783,0.31580752,0.6652343032382607,0.9995375449833881
Fibroblasts,Macrophage islands,DHRS2,-0.30859792,-0.31521535,0.7576274028245045,0.9995375449833881
Fibroblasts,Macrophage islands,HMGN2,-0.47354162,-0.31459498,0.6358268122888283,0.9995375449833881
Fibroblasts,Macrophage islands,TNFSF13B,0.7016981,0.31229073,0.4828674525332627,0.9995375449833881
Fibroblasts,Macrophage islands,CD36,0.31789327,0.31146666,0.7505658911411428,0.9995375449833881
Fibroblasts,Macrophage islands,GDF10,-0.24802595,-0.31054604,0.8041143308508851,0.9995375449833881
Fibroblasts,Macrophage islands,DMBT1,0.32041454,0.31038773,0.748654100970291,0.9995375449833881
Fibroblasts,Macrophage islands,NEAT1,-3.0210204,-0.30986968,0.0025192440767454988,0.07557732230236497
Fibroblasts,Macrophage islands,CD79A,-0.13565572,-0.30975452,0.8920934562097611,0.9995375449833881
Fibroblasts,Macrophage islands,CSK,-0.65683335,-0.30812603,0.5112880874366483,0.9995375449833881
Fibroblasts,Macrophage islands,CLEC4D,0.20420446,0.30761722,0.8381937295212232,0.9995375449833881
Fibroblasts,Macrophage islands,ACVR2A,0.5221412,0.30613837,0.6015720191976504,0.9995375449833881
Fibroblasts,Macrophage islands,IL6,-0.39951202,-0.30346337,0.6895159618490214,0.9995375449833881
Fibroblasts,Macrophage islands,CSF3,0.50603914,0.30338255,0.6128291648581761,0.9995375449833881
Fibroblasts,Macrophage islands,FFAR4,0.55889153,0.3021782,0.576235730790096,0.9995375449833881
Fibroblasts,Macrophage islands,IL27RA,0.5810867,0.30212936,0.5611820412627223,0.9995375449833881
Fibroblasts,Macrophage islands,IFNB1,-0.20422982,-0.30187517,0.8381739146374385,0.9995375449833881
Fibroblasts,Macrophage islands,MMP8,-0.28796774,-0.30093598,0.7733714391988927,0.9995375449833881
Fibroblasts,Macrophage islands,KRAS,0.6281974,0.29940274,0.5298746326078698,0.9995375449833881
Fibroblasts,Macrophage islands,TSLP,-0.2634361,-0.2981331,0.7922144686239392,0.9995375449833881
Fibroblasts,Macrophage islands,IL17A,0.31862864,0.2975594,0.750008126842111,0.9995375449833881
Fibroblasts,Macrophage islands,HMGB2,-0.73955333,-0.296699,0.4595710699518186,0.9995375449833881
Fibroblasts,Macrophage islands,SELL,0.34105197,0.2961055,0.7330644514452609,0.9995375449833881
Fibroblasts,Macrophage islands,IGF2,-0.32278004,-0.2944081,0.7468618277617882,0.9995375449833881
Fibroblasts,Macrophage islands,OASL,-0.3019144,-0.2930578,0.7627173245934822,0.9995375449833881
Fibroblasts,Macrophage islands,RARG,0.6427961,0.29261014,0.5203564060090692,0.9995375449833881
Fibroblasts,Macrophage islands,HPGDS,0.7214951,0.29219145,0.47060494154469124,0.9995375449833881
Fibroblasts,Macrophage islands,MT2A,2.0141983,0.29174054,0.04398871487035561,0.6678725765184699
Fibroblasts,Macrophage islands,CCRL2,0.5756674,0.2915014,0.5648400158388609,0.9995375449833881
Fibroblasts,Macrophage islands,INHA,0.432082,0.29074305,0.6656818107993272,0.9995375449833881
Fibroblasts,Macrophage islands,IFNAR2,0.7536703,0.28962433,0.4510472524618877,0.9995375449833881
Fibroblasts,Macrophage islands,CXCR5,0.3779074,0.2889042,0.7054993956823907,0.9995375449833881
Fibroblasts,Macrophage islands,PIGR,0.44847387,0.28881493,0.6538112464271917,0.9995375449833881
Fibroblasts,Macrophage islands,CD69,0.4071229,0.28787023,0.6839177096616401,0.9995375449833881
Fibroblasts,Macrophage islands,RUNX3,0.4679521,0.28611216,0.6398188499379094,0.9995375449833881
Fibroblasts,Macrophage islands,IL34,0.4440073,0.28597528,0.657037300562327,0.9995375449833881
Fibroblasts,Macrophage islands,MEG3,-1.9806032,-0.28542438,0.04763579179355283,0.6907922203351086
Fibroblasts,Macrophage islands,PTGES,-0.39240104,-0.285299,0.694761914631763,0.9995375449833881
Fibroblasts,Macrophage islands,SPINK1,0.24497941,0.28498265,0.8064723684873625,0.9995375449833881
Fibroblasts,Macrophage islands,NOD2,-0.41115838,-0.2845277,0.6809563927588685,0.9995375449833881
Fibroblasts,Macrophage islands,LGALS3,1.5935163,0.28423312,0.11104440144796529,0.9995375449833881
Fibroblasts,Macrophage islands,PPBP,-0.10377764,-0.28366014,0.9173458126813198,0.9995375449833881
Fibroblasts,Macrophage islands,IL17D,-0.44721684,-0.28335124,0.6547184959566895,0.9995375449833881
Fibroblasts,Macrophage islands,CSF1,0.94857574,0.2823291,0.34283644414293246,0.9995375449833881
Fibroblasts,Macrophage islands,IL1RN,0.5107484,0.28219584,0.609527235367985,0.9995375449833881
Fibroblasts,Macrophage islands,ENTPD1,-1.0952511,-0.28184983,0.2734066393636535,0.9995375449833881
Fibroblasts,Macrophage islands,ABL1,-0.59433055,-0.28020698,0.5522910398198796,0.9995375449833881
Fibroblasts,Macrophage islands,CD27,0.24442518,0.28010544,0.8069015473813421,0.9995375449833881
Fibroblasts,Macrophage islands,KITLG,-0.40217096,-0.27987215,0.687558219231291,0.9995375449833881
Fibroblasts,Macrophage islands,HSD3B2,-0.24408104,-0.27981675,0.8071680602763889,0.9995375449833881
Fibroblasts,Macrophage islands,ETV4,-0.32690245,-0.27951774,0.7437416614210548,0.9995375449833881
Fibroblasts,Macrophage islands,ADGRF3,0.2181004,0.27903843,0.8273508854726312,0.9995375449833881
Fibroblasts,Macrophage islands,NFKB1,0.5026702,0.27739412,0.6151961514404082,0.9995375449833881
Fibroblasts,Macrophage islands,H2AZ1,0.74292225,0.27680105,0.4575287469398529,0.9995375449833881
Fibroblasts,Macrophage islands,IL22RA1,-0.16485314,-0.27367425,0.8690595762588846,0.9995375449833881
Fibroblasts,Macrophage islands,MET,0.15976714,0.27344927,0.8730645118456141,0.9995375449833881
Fibroblasts,Macrophage islands,THBS1,-1.8597164,-0.2730797,0.06292565570001409,0.8508257672114581
Fibroblasts,Macrophage islands,INS,-0.20527309,-0.2730662,0.8373587628083936,0.9995375449833881
Fibroblasts,Macrophage islands,EFNA4,-0.3168536,-0.27169457,0.7513546769039035,0.9995375449833881
Fibroblasts,Macrophage islands,EFNB3,0.21142773,0.27160147,0.8325535135480279,0.9995375449833881
Fibroblasts,Macrophage islands,P2RY12,0.3729518,0.27018154,0.709184322933164,0.9995375449833881
Fibroblasts,Macrophage islands,OAS1,0.45178846,0.27002355,0.6514213861025615,0.9995375449833881
Fibroblasts,Macrophage islands,PRSS2,0.29202494,0.26964942,0.7702675538935758,0.9995375449833881
Fibroblasts,Macrophage islands,HLA.A,3.0860915,0.26928338,0.0020280639998598022,0.06489804799551367
Fibroblasts,Macrophage islands,BMPR2,-0.93424505,-0.2690429,0.3501774891430661,0.9995375449833881
Fibroblasts,Macrophage islands,OSM,0.46287334,0.26788318,0.6434551619384372,0.9995375449833881
Fibroblasts,Macrophage islands,DUSP2,0.33879152,0.26662835,0.73476677996706,0.9995375449833881
Fibroblasts,Macrophage islands,CCL2,1.3391365,0.2664376,0.18052622997815992,0.9995375449833881
Fibroblasts,Macrophage islands,GZMK,-0.43756285,-0.26594606,0.6617031961686415,0.9995375449833881
Fibroblasts,Macrophage islands,TNFRSF1B,0.5019747,0.26400158,0.6156853199168577,0.9995375449833881
Fibroblasts,Macrophage islands,CPB1,-0.11567758,-0.2627556,0.907908075178672,0.9995375449833881
Fibroblasts,Macrophage islands,ITGAV,-1.2934096,-0.26222864,0.19586943182704808,0.9995375449833881
Fibroblasts,Macrophage islands,MS4A1,0.26922125,0.26163325,0.7877594304756635,0.9995375449833881
Fibroblasts,Macrophage islands,TGFB3,1.3166734,0.25933722,0.18794813957667544,0.9995375449833881
Fibroblasts,Macrophage islands,TGFBR2,-1.0597976,-0.25873777,0.28923668192097174,0.9995375449833881
Fibroblasts,Macrophage islands,SEC61G,0.6713451,0.25847217,0.5020007062457763,0.9995375449833881
Fibroblasts,Macrophage islands,WNT2,0.5357365,0.25822765,0.5921406870336565,0.9995375449833881
Fibroblasts,Macrophage islands,PTHLH,0.38736936,0.2581582,0.6984827695614153,0.9995375449833881
Fibroblasts,Macrophage islands,KRT6C,-0.29344496,-0.2571962,0.7691820599411899,0.9995375449833881
Fibroblasts,Macrophage islands,RARA,-1.073027,-0.25525013,0.2832589938660516,0.9995375449833881
Fibroblasts,Macrophage islands,VWF,-0.15125786,-0.25509235,0.8797723064520485,0.9995375449833881
Fibroblasts,Macrophage islands,FFAR3,-0.24372965,-0.2545703,0.8074402070683386,0.9995375449833881
Fibroblasts,Macrophage islands,FGFR3,-0.503757,-0.25404647,0.6144321680807301,0.9995375449833881
Fibroblasts,Macrophage islands,S100A10,1.1684331,0.2536255,0.24263213482503798,0.9995375449833881
Fibroblasts,Macrophage islands,PARP1,0.4043517,0.2529998,0.6859541114806795,0.9995375449833881
Fibroblasts,Macrophage islands,ICOSLG,0.41513592,0.2526261,0.6780424121803695,0.9995375449833881
Fibroblasts,Macrophage islands,GZMA,-0.25787193,-0.25258443,0.7965057514123395,0.9995375449833881
Fibroblasts,Macrophage islands,COL4A1,-1.2768221,-0.25144243,0.20166505055982265,0.9995375449833881
Fibroblasts,Macrophage islands,ANXA1,1.0888356,0.2513548,0.2762263685564087,0.9995375449833881
Fibroblasts,Macrophage islands,KRT80,0.19676383,0.25124767,0.8440123632753516,0.9995375449833881
Fibroblasts,Macrophage islands,APOD,0.7617376,0.25050694,0.44621664534134786,0.9995375449833881
Fibroblasts,Macrophage islands,ICOS,0.2703732,0.25033623,0.786873151660068,0.9995375449833881
Fibroblasts,Macrophage islands,RGS2,0.88424,0.25006378,0.3765666908608638,0.9995375449833881
Fibroblasts,Macrophage islands,HCAR2,-0.1724423,-0.24912788,0.8630898222205597,0.9995375449833881
Fibroblasts,Macrophage islands,IGFBP5,1.3638891,0.24898346,0.17260246095357323,0.9995375449833881
Fibroblasts,Macrophage islands,EPHB4,-0.50868,-0.24832618,0.6109765706916701,0.9995375449833881
Fibroblasts,Macrophage islands,PCNA,0.6397641,0.24766842,0.5223259932907502,0.9995375449833881
Fibroblasts,Macrophage islands,CDH11,-1.9297649,-0.24639457,0.053635975541871335,0.7355790931456639
Fibroblasts,Macrophage islands,FGF9,-0.28170443,-0.2463519,0.7781701698833542,0.9995375449833881
Fibroblasts,Macrophage islands,IL7,-0.3024143,-0.24629208,0.7623362566983409,0.9995375449833881
Fibroblasts,Macrophage islands,CCL13,-0.24217197,-0.24591666,0.8086469112393022,0.9995375449833881
Fibroblasts,Macrophage islands,COL15A1,-0.80061793,-0.24484959,0.4233528484934943,0.9995375449833881
Fibroblasts,Macrophage islands,HSP90AB1,-1.6160665,-0.24360572,0.10607994108615489,0.9995375449833881
Fibroblasts,Macrophage islands,UBE2C,-0.44662276,-0.24357472,0.6551474600820872,0.9995375449833881
Fibroblasts,Macrophage islands,IFITM3,-2.2962108,-0.24302141,0.02166383945496092,0.4077899191522056
Fibroblasts,Macrophage islands,OXGR1,0.23434374,0.24276221,0.8147181386788063,0.9995375449833881
Fibroblasts,Macrophage islands,NOTCH2,0.98221433,0.24199763,0.32599426453189495,0.9995375449833881
Fibroblasts,Macrophage islands,KIT,-0.15670975,-0.24097884,0.8754736104771014,0.9995375449833881
Fibroblasts,Macrophage islands,BMP7,0.40236294,0.24064283,0.6874169372027104,0.9995375449833881
Fibroblasts,Macrophage islands,STAT1,1.3603644,0.24059133,0.17371462764791967,0.9995375449833881
Fibroblasts,Macrophage islands,EPHA3,-0.33368018,-0.23956345,0.7386209125257088,0.9995375449833881
Fibroblasts,Macrophage islands,ADIPOQ,-0.2199986,-0.23946777,0.8258722488640481,0.9995375449833881
Fibroblasts,Macrophage islands,PTGDS,-2.2238147,-0.23945689,0.026160906208143535,0.46902435965844136
Fibroblasts,Macrophage islands,IGF1R,-0.62802714,-0.2392609,0.5299861589281505,0.9995375449833881
Fibroblasts,Macrophage islands,AHR,-0.81002563,-0.23829623,0.41792545187472685,0.9995375449833881
Fibroblasts,Macrophage islands,COL5A1,-2.1136363,-0.23746227,0.03454635122271179,0.5621101215898868
Fibroblasts,Macrophage islands,GCG,0.24614586,0.23740733,0.8055693197555865,0.9995375449833881
Fibroblasts,Macrophage islands,VEGFA,-1.0782181,-0.23738176,0.2809364480328278,0.9995375449833881
Fibroblasts,Macrophage islands,PDGFRB,-1.0522374,-0.23714261,0.29269062646871424,0.9995375449833881
Fibroblasts,Macrophage islands,ITGA5,0.7101422,0.2359716,0.47761597339867345,0.9995375449833881
Fibroblasts,Macrophage islands,CSF3R,0.15902452,0.23538244,0.8736495528705996,0.9995375449833881
Fibroblasts,Macrophage islands,EPHA4,0.29387966,0.23535451,0.7688498561899308,0.9995375449833881
Fibroblasts,Macrophage islands,SMO,-0.49992797,-0.23483226,0.6171257903233721,0.9995375449833881
Fibroblasts,Macrophage islands,EZH2,-0.30472907,-0.23443301,0.7605724989469295,0.9995375449833881
Fibroblasts,Macrophage islands,LAMP3,0.21056196,0.23414509,0.8332290989928006,0.9995375449833881
Fibroblasts,Macrophage islands,SAA1,0.3779074,0.23321584,0.7054993956823907,0.9995375449833881
Fibroblasts,Macrophage islands,COL17A1,-0.24817085,-0.23288247,0.8040022210700265,0.9995375449833881
Fibroblasts,Macrophage islands,IL6ST,-1.0542153,-0.2320895,0.2917843434706433,0.9995375449833881
Fibroblasts,Macrophage islands,DDX58,0.5629198,0.2320044,0.5734895045945676,0.9995375449833881
Fibroblasts,Macrophage islands,HCK,0.41333914,0.23183645,0.679358152782826,0.9995375449833881
Fibroblasts,Macrophage islands,FGFR1,-1.3139311,-0.23140462,0.1888693873553251,0.9995375449833881
Fibroblasts,Macrophage islands,BCL2,-0.5439451,-0.23104884,0.5864792617976813,0.9995375449833881
Fibroblasts,Macrophage islands,COL6A1,2.6086411,0.23067418,0.0090902501973352,0.20294512068469284
Fibroblasts,Macrophage islands,RPL32,-1.0529149,-0.23002346,0.2923800202657465,0.9995375449833881
Fibroblasts,Macrophage islands,BMP2,0.30060303,0.22937685,0.7637172105918874,0.9995375449833881
Fibroblasts,Macrophage islands,COL6A3,3.6127682,0.22922243,0.00030294563047626006,0.011185684817584987
Fibroblasts,Macrophage islands,EFNB1,-0.7320547,-0.22881706,0.46413516053037895,0.9995375449833881
Fibroblasts,Macrophage islands,IFIT1,0.22227715,0.2284457,0.8240981363179428,0.9995375449833881
Fibroblasts,Macrophage islands,FZD6,0.3900138,0.2271526,0.6965263345186058,0.9995375449833881
Fibroblasts,Macrophage islands,HILPDA,-1.5014032,-0.22702397,0.13325130685311268,0.9995375449833881
Fibroblasts,Macrophage islands,GNLY,-0.38665575,-0.22698137,0.6990110830736732,0.9995375449833881
Fibroblasts,Macrophage islands,ANXA4,-0.61005586,-0.22671968,0.5418247943298402,0.9995375449833881
Fibroblasts,Macrophage islands,CHGA,-0.07310223,-0.22523789,0.9417247655707035,0.9995375449833881
Fibroblasts,Macrophage islands,IL6R,-0.31795847,-0.225004,0.7505164289354629,0.9995375449833881
Fibroblasts,Macrophage islands,VEGFB,-0.52912176,-0.22377288,0.5967209738422548,0.9995375449833881
Fibroblasts,Macrophage islands,KLF2,-0.642586,-0.22299822,0.5204927652174611,0.9995375449833881
Fibroblasts,Macrophage islands,IFNGR1,0.7938004,0.22255456,0.42731163930175364,0.9995375449833881
Fibroblasts,Macrophage islands,FOS,-1.4884564,-0.22168072,0.13663058477788906,0.9995375449833881
Fibroblasts,Macrophage islands,ACTG2,-0.19898805,-0.22159289,0.8422720980319108,0.9995375449833881
Fibroblasts,Macrophage islands,ST6GAL1,-0.19253998,-0.22153576,0.8473192567563982,0.9995375449833881
Fibroblasts,Macrophage islands,BMP3,-0.19943723,-0.2210318,0.8419207370085346,0.9995375449833881
Fibroblasts,Macrophage islands,COL5A2,-1.6098503,-0.22051172,0.10743055166153374,0.9995375449833881
Fibroblasts,Macrophage islands,DNMT3A,-0.40179783,-0.21986175,0.6878328173903803,0.9995375449833881
Fibroblasts,Macrophage islands,ADGRB2,0.18982309,0.21938175,0.8494477577498024,0.9995375449833881
Fibroblasts,Macrophage islands,COL9A2,1.2295448,0.2185391,0.21886762467381204,0.9995375449833881
Fibroblasts,Macrophage islands,ITGB8,0.41234297,0.2179179,0.6800880675194196,0.9995375449833881
Fibroblasts,Macrophage islands,IL17RA,0.42067835,0.21757562,0.6739899727597611,0.9995375449833881
Fibroblasts,Macrophage islands,CASP8,0.34452236,0.21638997,0.7304534964082459,0.9995375449833881
Fibroblasts,Macrophage islands,CD53,0.4349474,0.21611841,0.6636005987488883,0.9995375449833881
Fibroblasts,Macrophage islands,TUBB4B,-0.37049574,-0.2159449,0.7110131559103756,0.9995375449833881
Fibroblasts,Macrophage islands,TGFB1,0.9901114,0.21555263,0.3221196672530062,0.9995375449833881
Fibroblasts,Macrophage islands,COL9A1,-0.25303587,-0.21549697,0.8002404890226376,0.9995375449833881
Fibroblasts,Macrophage islands,PTGES3,0.65046495,0.21444795,0.5153919259468547,0.9995375449833881
Fibroblasts,Macrophage islands,IFI27,0.5230577,0.21419883,0.600934101100161,0.9995375449833881
Fibroblasts,Macrophage islands,IL10RB,-0.53009623,-0.21418646,0.5960452097544445,0.9995375449833881
Fibroblasts,Macrophage islands,STAT5B,-0.45771125,-0.21400844,0.6471598978265841,0.9995375449833881
Fibroblasts,Macrophage islands,HDAC1,-0.44869846,-0.21399556,0.653649198012951,0.9995375449833881
Fibroblasts,Macrophage islands,TEK,0.1596476,0.21308745,0.8731586845023325,0.9995375449833881
Fibroblasts,Macrophage islands,CAMP,0.25610414,0.21281321,0.7978704234193806,0.9995375449833881
Fibroblasts,Macrophage islands,ADGRE2,-0.20302352,-0.21239716,0.8391166504188535,0.9995375449833881
Fibroblasts,Macrophage islands,CSF2RB,-0.27227864,-0.2120668,0.7854077748079478,0.9995375449833881
Fibroblasts,Macrophage islands,DLL1,-0.42718437,-0.21196944,0.669245040505685,0.9995375449833881
Fibroblasts,Macrophage islands,IL1RAP,0.60996896,0.21116744,0.5418823856459359,0.9995375449833881
Fibroblasts,Macrophage islands,PTK6,0.35663238,0.21100642,0.72136702603861,0.9995375449833881
Fibroblasts,Macrophage islands,SELPLG,0.45949715,0.21053223,0.6458771937466693,0.9995375449833881
Fibroblasts,Macrophage islands,IGHG2,0.6783003,0.2104317,0.4975812937321188,0.9995375449833881
Fibroblasts,Macrophage islands,LMNA,-1.3004409,-0.20973581,0.19344990330397938,0.9995375449833881
Fibroblasts,Macrophage islands,AKT1,0.703321,0.20921762,0.4818557307708038,0.9995375449833881
Fibroblasts,Macrophage islands,RSPO2,-0.0076108915,-0.20844622,0.9939274458492952,0.9995375449833881
Fibroblasts,Macrophage islands,CD59,-0.70194083,-0.2078506,0.4827160725879909,0.9995375449833881
Fibroblasts,Macrophage islands,SCG5,-0.23053648,-0.20766823,0.8176749246314197,0.9995375449833881
Fibroblasts,Macrophage islands,G6PD,-0.26833737,-0.20754476,0.7884396547576454,0.9995375449833881
Fibroblasts,Macrophage islands,LINC02446,0.22671473,0.2067204,0.8206455749436881,0.9995375449833881
Fibroblasts,Macrophage islands,FGF12,-0.16227753,-0.20652917,0.8710873035471627,0.9995375449833881
Fibroblasts,Macrophage islands,CCL3,0.40993038,0.20600608,0.681857029715426,0.9995375449833881
Fibroblasts,Macrophage islands,ADIRF,-0.4007437,-0.20547904,0.6886088462032665,0.9995375449833881
Fibroblasts,Macrophage islands,CLEC10A,0.16225217,0.20466796,0.8711072713424204,0.9995375449833881
Fibroblasts,Macrophage islands,CALM3,0.72849745,0.20464285,0.46630914085083863,0.9995375449833881
Fibroblasts,Macrophage islands,ITGAE,-0.182694,-0.20395204,0.8550381260080089,0.9995375449833881
Fibroblasts,Macrophage islands,SPOCK2,0.27757838,0.20329486,0.7813360335769918,0.9995375449833881
Fibroblasts,Macrophage islands,ABL2,0.35498777,0.20264784,0.7225987526639722,0.9995375449833881
Fibroblasts,Macrophage islands,MALAT1,-3.7834644,-0.2023916,0.00015466049380453113,0.00682508878490211
Fibroblasts,Macrophage islands,MAPK14,-0.5355264,-0.2021936,0.5922859241987226,0.9995375449833881
Fibroblasts,Macrophage islands,ACKR1,0.14043018,0.20203218,0.8883201103350374,0.9995375449833881
Fibroblasts,Macrophage islands,PGF,-0.18582746,-0.20160116,0.8525800637105958,0.9995375449833881
Fibroblasts,Macrophage islands,C11orf96,-1.4099493,-0.20142224,0.15855464308900757,0.9995375449833881
Fibroblasts,Macrophage islands,CCR5,-0.16936317,-0.20063727,0.865510995737458,0.9995375449833881
Fibroblasts,Macrophage islands,HLA.C,2.2982936,0.20046191,0.021545084440014614,0.4077899191522056
Fibroblasts,Macrophage islands,SLC2A1,0.22686325,0.1994095,0.8205300795122143,0.9995375449833881
Fibroblasts,Macrophage islands,NOTCH3,0.7090047,0.19933555,0.47832155417139366,0.9995375449833881
Fibroblasts,Macrophage islands,WIF1,0.46686533,0.19829445,0.640596224669346,0.9995375449833881
Fibroblasts,Macrophage islands,WNT3,-0.1417995,-0.19816545,0.8872383845955109,0.9995375449833881
Fibroblasts,Macrophage islands,CCL23,-0.12862442,-0.19807157,0.8976548363960194,0.9995375449833881
Fibroblasts,Macrophage islands,STAT5A,0.56856364,0.19743554,0.5696522938733904,0.9995375449833881
Fibroblasts,Macrophage islands,SNAI1,-0.39359647,-0.19727422,0.6938789862197281,0.9995375449833881
Fibroblasts,Macrophage islands,DUSP5,-0.7881203,-0.19727392,0.43062633826708885,0.9995375449833881
Fibroblasts,Macrophage islands,FOXP3,-0.111931905,-0.19653715,0.9108773981494892,0.9995375449833881
Fibroblasts,Macrophage islands,CIITA,0.45109293,0.19594334,0.6519225692191652,0.9995375449833881
Fibroblasts,Macrophage islands,SMAD2,0.82125175,0.19585194,0.4115028712002702,0.9995375449833881
Fibroblasts,Macrophage islands,FLT1,0.48548505,0.19555031,0.6273323249726975,0.9995375449833881
Fibroblasts,Macrophage islands,TNFRSF21,-0.4570737,-0.19553973,0.6476180748271465,0.9995375449833881
Fibroblasts,Macrophage islands,IL12B,0.22946422,0.19500262,0.8185081339236461,0.9995375449833881
Fibroblasts,Macrophage islands,COL3A1,0.0778767,0.19479884,0.9379261347419425,0.9995375449833881
Fibroblasts,Macrophage islands,INHBA,-1.0494444,-0.1946638,0.29397359338174356,0.9995375449833881
Fibroblasts,Macrophage islands,COL14A1,-1.5869958,-0.1940377,0.11251358622298885,0.9995375449833881
Fibroblasts,Macrophage islands,CD163,0.28890595,0.1932884,0.77265334148439,0.9995375449833881
Fibroblasts,Macrophage islands,CCL20,0.22217934,0.19298139,0.8241742722026,0.9995375449833881
Fibroblasts,Macrophage islands,ATG5,-0.2985201,-0.19241732,0.7653062370865136,0.9995375449833881
Fibroblasts,Macrophage islands,DDC,0.33963194,0.1898094,0.7341337102374219,0.9995375449833881
Fibroblasts,Macrophage islands,CD24,-0.18524425,-0.18975732,0.8530374682043265,0.9995375449833881
Fibroblasts,Macrophage islands,IFNGR2,0.47547606,0.18967228,0.6344477046462453,0.9995375449833881
Fibroblasts,Macrophage islands,MRC2,-1.2707834,-0.18915163,0.20380571300254047,0.9995375449833881
Fibroblasts,Macrophage islands,ANGPTL1,-0.15027255,-0.18735927,0.8805495956546054,0.9995375449833881
Fibroblasts,Macrophage islands,SAA2,-0.22135703,-0.18685426,0.8248144429650415,0.9995375449833881
Fibroblasts,Macrophage islands,IL24,0.44654307,0.18662931,0.6552050127122474,0.9995375449833881
Fibroblasts,Macrophage islands,CDKN1A,-1.3316343,-0.18613154,0.18298038333625166,0.9995375449833881
Fibroblasts,Macrophage islands,PSAP,1.5099342,0.18595147,0.13106021281847546,0.9995375449833881
Fibroblasts,Macrophage islands,MT1X,0.6799413,0.18587996,0.4965416170601491,0.9995375449833881
Fibroblasts,Macrophage islands,SOX4,-0.8142458,-0.18561009,0.41550412873219844,0.9995375449833881
Fibroblasts,Macrophage islands,S100A2,-0.22217934,-0.18546067,0.8241742722026,0.9995375449833881
Fibroblasts,Macrophage islands,FES,0.45962393,0.18537258,0.6457861695250309,0.9995375449833881
Fibroblasts,Macrophage islands,COL12A1,-0.76477325,-0.18427731,0.4444065875270592,0.9995375449833881
Fibroblasts,Macrophage islands,STAT4,-0.05952507,-0.18377928,0.9525338993700996,0.9995375449833881
Fibroblasts,Macrophage islands,DCN,-1.5525856,-0.18333912,0.12052216101869406,0.9995375449833881
Fibroblasts,Macrophage islands,KRT4,-0.29494467,-0.18302964,0.7680361364626845,0.9995375449833881
Fibroblasts,Macrophage islands,LAIR1,0.35462913,0.18300223,0.7228674406643376,0.9995375449833881
Fibroblasts,Macrophage islands,LDLR,0.47520435,0.18216781,0.6346413231001738,0.9995375449833881
Fibroblasts,Macrophage islands,SMAD3,-0.45106757,-0.18126248,0.6519408444928554,0.9995375449833881
Fibroblasts,Macrophage islands,ITGB6,0.2607482,0.1801,0.7942866939527711,0.9995375449833881
Fibroblasts,Macrophage islands,NRG1,-0.08724088,-0.17986292,0.9304800419768319,0.9995375449833881
Fibroblasts,Macrophage islands,RELT,0.2550826,0.1797238,0.7986593068579702,0.9995375449833881
Fibroblasts,Macrophage islands,SOX9,-0.19238059,-0.17954925,0.8474440982254128,0.9995375449833881
Fibroblasts,Macrophage islands,SAT1,0.85593367,0.1794757,0.3920344666947272,0.9995375449833881
Fibroblasts,Macrophage islands,IAPP,-0.12840346,-0.17904074,0.8978296974143172,0.9995375449833881
Fibroblasts,Macrophage islands,CST7,0.22106723,0.17864034,0.8250400815998341,0.9995375449833881
Fibroblasts,Macrophage islands,CLCF1,0.375723,0.17855732,0.7071228276900816,0.9995375449833881
Fibroblasts,Macrophage islands,UPK3A,-0.49495065,-0.17790678,0.6206349549541027,0.9995375449833881
Fibroblasts,Macrophage islands,RAC2,0.56742257,0.1769729,0.5704271210803631,0.9995375449833881
Fibroblasts,Macrophage islands,KRT15,-0.7112362,-0.17621058,0.47693789496065,0.9995375449833881
Fibroblasts,Macrophage islands,WNT7A,-0.18774377,-0.17597824,0.8510775130525954,0.9995375449833881
Fibroblasts,Macrophage islands,TNFSF12,0.42689094,0.17583647,0.6694587556656109,0.9995375449833881
Fibroblasts,Macrophage islands,BCL2L1,0.84572905,0.17564908,0.39770390365468977,0.9995375449833881
Fibroblasts,Macrophage islands,FGF18,0.56400657,0.17452832,0.5727496803848613,0.9995375449833881
Fibroblasts,Macrophage islands,COL5A3,0.7709315,0.17385966,0.4407475340392194,0.9995375449833881
Fibroblasts,Macrophage islands,S100B,0.32041454,0.17329307,0.748654100970291,0.9995375449833881
Fibroblasts,Macrophage islands,ITGB5,-1.2464474,-0.17299622,0.21260019142978281,0.9995375449833881
Fibroblasts,Macrophage islands,NRG4,0.2508189,0.1728901,0.801954127095517,0.9995375449833881
Fibroblasts,Macrophage islands,TAP1,0.51802963,0.17248292,0.60443757761443,0.9995375449833881
Fibroblasts,Macrophage islands,SNAI2,-0.7105986,-0.17240612,0.47733300240833376,0.9995375449833881
Fibroblasts,Macrophage islands,PRF1,-0.21488361,-0.17215225,0.8298580618991293,0.9995375449833881
Fibroblasts,Macrophage islands,P2RX5,-0.12759201,-0.17089094,0.8984718525035731,0.9995375449833881
Fibroblasts,Macrophage islands,ATF3,-0.6708452,-0.17026654,0.5023191496800768,0.9995375449833881
Fibroblasts,Macrophage islands,PTGS2,-0.24392164,-0.16991973,0.8072915054152472,0.9995375449833881
Fibroblasts,Macrophage islands,MAF,0.64037263,0.16963513,0.5219303568355622,0.9995375449833881
Fibroblasts,Macrophage islands,FGF1,0.3795955,0.16857818,0.7042457204014103,0.9995375449833881
Fibroblasts,Macrophage islands,CFLAR,-0.5180043,-0.1681827,0.6044552696555785,0.9995375449833881
Fibroblasts,Macrophage islands,FZD3,-0.17586194,-0.16808994,0.8604024026502732,0.9995375449833881
Fibroblasts,Macrophage islands,MYC,0.27036235,0.16722794,0.7868815114930968,0.9995375449833881
Fibroblasts,Macrophage islands,S100P,0.19693407,0.16706382,0.843879123759808,0.9995375449833881
Fibroblasts,Macrophage islands,DUSP1,-1.0610583,-0.16604431,0.28866343054604937,0.9995375449833881
Fibroblasts,Macrophage islands,RYK,0.5376057,0.16573204,0.590849297255392,0.9995375449833881
Fibroblasts,Macrophage islands,SERPINB5,-0.426833,-0.16545765,0.6695009741727183,0.9995375449833881
Fibroblasts,Macrophage islands,CXCL1,-0.1649763,-0.16470549,0.8689626318584596,0.9995375449833881
Fibroblasts,Macrophage islands,RPS4Y1,-0.15803196,-0.16463973,0.8744316179795417,0.9995375449833881
Fibroblasts,Macrophage islands,SOD1,0.50633985,0.16456729,0.6126181133456996,0.9995375449833881
Fibroblasts,Macrophage islands,MMP1,-0.2926154,-0.16420965,0.7698161329878607,0.9995375449833881
Fibroblasts,Macrophage islands,POU5F1,0.123194285,0.16315879,0.9019532497127192,0.9995375449833881
Fibroblasts,Macrophage islands,MX1,0.6682225,0.16280597,0.5039915730557598,0.9995375449833881
Fibroblasts,Macrophage islands,CLEC12A,-0.18163261,-0.16199385,0.8558710616355856,0.9995375449833881
Fibroblasts,Macrophage islands,EPHA7,-0.12166921,-0.16123858,0.903160998625587,0.9995375449833881
Fibroblasts,Macrophage islands,ACVRL1,0.30475444,0.16108613,0.7605531845280233,0.9995375449833881
Fibroblasts,Macrophage islands,TIGIT,0.1672114,0.1602093,0.8672037197624465,0.9995375449833881
Fibroblasts,Macrophage islands,IL3RA,-0.08006469,-0.15959306,0.9361858024508853,0.9995375449833881
Fibroblasts,Macrophage islands,PPARG,0.23866539,0.15931286,0.8113650606545154,0.9995375449833881
Fibroblasts,Macrophage islands,BECN1,0.28652596,0.1587334,0.7744753032534782,0.9995375449833881
Fibroblasts,Macrophage islands,SEC23A,-0.73835063,-0.15844473,0.4603013918914254,0.9995375449833881
Fibroblasts,Macrophage islands,IGHA1,-0.3427799,-0.15806176,0.7317640365338929,0.9995375449833881
Fibroblasts,Macrophage islands,BGN,-2.473105,-0.15797569,0.013394477580968865,0.27953692342891545
Fibroblasts,Macrophage islands,VSIR,-0.34351167,-0.15747307,0.7312135686068143,0.9995375449833881
Fibroblasts,Macrophage islands,CRYAB,0.517153,0.15668017,0.60504935155747,0.9995375449833881
Fibroblasts,Macrophage islands,COL21A1,-0.1253533,-0.15651153,0.9002438560225626,0.9995375449833881
Fibroblasts,Macrophage islands,IGHM,0.25574914,0.1559588,0.7981445510444741,0.9995375449833881
Fibroblasts,Macrophage islands,TNFRSF10A,0.06369095,0.15543371,0.9492163081611977,0.9995375449833881
Fibroblasts,Macrophage islands,CD3E,-0.22960912,-0.15533032,0.8183955260718045,0.9995375449833881
Fibroblasts,Macrophage islands,RGS5,0.29888597,0.15528086,0.7650270493933096,0.9995375449833881
Fibroblasts,Macrophage islands,TNFRSF10B,-0.4913064,-0.15502587,0.6232097483878085,0.9995375449833881
Fibroblasts,Macrophage islands,KRT14,-0.6532434,-0.15484102,0.5135993567031496,0.9995375449833881
Fibroblasts,Macrophage islands,BRCA1,0.27780297,0.15441434,0.7811636100425529,0.9995375449833881
Fibroblasts,Macrophage islands,HSP90AA1,-0.9008455,-0.15435268,0.3676704492848988,0.9995375449833881
Fibroblasts,Macrophage islands,TOX,-0.19464104,-0.1534305,0.8456739784758317,0.9995375449833881
Fibroblasts,Macrophage islands,CCL26,-0.22246915,-0.15260306,0.8239486892103556,0.9995375449833881
Fibroblasts,Macrophage islands,TNFSF15,-0.20758064,-0.15225936,0.8355564266837138,0.9995375449833881
Fibroblasts,Macrophage islands,CCL21,-0.3426676,-0.15197974,0.7318485265137242,0.9995375449833881
Fibroblasts,Macrophage islands,ADORA2A,0.09145024,0.151829,0.9271348431129969,0.9995375449833881
Fibroblasts,Macrophage islands,FN1,0.50832134,0.15179467,0.6112280118310253,0.9995375449833881
Fibroblasts,Macrophage islands,SIGIRR,0.12247703,0.15108451,0.902521236548331,0.9995375449833881
Fibroblasts,Macrophage islands,BMPR1A,0.48423526,0.15100959,0.6282189083867975,0.9995375449833881
Fibroblasts,Macrophage islands,RB1,0.4181752,0.15061137,0.6758190296114406,0.9995375449833881
Fibroblasts,Macrophage islands,CLOCK,0.2928871,0.15017246,0.7696084501716635,0.9995375449833881
Fibroblasts,Macrophage islands,TBX21,-0.18180649,-0.14948122,0.8557345969939736,0.9995375449833881
Fibroblasts,Macrophage islands,GPER1,-0.2753904,-0.14931276,0.7830163337647448,0.9995375449833881
Fibroblasts,Macrophage islands,FZD7,0.2530395,0.14868422,0.8002376897447246,0.9995375449833881
Fibroblasts,Macrophage islands,ADGRL1,-0.17417024,-0.14865208,0.8617316781794571,0.9995375449833881
Fibroblasts,Macrophage islands,H4C3,-0.56965405,-0.14845489,0.5689123729472163,0.9995375449833881
Fibroblasts,Macrophage islands,ARF1,0.70001,0.14721058,0.48392104699666993,0.9995375449833881
Fibroblasts,Macrophage islands,TLR7,0.11943775,0.14665455,0.9049285592915122,0.9995375449833881
Fibroblasts,Macrophage islands,IFNG,0.06703091,0.14653924,0.9465570984229805,0.9995375449833881
Fibroblasts,Macrophage islands,TLR2,-0.24607341,-0.14580737,0.8056254021998727,0.9995375449833881
Fibroblasts,Macrophage islands,EIF5A,0.9854601,0.14527243,0.324398117196701,0.9995375449833881
Fibroblasts,Macrophage islands,TNFSF10,0.26088586,0.14401478,0.7941805337892993,0.9995375449833881
Fibroblasts,Macrophage islands,FGG,0.15018198,0.14398041,0.880621043463761,0.9995375449833881
Fibroblasts,Macrophage islands,HSPA1A,-0.6906712,-0.14340931,0.4897721973307375,0.9995375449833881
Fibroblasts,Macrophage islands,IL12RB1,0.15969107,0.14300825,0.8731244396918713,0.9995375449833881
Fibroblasts,Macrophage islands,SREBF1,-0.27804568,-0.1423549,0.7809772934786732,0.9995375449833881
Fibroblasts,Macrophage islands,FGFR2,-0.2544233,-0.14197858,0.7991685536062842,0.9995375449833881
Fibroblasts,Macrophage islands,DST,-0.6055857,-0.14151566,0.5447899006108052,0.9995375449833881
Fibroblasts,Macrophage islands,JUNB,-1.2947282,-0.14141464,0.19541401081408116,0.9995375449833881
Fibroblasts,Macrophage islands,BST1,-0.2644975,-0.14139497,0.791396594156816,0.9995375449833881
Fibroblasts,Macrophage islands,CLEC4A,0.29789704,0.14053254,0.7657817556017239,0.9995375449833881
Fibroblasts,Macrophage islands,SOSTDC1,0.120202094,0.14032723,0.9043230588848975,0.9995375449833881
Fibroblasts,Macrophage islands,LEFTY1,-0.03580488,-0.1397329,0.9714379425886227,0.9995375449833881
Fibroblasts,Macrophage islands,B2M,2.1777582,0.1396537,0.029424040754197377,0.5044121272148122
Fibroblasts,Macrophage islands,VEGFC,0.28446478,0.1388745,0.776054232177833,0.9995375449833881
Fibroblasts,Macrophage islands,MMP3,-0.18119065,-0.13855533,0.8562179286556049,0.9995375449833881
Fibroblasts,Macrophage islands,IL15,-0.11531533,-0.13804469,0.9081951882160381,0.9995375449833881
Fibroblasts,Macrophage islands,MPO,0.17431876,0.13711748,0.8616149594492252,0.9995375449833881
Fibroblasts,Macrophage islands,PHLDA2,0.14208205,0.13600813,0.8870151974217065,0.9995375449833881
Fibroblasts,Macrophage islands,CD300A,-0.15939403,-0.13574661,0.8733584506312879,0.9995375449833881
Fibroblasts,Macrophage islands,ITGB4,0.19903514,0.13520116,0.8422352603206615,0.9995375449833881
Fibroblasts,Macrophage islands,MTOR,-0.29451722,-0.1332998,0.7683627008000213,0.9995375449833881
Fibroblasts,Macrophage islands,ELANE,0.08772992,0.13311456,0.9300913359074933,0.9995375449833881
Fibroblasts,Macrophage islands,GATA3,-0.10993952,-0.13261168,0.9124573351938811,0.9995375449833881
Fibroblasts,Macrophage islands,NOTCH1,0.41791436,0.1313736,0.6760097218719079,0.9995375449833881
Fibroblasts,Macrophage islands,SLC2A4,0.20649388,0.13101415,0.8364051436401585,0.9995375449833881
Fibroblasts,Macrophage islands,CD209,-0.1818898,-0.13060603,0.8556692092150763,0.9995375449833881
Fibroblasts,Macrophage islands,SUCNR1,-0.14491123,-0.13052408,0.8847809612027084,0.9995375449833881
Fibroblasts,Macrophage islands,CXCL8,0.094601825,0.12982549,0.9246311018142068,0.9995375449833881
Fibroblasts,Macrophage islands,RGS1,0.19010927,0.1295122,0.8492235036450279,0.9995375449833881
Fibroblasts,Macrophage islands,IL17RE,0.22938089,0.12924176,0.8185728851340244,0.9995375449833881
Fibroblasts,Macrophage islands,ETV5,-0.13736553,-0.12915246,0.8907418663916229,0.9995375449833881
Fibroblasts,Macrophage islands,EGF,-0.044263437,-0.12864104,0.9646944156046366,0.9995375449833881
Fibroblasts,Macrophage islands,COL1A1,-1.5902706,0.12807354,0.11177382473232687,0.9995375449833881
Fibroblasts,Macrophage islands,IFNL3,-0.087737165,-0.12739128,0.9300855774241901,0.9995375449833881
Fibroblasts,Macrophage islands,NLRP1,0.23227166,0.12700866,0.8163270259996107,0.9995375449833881
Fibroblasts,Macrophage islands,CD63,-0.93390816,-0.12643914,0.3503512579030964,0.9995375449833881
Fibroblasts,Macrophage islands,IL11RA,-0.26864526,-0.12633833,0.7882026730412603,0.9995375449833881
Fibroblasts,Macrophage islands,IL16,-0.45906606,-0.12507284,0.6461867157605338,0.9995375449833881
Fibroblasts,Macrophage islands,GPR183,-0.17432962,-0.1245442,0.8616064191729447,0.9995375449833881
Fibroblasts,Macrophage islands,ADGRG5,0.19665878,0.12332441,0.8440945771183492,0.9995375449833881
Fibroblasts,Macrophage islands,KRT5,0.1123014,0.12317702,0.9105844301848883,0.9995375449833881
Fibroblasts,Macrophage islands,PNOC,-0.18168332,-0.123137124,0.8558312590030602,0.9995375449833881
Fibroblasts,Macrophage islands,TYMS,-0.24144022,-0.12281735,0.8092139389149196,0.9995375449833881
Fibroblasts,Macrophage islands,CD47,0.3779726,0.12227545,0.705450955582928,0.9995375449833881
Fibroblasts,Macrophage islands,CDKN3,-0.037909556,-0.120938934,0.9697597932570177,0.9995375449833881
Fibroblasts,Macrophage islands,CDH5,0.15501441,0.120568074,0.8768099603727892,0.9995375449833881
Fibroblasts,Macrophage islands,TSC22D1,0.1853022,0.120108016,0.852992009643041,0.9995375449833881
Fibroblasts,Macrophage islands,KRT7,0.10153893,0.119472414,0.9191226573654065,0.9995375449833881
Fibroblasts,Macrophage islands,CD70,-0.21809678,-0.119451754,0.8273537078851839,0.9995375449833881
Fibroblasts,Macrophage islands,PTGDR2,-0.06645855,-0.11930085,0.9470127566934196,0.9995375449833881
Fibroblasts,Macrophage islands,PTGIS,0.570422,0.118009716,0.5683915083497795,0.9995375449833881
Fibroblasts,Macrophage islands,HBB,0.13790168,0.117045805,0.8903181279895223,0.9995375449833881
Fibroblasts,Macrophage islands,S100A6,1.2835636,0.11683632,0.1992946858714506,0.9995375449833881
Fibroblasts,Macrophage islands,COL4A2,-0.8423022,-0.11609614,0.39961883447509183,0.9995375449833881
Fibroblasts,Macrophage islands,RPL37,-0.7088127,-0.11595796,0.47844070517928594,0.9995375449833881
Fibroblasts,Macrophage islands,TM4SF1,-0.06318743,-0.11510351,0.9496172583446701,0.9995375449833881
Fibroblasts,Macrophage islands,OAS3,0.3107678,0.11486529,0.7559771476356978,0.9995375449833881
Fibroblasts,Macrophage islands,HDAC5,0.22111432,0.11486242,0.8250034143375125,0.9995375449833881
Fibroblasts,Macrophage islands,CD38,0.16683465,0.11426171,0.8675001518306377,0.9995375449833881
Fibroblasts,Macrophage islands,LAMP2,-0.51342905,-0.114254385,0.6076512148679964,0.9995375449833881
Fibroblasts,Macrophage islands,ITGA6,0.017464116,-0.11403261,0.9860663597867058,0.9995375449833881
Fibroblasts,Macrophage islands,IL12RB2,-0.08138691,-0.11374603,0.93513425882314,0.9995375449833881
Fibroblasts,Macrophage islands,IGF2R,-0.36301887,-0.113252155,0.7165907856238937,0.9995375449833881
Fibroblasts,Macrophage islands,VEGFD,-0.2857399,-0.11306473,0.7750773510476172,0.9995375449833881
Fibroblasts,Macrophage islands,JAK2,0.40878564,0.1130543,0.6826969699248184,0.9995375449833881
Fibroblasts,Macrophage islands,CCL4,0.22630538,0.112866,0.8209639117434857,0.9995375449833881
Fibroblasts,Macrophage islands,WNT7B,-0.23530732,-0.11284879,0.8139702154852053,0.9995375449833881
Fibroblasts,Macrophage islands,CCR2,-0.094888,-0.11280982,0.924403787186835,0.9995375449833881
Fibroblasts,Macrophage islands,FZD8,0.07117868,0.11269553,0.9432555495329632,0.9995375449833881
Fibroblasts,Macrophage islands,TNFRSF13B,0.0107624745,0.11227228,0.9914129537039629,0.9995375449833881
Fibroblasts,Macrophage islands,GZMH,0.12987782,0.11206114,0.8966630960589238,0.9995375449833881
Fibroblasts,Macrophage islands,SQSTM1,0.79292375,0.1112885,0.42782224698547944,0.9995375449833881
Fibroblasts,Macrophage islands,CTNNB1,0.7006476,0.11028152,0.4835229764257222,0.9995375449833881
Fibroblasts,Macrophage islands,PDGFD,-0.1484794,-0.11012628,0.8819644425072795,0.9995375449833881
Fibroblasts,Macrophage islands,NR1H2,0.45724759,0.110118896,0.6474931042137178,0.9995375449833881
Fibroblasts,Macrophage islands,RXRB,0.30800384,0.11007342,0.758079418668087,0.9995375449833881
Fibroblasts,Macrophage islands,CCL11,0.14060768,0.109573655,0.8881798748503953,0.9995375449833881
Fibroblasts,Macrophage islands,IFNL2,-0.15413052,-0.10955271,0.877506829343323,0.9995375449833881
Fibroblasts,Macrophage islands,FOXF1,-0.40339535,-0.10886871,0.6866574003301711,0.9995375449833881
Fibroblasts,Macrophage islands,ACE2,0.14202408,0.10880195,0.8870609786761887,0.9995375449833881
Fibroblasts,Macrophage islands,GPBAR1,-0.12518667,-0.108104505,0.900375772719883,0.9995375449833881
Fibroblasts,Macrophage islands,APOA1,-0.040822055,-0.107108176,0.9674377573764923,0.9995375449833881
Fibroblasts,Macrophage islands,IL17RB,0.16632025,0.106459714,0.8679049256961012,0.9995375449833881
Fibroblasts,Macrophage islands,IL18R1,0.19433674,0.10574633,0.8459122186650636,0.9995375449833881
Fibroblasts,Macrophage islands,EPHB6,-0.168501,-0.10553214,0.8661891516021394,0.9995375449833881
Fibroblasts,Macrophage islands,CTSG,-0.16624418,-0.10499845,0.8679647895618829,0.9995375449833881
Fibroblasts,Macrophage islands,BMP6,-0.08809942,-0.10427685,0.9297976579323122,0.9995375449833881
Fibroblasts,Macrophage islands,BTG1,0.29231837,0.10422874,0.7700432184280637,0.9995375449833881
Fibroblasts,Macrophage islands,FZD4,-0.27546284,-0.10393233,0.7829606784321225,0.9995375449833881
Fibroblasts,Macrophage islands,IFNA1,0.16492197,0.10352977,0.8690054012041466,0.9995375449833881
Fibroblasts,Macrophage islands,CD274,0.12346235,0.10348688,0.9017409846722636,0.9995375449833881
Fibroblasts,Macrophage islands,CMKLR1,-0.055696078,-0.10334589,0.9555839254477138,0.9995375449833881
Fibroblasts,Macrophage islands,EMP3,-0.28851473,-0.10229702,0.7729527562897616,0.9995375449833881
Fibroblasts,Macrophage islands,IL23A,0.19678555,0.102225244,0.8439953537268737,0.9995375449833881
Fibroblasts,Macrophage islands,LUM,-1.4279387,-0.10212572,0.1533094985050418,0.9995375449833881
Fibroblasts,Macrophage islands,THBS2,-1.2822632,-0.10168823,0.19975035392696872,0.9995375449833881
Fibroblasts,Macrophage islands,CCL8,0.044133026,0.10146541,0.9647983664064232,0.9995375449833881
Fibroblasts,Macrophage islands,GSN,0.9774073,0.101309866,0.3283675651250464,0.9995375449833881
Fibroblasts,Macrophage islands,IGFBP3,0.445181,0.10051629,0.6561889558781426,0.9995375449833881
Fibroblasts,Macrophage islands,EPHB2,-0.22771454,-0.09997568,0.8198681686508722,0.9995375449833881
Fibroblasts,Macrophage islands,TOP2A,0.010269813,-0.099396884,0.9918060187511261,0.9995375449833881
Fibroblasts,Macrophage islands,TLR3,-0.124621555,-0.09928248,0.9008231628585058,0.9995375449833881
Fibroblasts,Macrophage islands,KRT86,0.13507612,0.098281875,0.8925516935991871,0.9995375449833881
Fibroblasts,Macrophage islands,BATF3,0.0023328958,-0.09813702,0.9981386201423158,0.9995375449833881
Fibroblasts,Macrophage islands,EFNA5,-0.14759913,-0.09727785,0.882659141835999,0.9995375449833881
Fibroblasts,Macrophage islands,MS4A4A,0.10722989,0.096962385,0.9146066038168313,0.9995375449833881
Fibroblasts,Macrophage islands,ENG,-0.57377285,-0.096825406,0.5661215398624424,0.9995375449833881
Fibroblasts,Macrophage islands,TSHZ2,0.38977474,0.09609502,0.6967031349343177,0.9995375449833881
Fibroblasts,Macrophage islands,PPARD,-0.15381898,-0.09582334,0.8777524697518913,0.9995375449833881
Fibroblasts,Macrophage islands,CD34,0.25202158,0.09474789,0.8010243876544973,0.9995375449833881
Fibroblasts,Macrophage islands,BID,-0.16229565,-0.09422192,0.8710730408865696,0.9995375449833881
Fibroblasts,Macrophage islands,LIFR,0.13133769,0.094181456,0.8955081801503171,0.9995375449833881
Fibroblasts,Macrophage islands,CLDN4,-0.2280623,-0.09411173,0.8195978079078854,0.9995375449833881
Fibroblasts,Macrophage islands,MYH11,-0.10648365,-0.09217006,0.9151986250450383,0.9995375449833881
Fibroblasts,Macrophage islands,SFN,0.12530258,0.09216278,0.9002840042910865,0.9995375449833881
Fibroblasts,Macrophage islands,IL15RA,0.6098313,0.09210883,0.541973578142568,0.9995375449833881
Fibroblasts,Macrophage islands,AXL,0.29256833,0.09208255,0.7698521330220941,0.9995375449833881
Fibroblasts,Macrophage islands,RAC1,0.52016693,0.091149785,0.6029472274091049,0.9995375449833881
Fibroblasts,Macrophage islands,STMN1,-0.19937202,-0.09092128,0.8419717390767848,0.9995375449833881
Fibroblasts,Macrophage islands,ERBB3,0.09313471,0.090907164,0.9257965452023027,0.9995375449833881
Fibroblasts,Macrophage islands,CHEK1,0.19553217,0.090889916,0.8449763563111619,0.9995375449833881
Fibroblasts,Macrophage islands,OXER1,0.12252775,0.090879,0.902481074220258,0.9995375449833881
Fibroblasts,Macrophage islands,AZU1,-0.65686595,-0.08868976,0.511267122017218,0.9995375449833881
Fibroblasts,Macrophage islands,ESR1,-0.256854,-0.088336274,0.7972914806980699,0.9995375449833881
Fibroblasts,Macrophage islands,NRIP3,0.105943896,0.087428235,0.9156268639129408,0.9995375449833881
Fibroblasts,Macrophage islands,HSPB1,-0.5830754,-0.08733492,0.5598425238481193,0.9995375449833881
Fibroblasts,Macrophage islands,CD86,-0.03664168,-0.08716364,0.9707707110300036,0.9995375449833881
Fibroblasts,Macrophage islands,CRP,0.19333693,0.08649772,0.8466951069404574,0.9995375449833881
Fibroblasts,Macrophage islands,MXRA8,-0.5217101,-0.08493409,0.6018721732404908,0.9995375449833881
Fibroblasts,Macrophage islands,CCL4L2,0.20509197,0.084505096,0.8375002697254601,0.9995375449833881
Fibroblasts,Macrophage islands,XCL2,-0.016587468,-0.08348491,0.9867657216440859,0.9995375449833881
Fibroblasts,Macrophage islands,NTRK2,0.03392842,-0.08262843,0.9729342307866301,0.9995375449833881
Fibroblasts,Macrophage islands,PDGFA,0.20008203,0.0825854,0.8414164189644352,0.9995375449833881
Fibroblasts,Macrophage islands,KRT17,-0.14188643,-0.08233949,0.8871697106656944,0.9995375449833881
Fibroblasts,Macrophage islands,IL32,0.6241402,0.08229628,0.5325355211871736,0.9995375449833881
Fibroblasts,Macrophage islands,TNF,0.068744354,0.08193157,0.945193112615664,0.9995375449833881
Fibroblasts,Macrophage islands,CXCL12,0.56787175,0.08189481,0.5701220498044767,0.9995375449833881
Fibroblasts,Macrophage islands,HLA.E,0.53342533,0.081755206,0.5937391939357533,0.9995375449833881
Fibroblasts,Macrophage islands,GLUD1,0.11125812,0.08162621,0.911411665015491,0.9995375449833881
Fibroblasts,Macrophage islands,COL1A2,-1.2900624,0.081587955,0.19702899306370403,0.9995375449833881
Fibroblasts,Macrophage islands,TNFAIP6,-0.23988979,-0.081117086,0.8104156945664788,0.9995375449833881
Fibroblasts,Macrophage islands,IL12A,0.10884915,0.08056904,0.9133221385842712,0.9995375449833881
Fibroblasts,Macrophage islands,CLEC2D,0.1006333,0.07989839,0.9198415609228302,0.9995375449833881
Fibroblasts,Macrophage islands,BMP5,-0.3693148,-0.07963806,0.711893099595224,0.9995375449833881
Fibroblasts,Macrophage islands,NR1H3,0.0024451935,0.07945283,0.9980490197335767,0.9995375449833881
Fibroblasts,Macrophage islands,HDAC11,-0.17158376,-0.07943835,0.8637647741021439,0.9995375449833881
Fibroblasts,Macrophage islands,APOB,-0.039296977,-0.0794161,0.9686536161141835,0.9995375449833881
Fibroblasts,Macrophage islands,TNFRSF1A,0.48629287,0.07911031,0.6267595440850577,0.9995375449833881
Fibroblasts,Macrophage islands,TYK2,0.70999366,0.07873725,0.477708071043875,0.9995375449833881
Fibroblasts,Macrophage islands,SOX2,0.10329947,0.0771445,0.917725298538368,0.9995375449833881
Fibroblasts,Macrophage islands,COL4A5,-0.20569693,-0.07707686,0.8370276571897609,0.9995375449833881
Fibroblasts,Macrophage islands,KRT24,0.04523789,0.076849766,0.9639176912273121,0.9995375449833881
Fibroblasts,Macrophage islands,IGFBP6,0.032175124,0.07679991,0.9743323932125612,0.9995375449833881
Fibroblasts,Macrophage islands,GDF3,-0.0041441503,0.07632233,0.9966934559105165,0.9995375449833881
Fibroblasts,Macrophage islands,CD40LG,-0.015790517,-0.07577112,0.9874015139899095,0.9995375449833881
Fibroblasts,Macrophage islands,HSD17B2,0.0587897,0.07572888,0.9531196134136438,0.9995375449833881
Fibroblasts,Macrophage islands,JCHAIN,0.037514705,0.07538165,0.9700746168012921,0.9995375449833881
Fibroblasts,Macrophage islands,CCL15,-0.12008617,-0.07525789,0.9044148847605145,0.9995375449833881
Fibroblasts,Macrophage islands,TNFRSF4,-0.040376484,-0.075120606,0.9677929768125877,0.9995375449833881
Fibroblasts,Macrophage islands,RSPO1,0.10887813,0.07491353,0.9132991524442371,0.9995375449833881
Fibroblasts,Macrophage islands,CEACAM1,-0.014218348,-0.0748223,0.9886557819670462,0.9995375449833881
Fibroblasts,Macrophage islands,IL13RA1,0.13492034,0.07440026,0.892674851020476,0.9995375449833881
Fibroblasts,Macrophage islands,CD276,0.37978747,0.074347295,0.704103185821381,0.9995375449833881
Fibroblasts,Macrophage islands,HIF1A,-0.2517354,-0.073892385,0.8012455953358995,0.9995375449833881
Fibroblasts,Macrophage islands,TUBB,0.45994273,0.07370725,0.6455573320614714,0.9995375449833881
Fibroblasts,Macrophage islands,MIF,-0.47800818,-0.07319042,0.6326443849021981,0.9995375449833881
Fibroblasts,Macrophage islands,RPL21,0.6060675,0.072124764,0.5444699355768023,0.9995375449833881
Fibroblasts,Macrophage islands,GDF9,-0.050715126,-0.072082005,0.9595525231706584,0.9995375449833881
Fibroblasts,Macrophage islands,KLK3,0.14180312,0.071915634,0.8872355231648619,0.9995375449833881
Fibroblasts,Macrophage islands,CDH1,-0.04216238,-0.071890384,0.9663692503396869,0.9995375449833881
Fibroblasts,Macrophage islands,CAV1,-0.18203108,-0.07162647,0.8555583365505687,0.9995375449833881
Fibroblasts,Macrophage islands,KRT20,-0.030461678,-0.07117516,0.9756988554585603,0.9995375449833881
Fibroblasts,Macrophage islands,CD5L,0.15198961,0.07109514,0.879195129827349,0.9995375449833881
Fibroblasts,Macrophage islands,RARRES2,0.57995284,0.07077181,0.5619464304732575,0.9995375449833881
Fibroblasts,Macrophage islands,EPHB3,-0.24008903,-0.070617594,0.8102612382590461,0.9995375449833881
Fibroblasts,Macrophage islands,CCND1,-0.2518658,-0.07055907,0.8011447898580533,0.9995375449833881
Fibroblasts,Macrophage islands,ADGRB3,-0.16511758,-0.07022899,0.8688514333542954,0.9995375449833881
Fibroblasts,Macrophage islands,TNFRSF14,-0.2364303,-0.06974889,0.8130987896750923,0.9995375449833881
Fibroblasts,Macrophage islands,RARB,0.019087,0.06933668,0.9847717020330669,0.9995375449833881
Fibroblasts,Macrophage islands,PDCD1,0.03603672,0.06900981,0.9712530798750484,0.9995375449833881
Fibroblasts,Macrophage islands,PLA2R1,-0.18033212,-0.068757184,0.8568918398230668,0.9995375449833881
Fibroblasts,Macrophage islands,ATG12,-0.10259308,-0.068527006,0.9182859369202366,0.9995375449833881
Fibroblasts,Macrophage islands,GDF6,-0.026947845,-0.06824109,0.9785013329053897,0.9995375449833881
Fibroblasts,Macrophage islands,KRT6A,-0.21202545,-0.06815453,0.8320871773096105,0.9995375449833881
Fibroblasts,Macrophage islands,KDR,0.16142263,0.06786991,0.8717605487341306,0.9995375449833881
Fibroblasts,Macrophage islands,TXK,0.09621384,0.06775051,0.9233507394942235,0.9995375449833881
Fibroblasts,Macrophage islands,EFNA1,-0.11958989,-0.06759288,0.9048080287264606,0.9995375449833881
Fibroblasts,Macrophage islands,NPPC,0.2968139,0.06755584,0.7666085937153315,0.9995375449833881
Fibroblasts,Macrophage islands,KRT6B,-0.07684428,-0.06754496,0.938747421514329,0.9995375449833881
Fibroblasts,Macrophage islands,SLPI,-0.10790005,-0.06690042,0.9140749746312987,0.9995375449833881
Fibroblasts,Macrophage islands,SOD2,0.44073617,0.06654923,0.6594039993490162,0.9995375449833881
Fibroblasts,Macrophage islands,BMP4,-0.053931914,-0.06622684,0.9569894097736823,0.9995375449833881
Fibroblasts,Macrophage islands,CD55,-0.20766395,-0.064651474,0.8354913662726684,0.9995375449833881
Fibroblasts,Macrophage islands,CALM1,-0.102484405,-0.06458471,0.9183721925922437,0.9995375449833881
Fibroblasts,Macrophage islands,HDAC3,0.21876694,0.062944755,0.8268315995525461,0.9995375449833881
Fibroblasts,Macrophage islands,AR,-0.015710821,0.062120225,0.9874650936712105,0.9995375449833881
Fibroblasts,Macrophage islands,SERPINA3,0.1640743,0.061984617,0.8696726525462715,0.9995375449833881
Fibroblasts,Macrophage islands,ADGRA2,-0.14612477,-0.061052028,0.8838228936790959,0.9995375449833881
Fibroblasts,Macrophage islands,JAG1,-0.24431288,-0.06046186,0.8069885122845208,0.9995375449833881
Fibroblasts,Macrophage islands,CD2,0.11490598,0.060417663,0.9085196403803178,0.9995375449833881
Fibroblasts,Macrophage islands,ADGRE5,-0.0018184995,-0.060031146,0.9985490481038439,0.9995375449833881
Fibroblasts,Macrophage islands,ADGRG6,0.19349994,0.05988086,0.8465674517665598,0.9995375449833881
Fibroblasts,Macrophage islands,NR1H4,-0.005665604,-0.058951974,0.9954795261433652,0.9995375449833881
Fibroblasts,Macrophage islands,RGCC,-0.17386232,-0.05884435,0.8619736656504229,0.9995375449833881
Fibroblasts,Macrophage islands,RARRES1,0.31805992,0.057823893,0.7504394897649693,0.9995375449833881
Fibroblasts,Macrophage islands,TNFRSF11A,0.06734969,0.057579793,0.9463033216399082,0.9995375449833881
Fibroblasts,Macrophage islands,CYSTM1,0.08713583,0.05754226,0.9305635439661899,0.9995375449833881
Fibroblasts,Macrophage islands,CHEK2,0.13162386,0.057539817,0.8952818081232174,0.9995375449833881
Fibroblasts,Macrophage islands,KRT16,0.021677094,0.0566874,0.9827055358553494,0.9995375449833881
Fibroblasts,Macrophage islands,ARG1,-0.009389543,-0.056038536,0.9925083383934702,0.9995375449833881
Fibroblasts,Macrophage islands,FKBP11,0.25458995,0.055978343,0.799039834814247,0.9995375449833881
Fibroblasts,Macrophage islands,SMARCB1,0.20058557,0.0554213,0.8410226427997609,0.9995375449833881
Fibroblasts,Macrophage islands,MMP10,-0.058191985,-0.055147108,0.9535957050749083,0.9995375449833881
Fibroblasts,Macrophage islands,FZD1,-0.33744395,-0.05496943,0.7357822506525967,0.9995375449833881
Fibroblasts,Macrophage islands,IL1R2,0.07296095,0.05480194,0.9418371887761285,0.9995375449833881
Fibroblasts,Macrophage islands,CD81,-0.3210847,-0.053701892,0.7481461976179176,0.9995375449833881
Fibroblasts,Macrophage islands,CSHL1,-0.00057960144,-0.053019866,0.9995375449833881,0.9995375449833881
Fibroblasts,Macrophage islands,ATG10,0.059583027,0.052871287,0.9524877358022936,0.9995375449833881
Fibroblasts,Macrophage islands,IRF3,0.25790453,0.052490506,0.7964805891098939,0.9995375449833881
Fibroblasts,Macrophage islands,STAT3,0.26583058,0.051869713,0.7903696915039897,0.9995375449833881
Fibroblasts,Macrophage islands,MMP19,-0.14444755,-0.051558644,0.8851470733589024,0.9995375449833881
Fibroblasts,Macrophage islands,FYN,0.10500567,0.051527545,0.9163713104894611,0.9995375449833881
Fibroblasts,Macrophage islands,IFITM1,0.29310808,0.05046551,0.769439547000108,0.9995375449833881
Fibroblasts,Macrophage islands,LTBR,-0.23326422,-0.050428808,0.8155562381736666,0.9995375449833881
Fibroblasts,Macrophage islands,ACKR4,-0.013149708,0.049398556,0.9895083535842296,0.9995375449833881
Fibroblasts,Macrophage islands,RBPJ,-0.20830514,-0.048694853,0.8349907216754674,0.9995375449833881
Fibroblasts,Macrophage islands,CASR,0.10678432,0.046617143,0.9149600865428348,0.9995375449833881
Fibroblasts,Macrophage islands,JAK1,-0.20658082,-0.0462197,0.836337239261263,0.9995375449833881
Fibroblasts,Macrophage islands,IGF1,0.23675632,0.046153735,0.8128458383698405,0.9995375449833881
Fibroblasts,Macrophage islands,ITK,0.035815746,-0.04534404,0.9714292771145663,0.9995375449833881
Fibroblasts,Macrophage islands,COL8A1,-0.36885113,-0.045088347,0.7122387039627749,0.9995375449833881
Fibroblasts,Macrophage islands,LGALS1,-0.54449934,-0.044791255,0.5860979091475373,0.9995375449833881
Fibroblasts,Macrophage islands,RELA,0.14843956,0.044032004,0.8819958878440057,0.9995375449833881
Fibroblasts,Macrophage islands,KRT8,-0.13829291,-0.04379664,0.8900089332442771,0.9995375449833881
Fibroblasts,Macrophage islands,CX3CR1,0.104538366,0.04368026,0.9167421240259449,0.9995375449833881
Fibroblasts,Macrophage islands,IRF4,0.0026625441,-0.042983472,0.997875599658524,0.9995375449833881
Fibroblasts,Macrophage islands,VTN,-0.045611013,-0.04267484,0.9636202927768804,0.9995375449833881
Fibroblasts,Macrophage islands,NLRP3,0.0046368116,0.04172579,0.9963003729169785,0.9995375449833881
Fibroblasts,Macrophage islands,FAS,0.32763782,0.041255392,0.7431855166626746,0.9995375449833881
Fibroblasts,Macrophage islands,IL1R1,-0.27715817,-0.04109303,0.7816586613125951,0.9995375449833881
Fibroblasts,Macrophage islands,NPR2,-0.078749724,-0.04105176,0.9372316946109498,0.9995375449833881
Fibroblasts,Macrophage islands,EPHA2,-0.06940365,-0.04097085,0.9446683234504946,0.9995375449833881
Fibroblasts,Macrophage islands,ACVR1B,0.17733268,0.040852025,0.8592470795802734,0.9995375449833881
Fibroblasts,Macrophage islands,GDNF,0.045947906,0.04079245,0.9633517723092286,0.9995375449833881
Fibroblasts,Macrophage islands,PDGFC,-0.095445864,-0.040421084,0.9239606852946798,0.9995375449833881
Fibroblasts,Macrophage islands,KRT19,-0.050852783,-0.040006116,0.9594428316371676,0.9995375449833881
Fibroblasts,Macrophage islands,NPR1,-0.0018112545,0.039593,0.9985548287823551,0.9995375449833881
Fibroblasts,Macrophage islands,TLR5,-0.05808331,-0.039262503,0.9536822689792558,0.9995375449833881
Fibroblasts,Macrophage islands,GZMB,-0.020727996,-0.0392013,0.9834626357635672,0.9995375449833881
Fibroblasts,Macrophage islands,INSR,-0.035917178,-0.038734604,0.9713483995194898,0.9995375449833881
Fibroblasts,Macrophage islands,DNMT1,0.22434923,0.03857355,0.8224855735683259,0.9995375449833881
Fibroblasts,Macrophage islands,BMX,-0.04215876,-0.03848956,0.9663721381160306,0.9995375449833881
Fibroblasts,Macrophage islands,BAG3,0.107842095,0.038371406,0.9141209518564949,0.9995375449833881
Fibroblasts,Macrophage islands,MECOM,-0.062060826,-0.0381614,0.9505143943747623,0.9995375449833881
Fibroblasts,Macrophage islands,IL11,-0.007552931,0.03728868,0.9939736900243381,0.9995375449833881
Fibroblasts,Macrophage islands,CXCR6,-0.036648925,-0.0372847,0.9707649342220492,0.9995375449833881
Fibroblasts,Macrophage islands,KLRB1,0.15302202,0.03707739,0.878380905710302,0.9995375449833881
Fibroblasts,Macrophage islands,BEST1,0.07415638,0.03624377,0.9408859523039147,0.9995375449833881
Fibroblasts,Macrophage islands,TNFRSF11B,0.1779956,0.035928745,0.8587264288712543,0.9995375449833881
Fibroblasts,Macrophage islands,BST2,0.1367968,0.035917297,0.891191406779011,0.9995375449833881
Fibroblasts,Macrophage islands,RPL22,-0.16495095,-0.035150066,0.8689825908387423,0.9995375449833881
Fibroblasts,Macrophage islands,ADGRL4,-0.023079004,-0.034097306,0.9815872528531603,0.9995375449833881
Fibroblasts,Macrophage islands,CXCL17,-0.080350876,-0.033881407,0.9359581985738765,0.9995375449833881
Fibroblasts,Macrophage islands,PTPRCAP,0.1164854,0.0337747,0.9072678564893496,0.9995375449833881
Fibroblasts,Macrophage islands,TLR1,0.096166745,0.033389226,0.9233881405376344,0.9995375449833881
Fibroblasts,Macrophage islands,STAT6,0.10889987,0.032753233,0.9132819128868068,0.9995375449833881
Fibroblasts,Macrophage islands,GSTP1,-0.18516454,-0.032593664,0.8530999745230092,0.9995375449833881
Fibroblasts,Macrophage islands,IL1B,0.06137617,0.031765766,0.9510596299452722,0.9995375449833881
Fibroblasts,Macrophage islands,CD8B,0.039275244,0.031696055,0.968670944800582,0.9995375449833881
Fibroblasts,Macrophage islands,OSMR,-0.15555778,-0.030935423,0.876381604671506,0.9995375449833881
Fibroblasts,Macrophage islands,ADGRV1,-0.040619195,0.030610967,0.9675994825016818,0.9995375449833881
Fibroblasts,Macrophage islands,FGF7,0.11029091,0.030522933,0.9121786664372055,0.9995375449833881
Fibroblasts,Macrophage islands,TNFSF9,-0.0061727553,0.030396385,0.9950748850742138,0.9995375449833881
Fibroblasts,Macrophage islands,IGHD,0.06487551,-0.029409122,0.9482731165292525,0.9995375449833881
Fibroblasts,Macrophage islands,ICAM3,-0.03140715,-0.028640183,0.9749448365595674,0.9995375449833881
Fibroblasts,Macrophage islands,ACKR3,0.17155115,0.027076233,0.863790407149007,0.9995375449833881
Fibroblasts,Macrophage islands,ADGRL2,-0.064661786,-0.02658567,0.9484432895152886,0.9995375449833881
Fibroblasts,Macrophage islands,PDGFRA,0.11521752,0.026401373,0.9082727107940228,0.9995375449833881
Fibroblasts,Macrophage islands,WNT5B,0.08891086,0.026018295,0.929152751670117,0.9995375449833881
Fibroblasts,Macrophage islands,YES1,-0.0069189924,0.025920482,0.9944794869768874,0.9995375449833881
Fibroblasts,Macrophage islands,PLAC8,0.1434586,0.025855353,0.8859280037695928,0.9995375449833881
Fibroblasts,Macrophage islands,LPAR5,0.08526662,0.02570287,0.9320494304427189,0.9995375449833881
Fibroblasts,Macrophage islands,CXCL5,0.032852534,-0.02570265,0.9737921845080137,0.9995375449833881
Fibroblasts,Macrophage islands,CXCL6,0.033718314,-0.02558267,0.9731017748749098,0.9995375449833881
Fibroblasts,Macrophage islands,RAMP1,-0.06675922,-0.025411591,0.9467733897353365,0.9995375449833881
Fibroblasts,Macrophage islands,CD8A,-0.046940472,-0.02539648,0.9625606717683584,0.9995375449833881
Fibroblasts,Macrophage islands,LGALS3BP,0.18119065,0.02537777,0.8562179286556049,0.9995375449833881
Fibroblasts,Macrophage islands,SERPINH1,0.14376289,0.025156848,0.8856877056534103,0.9995375449833881
Fibroblasts,Macrophage islands,ANGPT2,0.03281631,0.024726806,0.9738210723719787,0.9995375449833881
Fibroblasts,Macrophage islands,FGF2,-0.22142586,-0.02427018,0.8247608559156231,0.9995375449833881
Fibroblasts,Macrophage islands,APP,-0.100267425,-0.023129828,0.9201320165752422,0.9995375449833881
Fibroblasts,Macrophage islands,CLEC1A,-0.095387906,-0.023004886,0.9240067207589796,0.9995375449833881
Fibroblasts,Macrophage islands,MAML2,0.09989069,0.02262839,0.9204311107579426,0.9995375449833881
Fibroblasts,Macrophage islands,TPSAB1,-0.041647986,-0.022047047,0.9667793189778981,0.9995375449833881
Fibroblasts,Macrophage islands,COL6A2,1.7361091,0.020651981,0.08254453128387544,0.9995375449833881
Fibroblasts,Macrophage islands,NOSIP,0.17145336,0.02056921,0.8638673071496885,0.9995375449833881
Fibroblasts,Macrophage islands,DDR2,0.046846285,0.019596562,0.9626357381322928,0.9995375449833881
Fibroblasts,Macrophage islands,PTGS1,0.032320026,0.019361699,0.9742168395501386,0.9995375449833881
Fibroblasts,Macrophage islands,SRC,0.1303741,0.019097246,0.896270457274775,0.9995375449833881
Fibroblasts,Macrophage islands,BMP1,-0.07917356,-0.018894348,0.9368945769577743,0.9995375449833881
Fibroblasts,Macrophage islands,HTT,0.049588528,0.018649245,0.9604502903673054,0.9995375449833881
Fibroblasts,Macrophage islands,COL16A1,0.48568428,0.01845016,0.627191035259338,0.9995375449833881
Fibroblasts,Macrophage islands,IL10,-0.024955465,-0.01788356,0.9800904866228523,0.9995375449833881
Fibroblasts,Macrophage islands,DUSP6,-0.026527634,-0.017843671,0.9788364929832348,0.9995375449833881
Fibroblasts,Macrophage islands,FCGBP,0.02015564,-0.017418012,0.9839192147069923,0.9995375449833881
Fibroblasts,Macrophage islands,IFIH1,0.06293023,0.01728178,0.9498220651656435,0.9995375449833881
Fibroblasts,Macrophage islands,ITM2A,0.06588981,0.016953992,0.9474655482195103,0.9995375449833881
Fibroblasts,Macrophage islands,MZT2A,-0.08688588,-0.016408017,0.9307622241845197,0.9995375449833881
Fibroblasts,Macrophage islands,CEACAM6,0.020463554,0.016352585,0.9836735861302597,0.9995375449833881
Fibroblasts,Macrophage islands,ADGRG2,0.057815243,0.01634572,0.9538957956107316,0.9995375449833881
Fibroblasts,Macrophage islands,TGFBR1,-0.110519126,-0.016335359,0.9119976811717216,0.9995375449833881
Fibroblasts,Macrophage islands,G6PC2,0.031983133,-0.01628396,0.9744855026446854,0.9995375449833881
Fibroblasts,Macrophage islands,IL20RA,-0.028766343,-0.016164342,0.9770509432825081,0.9995375449833881
Fibroblasts,Macrophage islands,CTLA4,0.030414585,0.015738992,0.9757364125287951,0.9995375449833881
Fibroblasts,Macrophage islands,RPL34,0.12727685,0.015544866,0.8987212789028436,0.9995375449833881
Fibroblasts,Macrophage islands,ADGRA3,0.023973765,0.015437174,0.9808735354504309,0.9995375449833881
Fibroblasts,Macrophage islands,BAX,-0.13506888,-0.014628315,0.8925574217939036,0.9995375449833881
Fibroblasts,Macrophage islands,WNT2B,0.016453436,0.014347523,0.9868726497798902,0.9995375449833881
Fibroblasts,Macrophage islands,SPARCL1,0.11045755,0.01426033,0.9120465180162727,0.9995375449833881
Fibroblasts,Macrophage islands,CENPF,-0.027476732,-0.014253471,0.9780794988987924,0.9995375449833881
Fibroblasts,Macrophage islands,EZR,0.034526132,0.0141652,0.9724576032990099,0.9995375449833881
Fibroblasts,Macrophage islands,C9orf16,0.046165254,0.014131715,0.9631785355017967,0.9995375449833881
Fibroblasts,Macrophage islands,FASLG,0.02746224,0.01393289,0.9780910559137285,0.9995375449833881
Fibroblasts,Macrophage islands,BIRC5,-0.06344462,0.013253155,0.9494124548521263,0.9995375449833881
Fibroblasts,Macrophage islands,DPP4,-0.04972618,-0.01299215,0.9603405926274453,0.9995375449833881
Fibroblasts,Macrophage islands,EPOR,0.038481914,-0.012678727,0.969303451911639,0.9995375449833881
Fibroblasts,Macrophage islands,CLEC4E,0.010965335,-0.012496182,0.991251103990755,0.9995375449833881
Fibroblasts,Macrophage islands,DUSP4,0.061039276,0.011883905,0.951327928890827,0.9995375449833881
Fibroblasts,Macrophage islands,IER3,-0.029016297,-0.011462644,0.9768515927630885,0.9995375449833881
Fibroblasts,Macrophage islands,CSF2,0.017790142,-0.01077347,0.9858062692366927,0.9995375449833881
Fibroblasts,Macrophage islands,NLRP2,0.03719592,0.010575453,0.9703287896728354,0.9995375449833881
Fibroblasts,Macrophage islands,NCR1,0.059423637,-0.009962503,0.9526146859969064,0.9995375449833881
Fibroblasts,Macrophage islands,OAS2,0.06529935,0.009746929,0.947935661831601,0.9995375449833881
Fibroblasts,Macrophage islands,MMP9,0.0061292853,0.009731681,0.9951095685462673,0.9995375449833881
Fibroblasts,Macrophage islands,EOMES,0.039253507,0.009486765,0.9686882735017732,0.9995375449833881
Fibroblasts,Macrophage islands,AHI1,0.029009052,0.008329735,0.9768573710187272,0.9995375449833881
Fibroblasts,Macrophage islands,TWIST2,-0.083658226,-0.008036088,0.9333281736903349,0.9995375449833881
Fibroblasts,Macrophage islands,COL11A1,0.011747797,0.0070412452,0.9906268299574024,0.9995375449833881
Fibroblasts,Macrophage islands,FASN,0.023568043,0.0070346,0.9811971625313542,0.9995375449833881
Fibroblasts,Macrophage islands,IL2RB,0.041169815,0.006962467,0.9671605174242714,0.9995375449833881
Fibroblasts,Macrophage islands,HSP90B1,0.0042890506,-0.006005893,0.9965778431777771,0.9995375449833881
Fibroblasts,Macrophage islands,IL36G,0.11049015,-0.0057852934,0.912020663174823,0.9995375449833881
Fibroblasts,Macrophage islands,KRT18,-0.12096644,-0.0054325005,0.9037176141069215,0.9995375449833881
Fibroblasts,Macrophage islands,IL2RG,0.00489401,0.005405561,0.9960951608225408,0.9995375449833881
Fibroblasts,Macrophage islands,DDIT3,0.024618572,0.004968037,0.9803592060522507,0.9995375449833881
Fibroblasts,Macrophage islands,INHBB,-0.0052816183,0.00493586,0.9957858980175931,0.9995375449833881
Fibroblasts,Macrophage islands,CD4,-0.010650177,-0.0047475896,0.9915025492332921,0.9995375449833881
Fibroblasts,Macrophage islands,FLT3LG,-0.0039014423,0.0044995067,0.9968871073921634,0.9995375449833881
Fibroblasts,Macrophage islands,VCAN,-0.13006619,0.0043353606,0.8965140622943423,0.9995375449833881
Fibroblasts,Macrophage islands,B3GNT7,0.012515768,-0.004299617,0.9900141221320138,0.9995375449833881
Fibroblasts,Macrophage islands,COL9A3,-0.059347566,-0.0041032736,0.9526752762866053,0.9995375449833881
Fibroblasts,Macrophage islands,IL17B,-0.05252638,-0.0032953534,0.95810927555396,0.9995375449833881
Fibroblasts,Macrophage islands,NDRG1,0.041300226,-0.0028969094,0.9670565534637222,0.9995375449833881
Fibroblasts,Macrophage islands,ATM,0.12389343,0.0028040023,0.901399654277893,0.9995375449833881
Fibroblasts,Macrophage islands,ST6GALNAC3,0.057543557,-0.0024369487,0.9541122111138616,0.9995375449833881
Fibroblasts,Macrophage islands,TNFRSF18,0.09777514,0.0020844578,0.9221108474973297,0.9995375449833881
Fibroblasts,Macrophage islands,CIDEA,0.05847816,0.001532107,0.9533677560816293,0.9995375449833881
Fibroblasts,Macrophage islands,CLEC2B,0.03716332,-0.0013254391,0.9703547847959203,0.9995375449833881
Fibroblasts,Macrophage islands,VHL,-0.06911385,0.0010432459,0.9448989970623213,0.9995375449833881
Fibroblasts,Macrophage islands,COL27A1,0.042702135,-0.0006348292,0.9659389766141797,0.9995375449833881
Fibroblasts,Tumor core,PTGDS,-15.425431,-3.864609,1.1041517930870978e-53,5.29992860681807e-51
Fibroblasts,Tumor core,IGKC,-7.4598484,-3.1243317,8.662195859025331e-14,5.543805349776212e-12
Fibroblasts,Tumor core,IGFBP5,13.689151,2.9394672,1.1787875640120232e-42,3.772120204838474e-40
Fibroblasts,Tumor core,IGHG1,-5.3291817,-2.4796278,9.865621316164446e-08,3.26586084948892e-06
Fibroblasts,Tumor core,MMP1,4.198273,2.401329,2.689578022934277e-05,0.0005613032395688926
Fibroblasts,Tumor core,FN1,19.57161,2.238341,2.7002112316571337e-85,2.5922027823908485e-82
Fibroblasts,Tumor core,ADGRF1,-0.70415616,-2.220725,0.4813355248220639,0.999888528831445
Fibroblasts,Tumor core,FGF2,-1.1110181,-2.057991,0.26656057968094893,0.999888528831445
Fibroblasts,Tumor core,CFD,-2.6639802,-2.0443306,0.007722208154771761,0.0962768808906609
Fibroblasts,Tumor core,COL14A1,-8.823294,-2.0007882,1.11141208466807e-18,1.5242222875447818e-16
Fibroblasts,Tumor core,VEGFA,7.532942,1.7598717,4.960966738285856e-14,3.401805763396015e-12
Fibroblasts,Tumor core,CCL2,-4.3319173,-1.7366501,1.4781639292520746e-05,0.00033786604097190277
Fibroblasts,Tumor core,RGS2,5.8833737,1.7303705,4.01986322718811e-09,1.837651761000279e-07
Fibroblasts,Tumor core,SELENOP,-4.199008,-1.721211,2.6808666052783546e-05,0.0005613032395688926
Fibroblasts,Tumor core,LAMP3,-0.8115246,-1.6885087,0.41706444095065653,0.999888528831445
Fibroblasts,Tumor core,IGF1,-5.7367783,-1.5643166,9.64943594138143e-09,3.8597743765525716e-07
Fibroblasts,Tumor core,COL11A1,7.7912164,1.5509007,6.6367237696319e-15,5.792049835315113e-13
Fibroblasts,Tumor core,CTNNB1,7.592623,1.5083246,3.134929017229917e-14,2.5079432137839335e-12
Fibroblasts,Tumor core,LGALS1,9.4291725,1.4491023,4.133352680613867e-21,6.613364288982187e-19
Fibroblasts,Tumor core,HILPDA,7.54194,1.44318,4.630300380389137e-14,3.401805763396015e-12
Fibroblasts,Tumor core,P2RX5,-0.44403467,-1.4387561,0.6570175219600468,0.999888528831445
Fibroblasts,Tumor core,KLF2,4.2328124,1.4175687,2.3078699137032533e-05,0.0005035352538988917
Fibroblasts,Tumor core,SELPLG,-0.8756922,-1.4141622,0.38119738657171953,0.999888528831445
Fibroblasts,Tumor core,COL15A1,4.837672,1.4100848,1.3136860007441035e-06,3.5031626686509426e-05
Fibroblasts,Tumor core,COL21A1,-0.83372796,-1.4080205,0.4044343104319761,0.999888528831445
Fibroblasts,Tumor core,CD48,-1.0097709,-1.3772126,0.31260508344250737,0.999888528831445
Fibroblasts,Tumor core,TAGLN,7.903221,1.3751016,2.7178721595765183e-15,2.8990636368816194e-13
Fibroblasts,Tumor core,IGHG2,-2.186788,-1.3705965,0.028757989905404905,0.2936986203105182
Fibroblasts,Tumor core,SLC2A1,1.9431471,1.3503628,0.05199838698508541,0.44570045987216067
Fibroblasts,Tumor core,RGS5,-0.6618245,-1.3438766,0.5080836869960037,0.999888528831445
Fibroblasts,Tumor core,TNFRSF19,4.3808413,1.3382558,1.1822199971710097e-05,0.0002837327993210424
Fibroblasts,Tumor core,CLU,-1.8551204,-1.3374372,0.06357902539684236,0.5172530879743108
Fibroblasts,Tumor core,SOD2,-5.447784,-1.3321435,5.100128088135073e-08,1.8133788757813593e-06
Fibroblasts,Tumor core,CD55,3.578201,1.3276887,0.00034596737312539677,0.006038703240006925
Fibroblasts,Tumor core,THBS1,-5.5080447,-1.3268096,3.6284118952076296e-08,1.3397213151535863e-06
Fibroblasts,Tumor core,GAS6,-4.058063,-1.3199108,4.9481401820424674e-05,0.0009896280364084934
Fibroblasts,Tumor core,MSMB,0.9400253,1.3161314,0.34720456914635756,0.999888528831445
Fibroblasts,Tumor core,IGFBP7,-10.303934,-1.3015866,6.763756795635587e-25,1.2986413047620328e-22
Fibroblasts,Tumor core,KIT,-0.5997526,-1.3013618,0.5486711250673286,0.999888528831445
Fibroblasts,Tumor core,VCAN,8.503972,1.2945651,1.832114295427629e-17,2.198537154513155e-15
Fibroblasts,Tumor core,EPHA3,-1.1776175,-1.2924076,0.23894910666867286,0.999888528831445
Fibroblasts,Tumor core,RAMP1,-1.4897572,-1.2790339,0.13628810107880165,0.8551410263767948
Fibroblasts,Tumor core,PTGIS,-3.0316565,-1.2765485,0.002432157390818356,0.03198453555048797
Fibroblasts,Tumor core,COL6A3,10.694848,1.2690873,1.0759574450686282e-26,2.5822978681647077e-24
Fibroblasts,Tumor core,ITGA6,-0.55340046,-1.2511829,0.5799892216143123,0.999888528831445
Fibroblasts,Tumor core,IGHA1,-1.8900942,-1.2510983,0.058745371169507635,0.4861685889890287
Fibroblasts,Tumor core,TNFRSF4,-0.5242583,-1.2488086,0.6000988769528178,0.999888528831445
Fibroblasts,Tumor core,CCL19,-1.5453767,-1.2398872,0.12225519322540317,0.7930066587593718
Fibroblasts,Tumor core,VPREB3,-0.4061064,-1.2327192,0.6846644063243601,0.999888528831445
Fibroblasts,Tumor core,GZMH,-0.5596149,-1.2285163,0.5757421396555117,0.999888528831445
Fibroblasts,Tumor core,COL5A1,7.792763,1.2247366,6.555934235257615e-15,5.792049835315113e-13
Fibroblasts,Tumor core,S100A6,7.37058,1.2143381,1.698871422431205e-13,1.0193228534587231e-11
Fibroblasts,Tumor core,MMP14,6.7760124,1.2108678,1.2353821803978841e-11,6.241931016747205e-10
Fibroblasts,Tumor core,ACTA2,4.8674974,1.205101,1.1302037982075025e-06,3.099987560797721e-05
Fibroblasts,Tumor core,GPX3,-2.0792127,-1.1926477,0.037597802138872295,0.36207220422552205
Fibroblasts,Tumor core,CD40LG,-0.36572036,-1.1919458,0.7145737599720079,0.999888528831445
Fibroblasts,Tumor core,BMP6,-0.44712895,-1.1888331,0.6547819598513762,0.999888528831445
Fibroblasts,Tumor core,LYZ,-2.3257773,-1.17358,0.020030431888343022,0.21788249774255297
Fibroblasts,Tumor core,CLDN4,2.3226209,1.1730249,0.02019952322821585,0.21788249774255297
Fibroblasts,Tumor core,RARRES1,-3.048965,-1.1674639,0.0022963131031191204,0.030617508041588273
Fibroblasts,Tumor core,IL4R,3.449276,1.1670618,0.000562091841199589,0.009080203336001359
Fibroblasts,Tumor core,CXCR6,-0.52112263,-1.1529037,0.6022813329618635,0.999888528831445
Fibroblasts,Tumor core,ADGRE2,-0.5898644,-1.1473489,0.5552815939469918,0.999888528831445
Fibroblasts,Tumor core,ITGA5,3.3683279,1.140299,0.0007562558560956007,0.011709768094383493
Fibroblasts,Tumor core,FGFR1,5.253651,1.1393946,1.4911308244241243e-07,4.771618638157198e-06
Fibroblasts,Tumor core,S100A8,-0.69876444,-1.1390295,0.4846992436626032,0.999888528831445
Fibroblasts,Tumor core,COTL1,-1.9501119,-1.133752,0.05116279191820478,0.44570045987216067
Fibroblasts,Tumor core,IL6ST,-3.1039789,-1.1329414,0.0019093690944573564,0.02725859233423824
Fibroblasts,Tumor core,PGR,-0.4465908,-1.1163367,0.6551705317152954,0.999888528831445
Fibroblasts,Tumor core,RAD51,-0.24973133,-1.1012692,0.8027951218793312,0.999888528831445
Fibroblasts,Tumor core,RGCC,-2.2907364,-1.1007292,0.021978663469209247,0.23443907700489863
Fibroblasts,Tumor core,ADGRG2,-0.35264987,-1.1006223,0.7243509582886563,0.999888528831445
Fibroblasts,Tumor core,MGP,-5.370468,-1.0970751,7.853248104656561e-08,2.692542207310821e-06
Fibroblasts,Tumor core,NGFR,-0.6753193,-1.0967749,0.4994729117293689,0.999888528831445
Fibroblasts,Tumor core,TCL1A,-0.5374271,-1.0949419,0.5909726023354902,0.999888528831445
Fibroblasts,Tumor core,SOX4,3.9954014,1.0943936,6.458476302470939e-05,0.0012653341327290004
Fibroblasts,Tumor core,EPCAM,1.7489886,1.0897311,0.08029297949545015,0.6216230670615495
Fibroblasts,Tumor core,HSP90AB1,5.8036885,1.0829585,6.487178469784206e-09,2.707691883040364e-07
Fibroblasts,Tumor core,TPM1,5.5372643,1.0811521,3.0723239620843026e-08,1.179772401440372e-06
Fibroblasts,Tumor core,GSN,5.829964,1.0512984,5.543935896393503e-09,2.4191720275171654e-07
Fibroblasts,Tumor core,MIF,5.1798854,1.0459995,2.2202242620827623e-07,6.660672786248287e-06
Fibroblasts,Tumor core,C1QB,-1.6031797,-1.0390584,0.10889499275897035,0.7420583261646146
Fibroblasts,Tumor core,CD163,-0.6600135,-1.038014,0.5092451726807292,0.999888528831445
Fibroblasts,Tumor core,FOXP3,-0.38494837,-1.0340827,0.7002756728088435,0.999888528831445
Fibroblasts,Tumor core,GDF15,-1.9047117,-1.0321356,0.0568175476758604,0.4743030066854433
Fibroblasts,Tumor core,IL2RG,-0.8074214,-1.0315104,0.41942376118356084,0.999888528831445
Fibroblasts,Tumor core,C1QC,-1.5766506,-1.0284611,0.11487594351363964,0.7634410123831158
Fibroblasts,Tumor core,VSIR,-1.0500224,-1.0283177,0.29370781339311924,0.999888528831445
Fibroblasts,Tumor core,CD69,-0.54517835,-1.0269085,0.5856308492221096,0.999888528831445
Fibroblasts,Tumor core,APOD,-1.3848776,-1.0139254,0.16608991424859743,0.999888528831445
Fibroblasts,Tumor core,MMP3,0.8046686,1.0111977,0.4210109476989482,0.999888528831445
Fibroblasts,Tumor core,P2RY12,-0.7507515,-1.0062368,0.45280222093770395,0.999888528831445
Fibroblasts,Tumor core,FZD3,-0.60240704,-1.0000924,0.5469032098438129,0.999888528831445
Fibroblasts,Tumor core,CD38,-0.52400994,-0.9922186,0.6002716142325657,0.999888528831445
Fibroblasts,Tumor core,IL1R1,-5.110921,-0.9913438,3.2059194068050583e-07,9.326311001614715e-06
Fibroblasts,Tumor core,ITGB5,5.2147193,0.9828861,1.840958766388431e-07,5.701033599138367e-06
Fibroblasts,Tumor core,ESAM,-0.61196935,-0.98063755,0.5405580522839118,0.999888528831445
Fibroblasts,Tumor core,PROKR1,-0.27659157,-0.97589594,0.7820937386841956,0.999888528831445
Fibroblasts,Tumor core,IL34,-0.8889024,-0.97504485,0.37405553276983217,0.999888528831445
Fibroblasts,Tumor core,ITGB1,4.692505,0.9679025,2.6988024071803907e-06,6.818027133929408e-05
Fibroblasts,Tumor core,KRT16,-0.76235765,-0.96563435,0.4458465759441921,0.999888528831445
Fibroblasts,Tumor core,TNFAIP6,2.2453985,0.9617355,0.024742564892805605,0.261020464803224
Fibroblasts,Tumor core,SERPINA3,-0.9792575,-0.95830303,0.32745275719826183,0.999888528831445
Fibroblasts,Tumor core,CXCL3,-0.6138373,-0.9572297,0.5393228602189113,0.999888528831445
Fibroblasts,Tumor core,MS4A4A,-0.45690337,-0.938561,0.6477405089955801,0.999888528831445
Fibroblasts,Tumor core,IAPP,0.5135577,0.9332239,0.6075612601277222,0.999888528831445
Fibroblasts,Tumor core,HLA.DQB1,-3.095762,-0.9304976,0.0019630783545814203,0.02731239449852411
Fibroblasts,Tumor core,CXCL12,-3.7388916,-0.9237222,0.00018483346845065522,0.0033479269757099813
Fibroblasts,Tumor core,TPSB2,-0.61131734,-0.92249024,0.5409895046983553,0.999888528831445
Fibroblasts,Tumor core,IL6R,-0.69472843,-0.92038727,0.487225502787617,0.999888528831445
Fibroblasts,Tumor core,BIRC5,1.7016327,0.9134761,0.08882424542802862,0.6661818407102147
Fibroblasts,Tumor core,CCL5,-0.94525665,-0.9094531,0.34452787388611383,0.999888528831445
Fibroblasts,Tumor core,SCGB3A1,-0.45734835,-0.9046103,0.6474206774678594,0.999888528831445
Fibroblasts,Tumor core,PPBP,-0.3070273,-0.903292,0.7588225915356046,0.999888528831445
Fibroblasts,Tumor core,IL17D,-0.8015484,-0.9029716,0.4228142133033139,0.999888528831445
Fibroblasts,Tumor core,TNFSF14,-0.78063875,-0.9013412,0.4350149940890736,0.999888528831445
Fibroblasts,Tumor core,ZFP36,-4.4249167,-0.8973724,9.647953540909554e-06,0.00023748808716085056
Fibroblasts,Tumor core,CD84,-0.43035877,-0.8959934,0.666934685681242,0.999888528831445
Fibroblasts,Tumor core,CCL11,-0.5721628,-0.89331746,0.5672116983902455,0.999888528831445
Fibroblasts,Tumor core,C1QA,-1.7280427,-0.889245,0.0839805601319702,0.644970701813531
Fibroblasts,Tumor core,ADGRG5,-0.3915664,-0.88266814,0.6953786168888767,0.999888528831445
Fibroblasts,Tumor core,EFNA5,-1.0621926,-0.88066566,0.28814827903704854,0.999888528831445
Fibroblasts,Tumor core,GPR183,-0.3542384,-0.878843,0.7231602359622824,0.999888528831445
Fibroblasts,Tumor core,ANGPT1,-0.82979023,-0.8778773,0.4066573944035653,0.999888528831445
Fibroblasts,Tumor core,S100A10,3.351242,0.8755791,0.0008044993111325114,0.012259037122019222
Fibroblasts,Tumor core,FCGR3A,-1.498119,-0.8746423,0.13410234629226014,0.8525712082156937
Fibroblasts,Tumor core,LCN2,0.6566605,0.87268347,0.5113992456905511,0.999888528831445
Fibroblasts,Tumor core,FZD1,3.420408,0.87183124,0.0006252725391282618,0.009840354714149695
Fibroblasts,Tumor core,IL33,-0.85772675,-0.8711825,0.39104337312977433,0.999888528831445
Fibroblasts,Tumor core,LGALS9,-1.4946676,-0.8683038,0.13500120272226016,0.852639175087959
Fibroblasts,Tumor core,HSP90AA1,3.6575863,0.8677971,0.000254601451438315,0.0045262480255700436
Fibroblasts,Tumor core,CD74,-4.100669,-0.86662775,4.119574975792151e-05,0.0008414451014383968
Fibroblasts,Tumor core,TTR,-0.3729024,-0.8661803,0.7092210890300894,0.999888528831445
Fibroblasts,Tumor core,TNFSF13B,-0.9517608,-0.8651806,0.3412182900164379,0.999888528831445
Fibroblasts,Tumor core,H2AZ1,2.0239556,0.86307955,0.042974733349055494,0.3929118477627931
Fibroblasts,Tumor core,ADGRE1,0.30314133,0.86095065,0.7617821517992251,0.999888528831445
Fibroblasts,Tumor core,G6PC2,-0.3258155,-0.86039954,0.744563956033259,0.999888528831445
Fibroblasts,Tumor core,WNT11,-0.63711685,-0.85842055,0.5240487424774707,0.999888528831445
Fibroblasts,Tumor core,HSPB1,4.9261127,0.8547189,8.388161830267141e-07,2.368422163840134e-05
Fibroblasts,Tumor core,CD209,-0.42703164,-0.84788686,0.6693562854857956,0.999888528831445
Fibroblasts,Tumor core,NR1H3,-0.77334285,-0.8467268,0.4393194923526731,0.999888528831445
Fibroblasts,Tumor core,CALM1,2.2197127,0.8411487,0.026438269231642463,0.2758775919823561
Fibroblasts,Tumor core,MMP12,-0.4673608,-0.8406589,0.6402417694636151,0.999888528831445
Fibroblasts,Tumor core,ANXA2,3.7890882,0.8355829,0.0001512012190974934,0.0028461405947763467
Fibroblasts,Tumor core,SQSTM1,-4.3208237,-0.8239336,1.5544795739228015e-05,0.00034704660255020683
Fibroblasts,Tumor core,HGF,-2.6442606,-0.8227151,0.00818695650171403,0.10076254155955729
Fibroblasts,Tumor core,SPRY4,1.0276225,0.8169952,0.304127441058214,0.999888528831445
Fibroblasts,Tumor core,AHR,-1.6799986,-0.8151655,0.09295759063319543,0.6783941147459792
Fibroblasts,Tumor core,COL16A1,4.7544475,0.8138501,1.9899000676052865e-06,5.162983959192095e-05
Fibroblasts,Tumor core,CXCR4,-0.4886948,-0.8049897,0.6250577995899924,0.999888528831445
Fibroblasts,Tumor core,TNF,-0.37477034,-0.8048781,0.7078312681793256,0.999888528831445
Fibroblasts,Tumor core,SELL,-0.37131387,-0.80359167,0.7104037763814335,0.999888528831445
Fibroblasts,Tumor core,HBB,-0.36038557,-0.79945517,0.7185588247539685,0.999888528831445
Fibroblasts,Tumor core,CXCR3,-0.4173814,-0.79683405,0.6763994516454774,0.999888528831445
Fibroblasts,Tumor core,SRGN,-1.4110755,-0.79161036,0.15822236624437325,0.9613510860417616
Fibroblasts,Tumor core,INHA,-0.449178,-0.7914808,0.6533032542067951,0.999888528831445
Fibroblasts,Tumor core,CSF2RA,-0.8800904,-0.7907014,0.3788103243289155,0.999888528831445
Fibroblasts,Tumor core,OASL,-0.3872251,-0.7895349,0.6985895749498242,0.999888528831445
Fibroblasts,Tumor core,IL12RB2,-0.3911628,-0.7859882,0.6956769035017019,0.999888528831445
Fibroblasts,Tumor core,ADGRG1,0.5943661,0.782171,0.5522672979903087,0.999888528831445
Fibroblasts,Tumor core,IL17A,-0.42147434,-0.7753067,0.6734087400281238,0.999888528831445
Fibroblasts,Tumor core,VWF,-0.3304,-0.77237195,0.7410977429743153,0.999888528831445
Fibroblasts,Tumor core,CD80,-0.53748924,-0.77095276,0.5909297223526403,0.999888528831445
Fibroblasts,Tumor core,LUM,-7.0078764,-0.76936173,2.4196236134505006e-12,1.2904659271736004e-10
Fibroblasts,Tumor core,IL17RA,1.6629386,0.76881886,0.09632471868287906,0.6900875368325664
Fibroblasts,Tumor core,IGF2,1.0310687,0.7687485,0.30250863739462175,0.999888528831445
Fibroblasts,Tumor core,WNT2,-0.765959,-0.76812875,0.4437006861403696,0.999888528831445
Fibroblasts,Tumor core,DCN,-7.182419,-0.76697093,6.848875162754708e-13,3.867600091908541e-11
Fibroblasts,Tumor core,FABP4,-0.34300998,-0.7668762,0.7315909566527754,0.999888528831445
Fibroblasts,Tumor core,COL27A1,2.2138038,0.76004624,0.026842288543749655,0.27708168819354484
Fibroblasts,Tumor core,MET,0.7148568,0.75775063,0.47469753632279443,0.999888528831445
Fibroblasts,Tumor core,FGF12,-0.40592015,-0.7565965,0.6848012753786179,0.999888528831445
Fibroblasts,Tumor core,CD9,2.408464,0.7535909,0.016019805514361708,0.1809295681622028
Fibroblasts,Tumor core,CELSR1,1.1301788,0.75135225,0.258400891816731,0.999888528831445
Fibroblasts,Tumor core,TSC22D1,0.863729,0.75051844,0.3877367664487257,0.999888528831445
Fibroblasts,Tumor core,IDO1,-0.5865165,-0.7500661,0.5575284587638916,0.999888528831445
Fibroblasts,Tumor core,ROR1,-1.0207509,-0.74403775,0.30737246934776274,0.999888528831445
Fibroblasts,Tumor core,BGN,5.986427,0.73687696,2.145008231101921e-09,1.0296039509289222e-07
Fibroblasts,Tumor core,EMP3,1.6547786,0.736576,0.09796940930539189,0.6915487715674722
Fibroblasts,Tumor core,HLA.DRA,-2.3909125,-0.73597527,0.01680655770741662,0.18760808603627857
Fibroblasts,Tumor core,KRT6B,-0.4578658,-0.73109114,0.647048862186359,0.999888528831445
Fibroblasts,Tumor core,CD27,-0.36546162,-0.72961134,0.7147668436643266,0.999888528831445
Fibroblasts,Tumor core,TPSAB1,-0.46497023,-0.72886366,0.6419527787146568,0.999888528831445
Fibroblasts,Tumor core,KRT17,1.2599679,0.7237426,0.20768094447156293,0.999888528831445
Fibroblasts,Tumor core,ITGAE,0.7954789,0.7231378,0.4263349881609263,0.999888528831445
Fibroblasts,Tumor core,MZB1,-0.3832822,-0.72164583,0.7015105271337856,0.999888528831445
Fibroblasts,Tumor core,FGF9,-0.47779754,-0.7214463,0.6327943222327974,0.999888528831445
Fibroblasts,Tumor core,ERBB2,1.1635225,0.7174087,0.2446175608704959,0.999888528831445
Fibroblasts,Tumor core,TPM2,3.5549319,0.7160389,0.00037807717793595394,0.006367615628395014
Fibroblasts,Tumor core,TOX,-0.45882306,-0.7157445,0.6463612361727664,0.999888528831445
Fibroblasts,Tumor core,NLRP3,-0.43985376,-0.7148337,0.660043026798973,0.999888528831445
Fibroblasts,Tumor core,NPPC,-1.6655465,-0.7059152,0.09580376861650272,0.6900875368325664
Fibroblasts,Tumor core,FZD4,-1.1498984,-0.7047978,0.25018572873772993,0.999888528831445
Fibroblasts,Tumor core,PDGFC,1.7138494,0.702359,0.08655638568485167,0.6542844902162016
Fibroblasts,Tumor core,COL17A1,0.6772442,0.70076215,0.49825103362889545,0.999888528831445
Fibroblasts,Tumor core,HDAC4,1.2056679,0.6988334,0.22794556722062875,0.999888528831445
Fibroblasts,Tumor core,LY6D,-0.34995916,-0.6983148,0.7263693377739724,0.999888528831445
Fibroblasts,Tumor core,MXRA8,3.4466836,0.6955521,0.0005675127085000849,0.009080203336001359
Fibroblasts,Tumor core,NPR3,-0.4303277,-0.6954384,0.6669572662767786,0.999888528831445
Fibroblasts,Tumor core,CD3D,-0.29554534,-0.69486266,0.767577320806039,0.999888528831445
Fibroblasts,Tumor core,FGFR2,-0.702045,-0.6947145,0.48265108911880117,0.999888528831445
Fibroblasts,Tumor core,RSPO2,-0.23973443,-0.69400275,0.8105361448536238,0.999888528831445
Fibroblasts,Tumor core,ITGB8,-0.5634077,-0.69089127,0.5731572788679204,0.999888528831445
Fibroblasts,Tumor core,COL5A3,2.4367576,0.6888497,0.014819611852385551,0.1734978948571967
Fibroblasts,Tumor core,ITGA2,1.1285022,0.6869305,0.2591078472507613,0.999888528831445
Fibroblasts,Tumor core,NDRG1,1.545775,0.6859884,0.12215890633028013,0.7930066587593718
Fibroblasts,Tumor core,FGF7,-2.0592604,-0.6848159,0.0394693092507751,0.3722599012546075
Fibroblasts,Tumor core,TLR3,-0.38097444,-0.6820446,0.7032222177941265,0.999888528831445
Fibroblasts,Tumor core,CCL21,-0.79405594,-0.68037635,0.42716287176264,0.999888528831445
Fibroblasts,Tumor core,CXCL10,-0.66157097,-0.67863274,0.5082462112841084,0.999888528831445
Fibroblasts,Tumor core,KRT24,-0.37734202,-0.6778552,0.7059194504106487,0.999888528831445
Fibroblasts,Tumor core,HDAC5,1.0978338,0.67209554,0.27227710511395997,0.999888528831445
Fibroblasts,Tumor core,GDNF,-0.30790696,-0.67134535,0.7581531395081135,0.999888528831445
Fibroblasts,Tumor core,NFKBIA,-1.1352549,-0.67000526,0.2562685455897369,0.999888528831445
Fibroblasts,Tumor core,INHBA,2.9555311,0.66920996,0.0031213129659862305,0.04049270874792948
Fibroblasts,Tumor core,ETV5,1.2276642,0.6679707,0.2195730473051959,0.999888528831445
Fibroblasts,Tumor core,IL1B,-0.26189116,-0.6663609,0.7934053688450364,0.999888528831445
Fibroblasts,Tumor core,IL16,1.8132286,0.6631214,0.0697965628635641,0.5447536613741589
Fibroblasts,Tumor core,PTGES,0.9042134,0.65947264,0.3658822508412486,0.999888528831445
Fibroblasts,Tumor core,EOMES,-0.17534438,-0.65936273,0.8608090412263494,0.999888528831445
Fibroblasts,Tumor core,IL10RA,-0.31862828,-0.6585634,0.7500084116932142,0.999888528831445
Fibroblasts,Tumor core,MRC1,-0.4847105,-0.65840405,0.6278817142985322,0.999888528831445
Fibroblasts,Tumor core,COL8A1,3.77564,0.65662533,0.0001595973611373452,0.002946412820997142
Fibroblasts,Tumor core,REG1A,-0.31271395,-0.6564968,0.754497995768909,0.999888528831445
Fibroblasts,Tumor core,IGHM,-0.5786515,-0.6545972,0.5628243733671527,0.999888528831445
Fibroblasts,Tumor core,CCND1,1.678348,0.65362406,0.09327919077757214,0.6783941147459792
Fibroblasts,Tumor core,DUSP6,-0.6204191,-0.65138084,0.5349819030743811,0.999888528831445
Fibroblasts,Tumor core,MRC2,3.1868052,0.6508011,0.0014385355784025033,0.021246063927175436
Fibroblasts,Tumor core,CD40,-0.87723935,-0.64975095,0.38035665154324294,0.999888528831445
Fibroblasts,Tumor core,TLR4,-0.34888807,-0.6495994,0.7271733379060721,0.999888528831445
Fibroblasts,Tumor core,KRAS,1.2308464,0.64741087,0.2183802968047972,0.999888528831445
Fibroblasts,Tumor core,SNAI1,1.2977461,0.6473511,0.1943746042408766,0.999888528831445
Fibroblasts,Tumor core,STAT4,-0.40327087,-0.64580315,0.6867489759014791,0.999888528831445
Fibroblasts,Tumor core,SIGIRR,0.6189496,0.6426772,0.535949580663432,0.999888528831445
Fibroblasts,Tumor core,BMPR2,2.000143,0.64013314,0.045484829618895974,0.40808819097327226
Fibroblasts,Tumor core,RARRES2,3.5716968,0.6400042,0.0003546759059465399,0.006080158387654969
Fibroblasts,Tumor core,WIF1,-1.0904396,-0.637184,0.27551958032822266,0.999888528831445
Fibroblasts,Tumor core,KRT7,1.0099933,0.6354642,0.3124984712060682,0.999888528831445
Fibroblasts,Tumor core,TIE1,0.48391366,0.63414323,0.6284471534028953,0.999888528831445
Fibroblasts,Tumor core,KRT5,-0.2995348,-0.63182265,0.7645320295073903,0.999888528831445
Fibroblasts,Tumor core,SAT1,2.1254458,0.63106936,0.03354942718751151,0.33203556804135104
Fibroblasts,Tumor core,ADORA2A,0.55948037,0.6275401,0.5758339274083684,0.999888528831445
Fibroblasts,Tumor core,ACKR1,-0.21586499,-0.6273991,0.8290929886809393,0.999888528831445
Fibroblasts,Tumor core,VIM,4.335203,0.62623566,1.4562557519477696e-05,0.00033786604097190277
Fibroblasts,Tumor core,CD53,-0.60891646,-0.6186858,0.5425798273570872,0.999888528831445
Fibroblasts,Tumor core,TACSTD2,0.6380534,0.6160389,0.5234389194874847,0.999888528831445
Fibroblasts,Tumor core,LDLR,-0.84554625,-0.6104116,0.3978059301495135,0.999888528831445
Fibroblasts,Tumor core,DUSP5,-1.684847,-0.6026999,0.09201809706220261,0.6783941147459792
Fibroblasts,Tumor core,ADIPOQ,0.7773116,0.6014943,0.4369749406556104,0.999888528831445
Fibroblasts,Tumor core,RSPO1,-0.39717543,-0.6013433,0.6912380955710489,0.999888528831445
Fibroblasts,Tumor core,S100A9,-1.2568736,-0.5993163,0.20879940524298612,0.999888528831445
Fibroblasts,Tumor core,APOB,-0.39104897,-0.5939068,0.6957610441400046,0.999888528831445
Fibroblasts,Tumor core,ITGAV,2.3491604,0.5937517,0.018815799847293556,0.20762261900461856
Fibroblasts,Tumor core,CCL13,-0.40543374,-0.5936348,0.6851587044701604,0.999888528831445
Fibroblasts,Tumor core,VEGFC,0.974228,0.59037066,0.32994333910661733,0.999888528831445
Fibroblasts,Tumor core,INHBB,-0.2988673,-0.58787477,0.7650413008029338,0.999888528831445
Fibroblasts,Tumor core,KLRK1,-0.3727782,-0.58778,0.709313521470228,0.999888528831445
Fibroblasts,Tumor core,WNT5A,0.8174959,0.5856352,0.4136450949945142,0.999888528831445
Fibroblasts,Tumor core,ATR,0.7239896,0.5820856,0.4690721295111726,0.999888528831445
Fibroblasts,Tumor core,FGG,-0.2380631,-0.58200353,0.8118321541120476,0.999888528831445
Fibroblasts,Tumor core,CSF3R,0.5111516,0.5806979,0.6092448989537875,0.999888528831445
Fibroblasts,Tumor core,NOTCH3,1.644554,0.57917213,0.10006180922243384,0.7011630427265437
Fibroblasts,Tumor core,SPARCL1,-2.5301862,-0.57641226,0.011400199489817707,0.13853406974968352
Fibroblasts,Tumor core,TNFRSF10A,-0.124738894,-0.57394284,0.9007302629740527,0.999888528831445
Fibroblasts,Tumor core,CCL20,-0.29190257,-0.572626,0.7703611149771334,0.999888528831445
Fibroblasts,Tumor core,ARHGDIB,-0.6334275,-0.5725528,0.5264545113643955,0.999888528831445
Fibroblasts,Tumor core,IFIH1,-0.6553876,-0.57078046,0.5122182397614409,0.999888528831445
Fibroblasts,Tumor core,FCGBP,-0.27988765,-0.5666498,0.7795637003991451,0.999888528831445
Fibroblasts,Tumor core,IL20,0.47457907,0.5663596,0.635087035506585,0.999888528831445
Fibroblasts,Tumor core,CD28,-0.288265,-0.56538635,0.7731439102751654,0.999888528831445
Fibroblasts,Tumor core,MMP8,0.6638684,0.56522346,0.5067745386781812,0.999888528831445
Fibroblasts,Tumor core,HCST,-0.54306203,-0.56346303,0.5870870858622108,0.999888528831445
Fibroblasts,Tumor core,ICAM1,-1.4116808,-0.56300503,0.15804395184779585,0.9613510860417616
Fibroblasts,Tumor core,IFNG,-0.15585247,-0.5611301,0.8761493086609136,0.999888528831445
Fibroblasts,Tumor core,HCAR2,-0.26513547,-0.5605821,0.7909050948159638,0.999888528831445
Fibroblasts,Tumor core,HLA.DRB1,-2.1496775,-0.5582327,0.03158073315701195,0.31913161927085765
Fibroblasts,Tumor core,BECN1,-0.5231924,-0.5575738,0.6008403665422265,0.999888528831445
Fibroblasts,Tumor core,CXCR1,-0.18199347,-0.5571707,0.85558785428326,0.999888528831445
Fibroblasts,Tumor core,CXCL6,0.6393677,0.555023,0.5225837601940934,0.999888528831445
Fibroblasts,Tumor core,CST7,-0.29465535,-0.55461377,0.7682571771090789,0.999888528831445
Fibroblasts,Tumor core,ACTG2,0.50725013,0.55251527,0.6119793288702076,0.999888528831445
Fibroblasts,Tumor core,IL22RA1,-0.26405403,-0.55115694,0.7917382818355809,0.999888528831445
Fibroblasts,Tumor core,TGFB3,2.139846,0.5484647,0.032367200429674975,0.32367200429674975
Fibroblasts,Tumor core,IFNAR2,-0.7775548,-0.5465512,0.4368315065819405,0.999888528831445
Fibroblasts,Tumor core,JCHAIN,-0.44270486,-0.54599255,0.6579792356358967,0.999888528831445
Fibroblasts,Tumor core,SFN,0.9292212,0.54568547,0.3527744565738308,0.999888528831445
Fibroblasts,Tumor core,ICOSLG,-0.40985784,-0.5451514,0.681910224854281,0.999888528831445
Fibroblasts,Tumor core,CD276,2.037476,0.5445606,0.04160235047684716,0.38402169670935843
Fibroblasts,Tumor core,GZMK,0.9224324,0.5442951,0.35630306608327644,0.999888528831445
Fibroblasts,Tumor core,S100B,-0.46490297,-0.54322106,0.6420009515585035,0.999888528831445
Fibroblasts,Tumor core,CCR1,-0.3837945,-0.54226804,0.7011307828354879,0.999888528831445
Fibroblasts,Tumor core,HCK,-0.5061221,-0.5411436,0.6127709308618192,0.999888528831445
Fibroblasts,Tumor core,COL5A2,2.8543098,0.538174,0.0043130461022707345,0.0552069901090654
Fibroblasts,Tumor core,SERPINA1,1.2798427,0.5375276,0.2006004608494818,0.999888528831445
Fibroblasts,Tumor core,BEST1,0.28507757,0.53715545,0.7755847208912056,0.999888528831445
Fibroblasts,Tumor core,BAG3,1.0090982,0.53645706,0.31292754519613,0.999888528831445
Fibroblasts,Tumor core,FCRLA,-0.33659375,-0.53541607,0.7364231782918575,0.999888528831445
Fibroblasts,Tumor core,IFITM3,3.2132826,0.5308948,0.0013122707129138822,0.019684060693708233
Fibroblasts,Tumor core,ADGRL4,-0.17418015,-0.53019917,0.8617238897832726,0.999888528831445
Fibroblasts,Tumor core,TFEB,0.48370668,0.52856696,0.62859405639238,0.999888528831445
Fibroblasts,Tumor core,VHL,-0.9992306,-0.52796304,0.31768297646764176,0.999888528831445
Fibroblasts,Tumor core,CIDEA,-0.21393494,-0.5275131,0.8305977903552979,0.999888528831445
Fibroblasts,Tumor core,THBS2,3.05876,0.527317,0.0022225511831698496,0.030051396279479656
Fibroblasts,Tumor core,NTRK2,-0.3090246,-0.5269642,0.7573028032165038,0.999888528831445
Fibroblasts,Tumor core,HIF1A,1.7192256,0.5265187,0.0855733013130844,0.6519870576235002
Fibroblasts,Tumor core,DNMT3A,0.994139,0.52459484,0.3201551788107664,0.999888528831445
Fibroblasts,Tumor core,MTRNR2L1,-0.450187,-0.52209646,0.6525756032607463,0.999888528831445
Fibroblasts,Tumor core,RAMP3,-0.161684,-0.52146965,0.8715547013422514,0.999888528831445
Fibroblasts,Tumor core,IL7R,0.7241552,0.5210771,0.4689704806214783,0.999888528831445
Fibroblasts,Tumor core,MYL9,2.0779295,0.5201571,0.037715854606825215,0.36207220422552205
Fibroblasts,Tumor core,LMNA,2.4250531,0.51749635,0.015306148123656613,0.17492740712750415
Fibroblasts,Tumor core,IGFBP6,1.2339149,0.51698065,0.21723462935417615,0.999888528831445
Fibroblasts,Tumor core,ESR1,1.2492776,0.5166489,0.21156355247270098,0.999888528831445
Fibroblasts,Tumor core,LAMP2,1.4818869,0.5146502,0.13837038783208203,0.862568651420771
Fibroblasts,Tumor core,CSF3,-0.27488402,-0.51396155,0.7834053425506049,0.999888528831445
Fibroblasts,Tumor core,IL18R1,-0.2694354,-0.51068157,0.7875946513288005,0.999888528831445
Fibroblasts,Tumor core,EPHB6,-0.6509531,-0.5099178,0.5150767355066854,0.999888528831445
Fibroblasts,Tumor core,ITGA3,0.8084614,0.5098587,0.41882500806168355,0.999888528831445
Fibroblasts,Tumor core,CALD1,2.79156,0.50701284,0.00524546398847531,0.06625849248600392
Fibroblasts,Tumor core,MST1R,-0.27463564,-0.50506043,0.7835961726768912,0.999888528831445
Fibroblasts,Tumor core,CCR2,0.38339606,0.5038529,0.7014261330648895,0.999888528831445
Fibroblasts,Tumor core,CLEC1A,0.38526917,0.5034375,0.7000379966390733,0.999888528831445
Fibroblasts,Tumor core,KRT8,1.2320211,0.5034325,0.2179412242706077,0.999888528831445
Fibroblasts,Tumor core,CXCL2,-0.39256507,-0.50337267,0.6946407514305712,0.999888528831445
Fibroblasts,Tumor core,CALM3,1.574762,0.50178635,0.11531140291203311,0.7634410123831158
Fibroblasts,Tumor core,DDIT3,-0.4038659,-0.50131816,0.6863113223972701,0.999888528831445
Fibroblasts,Tumor core,NPR1,0.32015988,0.49980682,0.7488471269672281,0.999888528831445
Fibroblasts,Tumor core,KRT19,1.0828073,0.49902335,0.2788939627594019,0.999888528831445
Fibroblasts,Tumor core,BAX,1.5321871,0.49847594,0.12547626884595742,0.8084377053162357
Fibroblasts,Tumor core,TYROBP,-0.63171995,-0.49839088,0.5275698874667014,0.999888528831445
Fibroblasts,Tumor core,JUN,3.1391597,0.49516466,0.0016943313819377693,0.024644820100913005
Fibroblasts,Tumor core,YES1,-0.5949042,-0.49453872,0.5519075065485233,0.999888528831445
Fibroblasts,Tumor core,MECOM,0.75833714,0.49279556,0.44824917194501857,0.999888528831445
Fibroblasts,Tumor core,PSAP,-3.1006725,-0.491635,0.001930816957008542,0.02725859233423824
Fibroblasts,Tumor core,CCL3,-0.43458623,-0.48741814,0.6638627861964914,0.999888528831445
Fibroblasts,Tumor core,ITGB4,0.6595064,0.48654458,0.5095706377028508,0.999888528831445
Fibroblasts,Tumor core,NR1H4,-0.25421235,-0.48654008,0.7993315061320163,0.999888528831445
Fibroblasts,Tumor core,ADGRB2,-0.27624488,-0.48595414,0.7823599840238361,0.999888528831445
Fibroblasts,Tumor core,COL6A2,3.909077,0.48458534,9.264942180528822e-05,0.0017788688986615337
Fibroblasts,Tumor core,ADGRG6,0.42445478,0.48379144,0.6712341684249407,0.999888528831445
Fibroblasts,Tumor core,PPARG,-0.3060183,-0.4798385,0.7595907150326725,0.999888528831445
Fibroblasts,Tumor core,TNFRSF12A,2.4461076,0.47864115,0.01444078703002049,0.17115006850394654
Fibroblasts,Tumor core,LIF,-1.1652249,-0.47840568,0.24392796631094082,0.999888528831445
Fibroblasts,Tumor core,PDCD1LG2,-0.35033172,-0.47835723,0.7260897561425439,0.999888528831445
Fibroblasts,Tumor core,FASLG,-0.20797923,-0.4775266,0.8352451878693884,0.999888528831445
Fibroblasts,Tumor core,COL3A1,3.0619578,0.4764158,0.0021989446652259203,0.030051396279479656
Fibroblasts,Tumor core,NRG1,-0.27505994,-0.47626886,0.7832701790929738,0.999888528831445
Fibroblasts,Tumor core,CD19,0.38340122,0.47603115,0.701422297058357,0.999888528831445
Fibroblasts,Tumor core,IL20RA,0.45064235,0.47574452,0.6522473356271251,0.999888528831445
Fibroblasts,Tumor core,CLCF1,-0.6030901,-0.47545084,0.5464487642929663,0.999888528831445
Fibroblasts,Tumor core,IGF1R,1.3569204,0.473924,0.17480652206176017,0.999888528831445
Fibroblasts,Tumor core,ABL2,0.7984852,0.46805274,0.42458897627073355,0.999888528831445
Fibroblasts,Tumor core,POU5F1,0.5627351,0.46735612,0.5736153107805138,0.999888528831445
Fibroblasts,Tumor core,GDF6,-0.22778676,-0.4650944,0.8198120112448644,0.999888528831445
Fibroblasts,Tumor core,NOD2,-0.4015064,-0.4636605,0.6880473306727616,0.999888528831445
Fibroblasts,Tumor core,CLEC2B,0.6792622,0.4635904,0.49697174164663693,0.999888528831445
Fibroblasts,Tumor core,SOSTDC1,-0.25368974,-0.46100503,0.7997352594350461,0.999888528831445
Fibroblasts,Tumor core,CD3E,-0.825718,-0.4592482,0.4089640840284835,0.999888528831445
Fibroblasts,Tumor core,NRIP3,0.24169552,0.45903903,0.8090161027366916,0.999888528831445
Fibroblasts,Tumor core,LEFTY2,-0.2843376,-0.4587468,0.7761516558122565,0.999888528831445
Fibroblasts,Tumor core,VCAM1,-1.690663,-0.45796454,0.09090118585986949,0.6764739412827497
Fibroblasts,Tumor core,CALM2,1.946143,0.45680094,0.05163755574390452,0.44570045987216067
Fibroblasts,Tumor core,TNFRSF11A,-0.3421924,-0.4563476,0.7322060883181054,0.999888528831445
Fibroblasts,Tumor core,CEACAM1,-0.26249653,-0.45364115,0.792938648506504,0.999888528831445
Fibroblasts,Tumor core,IL36G,-0.15302208,-0.4532121,0.8783808597020509,0.999888528831445
Fibroblasts,Tumor core,APP,2.0030198,0.4530011,0.04517515122167233,0.40808819097327226
Fibroblasts,Tumor core,AZU1,-2.4528291,-0.45284185,0.014173762438574974,0.1700851492628997
Fibroblasts,Tumor core,AXL,1.0405377,0.45280218,0.2980901331632724,0.999888528831445
Fibroblasts,Tumor core,AKT1,1.117129,0.45103356,0.2639391728824032,0.999888528831445
Fibroblasts,Tumor core,AREG,0.3331062,0.4497724,0.7390541184260724,0.999888528831445
Fibroblasts,Tumor core,H4C3,1.3119394,0.4493028,0.1895405769441536,0.999888528831445
Fibroblasts,Tumor core,MT2A,-2.058391,-0.44822603,0.039552614508302046,0.3722599012546075
Fibroblasts,Tumor core,MYH11,0.26029226,0.44495532,0.7946383446209785,0.999888528831445
Fibroblasts,Tumor core,CD164,0.7201812,0.44303152,0.47141341468230236,0.999888528831445
Fibroblasts,Tumor core,CHGA,0.26499578,0.4425781,0.7910127179998969,0.999888528831445
Fibroblasts,Tumor core,CCL7,-0.16114587,-0.4424236,0.8719785144664483,0.999888528831445
Fibroblasts,Tumor core,SLC40A1,-1.127038,-0.44235387,0.2597264376344868,0.999888528831445
Fibroblasts,Tumor core,IRF4,-0.24404469,-0.44147888,0.8071962094314884,0.999888528831445
Fibroblasts,Tumor core,NFKB1,-0.4354038,-0.4406126,0.6632693594405826,0.999888528831445
Fibroblasts,Tumor core,IFITM1,1.9807235,0.44059187,0.04762229124982846,0.42330925555403076
Fibroblasts,Tumor core,EFNB2,-0.24352208,-0.44034222,0.8076009856850589,0.999888528831445
Fibroblasts,Tumor core,VEGFB,0.947047,0.43881074,0.34361484614566273,0.999888528831445
Fibroblasts,Tumor core,IL12B,-0.31627393,-0.43798134,0.7517945991725873,0.999888528831445
Fibroblasts,Tumor core,HLA.DPA1,-1.4665656,-0.43722397,0.14249427474644066,0.8825451855263421
Fibroblasts,Tumor core,CD36,-0.22701061,-0.4367526,0.8204154890749726,0.999888528831445
Fibroblasts,Tumor core,CD24,0.6146238,0.43578234,0.5388032026630729,0.999888528831445
Fibroblasts,Tumor core,CLEC14A,0.5003216,0.43443748,0.6168486308076077,0.999888528831445
Fibroblasts,Tumor core,RPL37,1.9577389,0.4296657,0.05026066169113164,0.44266270847235206
Fibroblasts,Tumor core,NLRC5,0.93345386,0.4292955,0.35058568322369543,0.999888528831445
Fibroblasts,Tumor core,TNFSF15,0.54190296,0.42833924,0.5878853435732663,0.999888528831445
Fibroblasts,Tumor core,CAMP,0.486387,0.42752415,0.6266928024598115,0.999888528831445
Fibroblasts,Tumor core,COL12A1,1.557997,0.4272397,0.11923397344770664,0.7840042089712218
Fibroblasts,Tumor core,TUBB4B,0.82491595,0.42677402,0.40941930373292656,0.999888528831445
Fibroblasts,Tumor core,BMP1,1.591294,0.424346,0.1115434024213163,0.7505591221286283
Fibroblasts,Tumor core,SEC23A,1.3528895,0.42299378,0.1760909350267459,0.999888528831445
Fibroblasts,Tumor core,STAT3,1.8401613,0.42168018,0.06574455650200527,0.524738540034511
Fibroblasts,Tumor core,IL1R2,0.38111416,0.4209138,0.7031185523732151,0.999888528831445
Fibroblasts,Tumor core,COL1A2,2.4297824,0.42017817,0.015107886856257772,0.17474182387960796
Fibroblasts,Tumor core,BMP5,-1.0853738,-0.41953978,0.2777561319507146,0.999888528831445
Fibroblasts,Tumor core,PTGES3,1.2652562,0.41852617,0.2057795324798578,0.999888528831445
Fibroblasts,Tumor core,FYB1,-0.3800896,-0.41801485,0.7038788935234105,0.999888528831445
Fibroblasts,Tumor core,EFNB1,1.0691417,0.41755724,0.28500579976556717,0.999888528831445
Fibroblasts,Tumor core,IL18,-0.36349535,-0.41668692,0.7162348755690342,0.999888528831445
Fibroblasts,Tumor core,ITM2A,-0.24245098,-0.41571522,0.8084307375007669,0.999888528831445
Fibroblasts,Tumor core,PTTG1,-0.19358408,-0.4156004,0.8465015589578521,0.999888528831445
Fibroblasts,Tumor core,DLL1,-0.27327478,-0.41519898,0.7846419935139758,0.999888528831445
Fibroblasts,Tumor core,KLRB1,0.60497874,0.41482714,0.5451931281705307,0.999888528831445
Fibroblasts,Tumor core,KITLG,0.57384443,0.4130639,0.5660730608969371,0.999888528831445
Fibroblasts,Tumor core,IER3,1.6196653,0.41303396,0.10530420277502274,0.7325509758262452
Fibroblasts,Tumor core,KRT4,0.47203326,0.41249862,0.6369030476811463,0.999888528831445
Fibroblasts,Tumor core,ITGB6,0.3427409,0.41178548,0.7317933860254824,0.999888528831445
Fibroblasts,Tumor core,FZD8,0.5253139,0.4114069,0.599364994519172,0.999888528831445
Fibroblasts,Tumor core,TM4SF1,0.7377845,0.41084203,0.4606454170688927,0.999888528831445
Fibroblasts,Tumor core,MARCO,-0.19579872,-0.41072962,0.8447677087921589,0.999888528831445
Fibroblasts,Tumor core,RAC1,1.3623172,0.4102333,0.17309779326240204,0.999888528831445
Fibroblasts,Tumor core,COL1A1,3.5464976,0.41014004,0.00039038840412480895,0.006461601171720976
Fibroblasts,Tumor core,NOTCH1,0.8415568,0.40876812,0.40003608817426195,0.999888528831445
Fibroblasts,Tumor core,AGR2,-0.16401765,-0.40704226,0.8697172476317658,0.999888528831445
Fibroblasts,Tumor core,GLUD1,0.58541954,0.40698293,0.5582656417049697,0.999888528831445
Fibroblasts,Tumor core,TGFB2,0.75932544,0.40665472,0.44765789172370873,0.999888528831445
Fibroblasts,Tumor core,MMP16,-0.35317245,-0.40549603,0.7239591485033936,0.999888528831445
Fibroblasts,Tumor core,COL9A1,-0.23021355,-0.40536413,0.8179258270646684,0.999888528831445
Fibroblasts,Tumor core,RXRA,0.6620056,0.40511984,0.5079676149141457,0.999888528831445
Fibroblasts,Tumor core,CHEK2,-0.33115545,-0.4049896,0.7405270628988253,0.999888528831445
Fibroblasts,Tumor core,ANXA4,1.0980045,0.4040161,0.27220253621557977,0.999888528831445
Fibroblasts,Tumor core,CCR5,0.3908782,0.40296882,0.6958872621202772,0.999888528831445
Fibroblasts,Tumor core,CLEC12A,0.43715274,0.40163973,0.6620005864690832,0.999888528831445
Fibroblasts,Tumor core,TLR2,0.58996785,0.40155292,0.5552122096281379,0.999888528831445
Fibroblasts,Tumor core,NOTCH2,1.2998055,0.40005738,0.1936676457311528,0.999888528831445
Fibroblasts,Tumor core,LTB,-0.44563872,-0.39933082,0.6558582337474282,0.999888528831445
Fibroblasts,Tumor core,PDGFD,-0.29242,-0.3969593,0.769965508417251,0.999888528831445
Fibroblasts,Tumor core,APOA1,-0.16985436,-0.39599165,0.8651246762780876,0.999888528831445
Fibroblasts,Tumor core,HLA.C,1.8645223,0.39591995,0.06224838923271134,0.5107560142171187
Fibroblasts,Tumor core,RAC2,-0.8200676,-0.39541852,0.4121775924396094,0.999888528831445
Fibroblasts,Tumor core,CD83,-0.39784294,-0.3950882,0.6907459695961649,0.999888528831445
Fibroblasts,Tumor core,RELA,1.0723084,0.3938847,0.28358150036387464,0.999888528831445
Fibroblasts,Tumor core,RARG,-0.44856742,-0.39348477,0.653743736554788,0.999888528831445
Fibroblasts,Tumor core,CCR10,-0.2209928,-0.3928992,0.8250980359888673,0.999888528831445
Fibroblasts,Tumor core,ADGRG3,0.43812552,0.3915956,0.6612952978936719,0.999888528831445
Fibroblasts,Tumor core,ACKR3,-0.3528206,-0.39055827,0.7242229332824619,0.999888528831445
Fibroblasts,Tumor core,IL11,-0.58370686,-0.39047676,0.5594175674091906,0.999888528831445
Fibroblasts,Tumor core,PPARD,0.6546994,0.3892373,0.5126613139589816,0.999888528831445
Fibroblasts,Tumor core,CDKN3,-0.23401156,-0.3884325,0.8149760069863015,0.999888528831445
Fibroblasts,Tumor core,DNMT1,1.0357825,0.38830295,0.3003036261649634,0.999888528831445
Fibroblasts,Tumor core,TUBB,1.8144602,0.3878537,0.06960691212172215,0.5447536613741589
Fibroblasts,Tumor core,HLA.DPB1,-0.707949,-0.38606685,0.47897693450628387,0.999888528831445
Fibroblasts,Tumor core,CXCL9,-0.6946094,-0.38594106,0.48730010281464375,0.999888528831445
Fibroblasts,Tumor core,CYP19A1,-0.15069878,-0.3856489,0.8802133313996051,0.999888528831445
Fibroblasts,Tumor core,IL32,1.8473227,0.38462055,0.06470038909750213,0.521952718769765
Fibroblasts,Tumor core,CNTFR,-0.15471928,-0.38295898,0.8770426278418177,0.999888528831445
Fibroblasts,Tumor core,ATG12,0.64656526,0.38260365,0.5179133457344397,0.999888528831445
Fibroblasts,Tumor core,CXCL8,-0.18798023,-0.38234285,0.8508921502469491,0.999888528831445
Fibroblasts,Tumor core,GDF3,-0.14590213,-0.38133463,0.883998649602499,0.999888528831445
Fibroblasts,Tumor core,ADGRA3,1.0001775,0.38077033,0.31722459069407816,0.999888528831445
Fibroblasts,Tumor core,CDH11,2.0805736,0.3781299,0.03747295306182594,0.36207220422552205
Fibroblasts,Tumor core,LYN,0.56187093,0.3756913,0.5742039600744577,0.999888528831445
Fibroblasts,Tumor core,HMGN2,-0.25358108,-0.3749311,0.7998192148675912,0.999888528831445
Fibroblasts,Tumor core,MEG3,-1.9344282,-0.37380642,0.053060493882304445,0.4507794170532059
Fibroblasts,Tumor core,ETS1,0.83398664,0.3729261,0.40428850207674727,0.999888528831445
Fibroblasts,Tumor core,CD81,-1.6579247,-0.37168118,0.09733267381504761,0.6915487715674722
Fibroblasts,Tumor core,RSPO3,0.39279792,0.37128416,0.6944687518167598,0.999888528831445
Fibroblasts,Tumor core,BMP2,-0.33081913,-0.36993846,0.7407811151830146,0.999888528831445
Fibroblasts,Tumor core,TNFRSF14,-0.6564328,-0.3698925,0.5115456822065165,0.999888528831445
Fibroblasts,Tumor core,CDH1,0.44218224,0.36887005,0.658357340464243,0.999888528831445
Fibroblasts,Tumor core,HSPA1A,1.5901453,0.36610138,0.11180203590041025,0.7505591221286283
Fibroblasts,Tumor core,EGFR,-0.5039851,-0.36539268,0.6142718560654307,0.999888528831445
Fibroblasts,Tumor core,ARTN,-0.3105873,-0.3649714,0.7561143996080759,0.999888528831445
Fibroblasts,Tumor core,CSF2RB,-0.20886405,-0.3626992,0.8345543723216674,0.999888528831445
Fibroblasts,Tumor core,WNT9A,-0.17615159,-0.3625118,0.8601748557754505,0.999888528831445
Fibroblasts,Tumor core,INS,0.2575964,0.35890007,0.7967184062320128,0.999888528831445
Fibroblasts,Tumor core,IGFBP3,1.4546335,0.35755712,0.14577077160799384,0.897050902203039
Fibroblasts,Tumor core,RYK,0.8770479,0.35675517,0.38046062717565643,0.999888528831445
Fibroblasts,Tumor core,CXCL14,0.40605468,0.3556924,0.6847024244677158,0.999888528831445
Fibroblasts,Tumor core,CD86,0.277673,0.35528255,0.7812633763358248,0.999888528831445
Fibroblasts,Tumor core,PDGFB,-0.12028892,-0.35238862,0.9042542766367209,0.999888528831445
Fibroblasts,Tumor core,TP53,-0.19805476,-0.35092986,0.8430022231448973,0.999888528831445
Fibroblasts,Tumor core,CHEK1,-0.22227605,-0.35092276,0.8240989939208805,0.999888528831445
Fibroblasts,Tumor core,CALB1,-0.3052059,-0.34971386,0.7602093253366757,0.999888528831445
Fibroblasts,Tumor core,PPARA,0.42951533,0.3496633,0.667548232366981,0.999888528831445
Fibroblasts,Tumor core,PECAM1,-0.23936704,-0.34830585,0.8108209817465848,0.999888528831445
Fibroblasts,Tumor core,FKBP11,1.1301581,0.34745318,0.2584096115017548,0.999888528831445
Fibroblasts,Tumor core,IL6,-0.26149273,-0.34564552,0.7937125670628074,0.999888528831445
Fibroblasts,Tumor core,GPER1,0.39261162,0.34550878,0.6946063502497317,0.999888528831445
Fibroblasts,Tumor core,RPL22,1.6118829,0.3445411,0.10698740556386922,0.7389058225993845
Fibroblasts,Tumor core,SEC61G,0.90539837,0.3430684,0.365254392686879,0.999888528831445
Fibroblasts,Tumor core,NRXN1,0.24563323,0.3426537,0.8059661672913084,0.999888528831445
Fibroblasts,Tumor core,CD58,0.294645,0.34257624,0.7682650834646214,0.999888528831445
Fibroblasts,Tumor core,COL9A3,-0.14620225,-0.34230328,0.8837617333999603,0.999888528831445
Fibroblasts,Tumor core,CXCL5,-0.16312766,-0.3417324,0.8704179236117011,0.999888528831445
Fibroblasts,Tumor core,PTPRC,-0.327492,-0.3416108,0.7432957974487078,0.999888528831445
Fibroblasts,Tumor core,ADGRE5,0.4222712,0.34075552,0.6728270757854522,0.999888528831445
Fibroblasts,Tumor core,RELT,-0.24965373,-0.3406893,0.8028551495802625,0.999888528831445
Fibroblasts,Tumor core,EFNA1,0.5789619,0.34060526,0.5626148647056526,0.999888528831445
Fibroblasts,Tumor core,RARB,0.5860198,0.33862942,0.5578622187485707,0.999888528831445
Fibroblasts,Tumor core,RB1,0.6208589,0.33797896,0.5346924526666386,0.999888528831445
Fibroblasts,Tumor core,TNFRSF9,-0.2069547,-0.3356654,0.8360452383571784,0.999888528831445
Fibroblasts,Tumor core,ITGAM,0.27716076,0.3344514,0.7816566748466186,0.999888528831445
Fibroblasts,Tumor core,TNFSF12,0.44033498,0.33375806,0.659694509776269,0.999888528831445
Fibroblasts,Tumor core,TNFSF4,-0.18809924,-0.33358726,0.8507988573604794,0.999888528831445
Fibroblasts,Tumor core,ENTPD1,0.99118966,0.33155677,0.32159298567569883,0.999888528831445
Fibroblasts,Tumor core,NCR1,-0.14279233,-0.33069718,0.8864541984922822,0.999888528831445
Fibroblasts,Tumor core,TYMS,0.49312922,0.33021992,0.6219212798053431,0.999888528831445
Fibroblasts,Tumor core,TNFRSF11B,0.5821183,0.32932782,0.5604869997500435,0.999888528831445
Fibroblasts,Tumor core,CELSR2,-0.16298795,-0.32920414,0.8705279226978773,0.999888528831445
Fibroblasts,Tumor core,PTGDR2,-0.17248295,-0.3288929,0.8630578677324307,0.999888528831445
Fibroblasts,Tumor core,B3GNT7,-0.059174266,-0.32788488,0.9528133068309235,0.999888528831445
Fibroblasts,Tumor core,TNFRSF1A,1.2633572,0.32708144,0.20646086839052658,0.999888528831445
Fibroblasts,Tumor core,ATG5,-0.33124343,-0.32670358,0.7404606231219941,0.999888528831445
Fibroblasts,Tumor core,NLRC4,-0.14656962,-0.32637122,0.8834717294431106,0.999888528831445
Fibroblasts,Tumor core,BID,-0.29194915,-0.32535648,0.7703255079382297,0.999888528831445
Fibroblasts,Tumor core,GPNMB,-0.8504515,-0.32275477,0.3950740857167224,0.999888528831445
Fibroblasts,Tumor core,ACKR4,-0.18409944,-0.3196844,0.8539354459119236,0.999888528831445
Fibroblasts,Tumor core,DUSP1,-1.9305165,-0.31836507,0.05354288129258452,0.45088742141123805
Fibroblasts,Tumor core,CD52,-0.3911421,-0.31672817,0.6956922015209308,0.999888528831445
Fibroblasts,Tumor core,MT1X,1.0955104,0.31628487,0.27329308338084424,0.999888528831445
Fibroblasts,Tumor core,CPA3,-0.17186202,-0.3156622,0.8635460062250919,0.999888528831445
Fibroblasts,Tumor core,NPPB,-0.16751036,-0.31486508,0.8669684951073136,0.999888528831445
Fibroblasts,Tumor core,RUNX3,-0.24827734,-0.31484288,0.8039198337013305,0.999888528831445
Fibroblasts,Tumor core,NRXN3,-0.1638262,-0.31417462,0.8698679658258724,0.999888528831445
Fibroblasts,Tumor core,ANXA1,1.1369675,0.31396887,0.25555183425075945,0.999888528831445
Fibroblasts,Tumor core,AQP3,0.3406608,0.31195074,0.7333589498495617,0.999888528831445
Fibroblasts,Tumor core,CTLA4,0.34290648,0.31190848,0.7316688118936407,0.999888528831445
Fibroblasts,Tumor core,FZD6,0.6085232,0.31085986,0.542840533151749,0.999888528831445
Fibroblasts,Tumor core,ST6GALNAC3,-0.15576968,-0.30995443,0.8762145686610157,0.999888528831445
Fibroblasts,Tumor core,PDGFRB,1.1159958,0.3098428,0.26442392858528474,0.999888528831445
Fibroblasts,Tumor core,CD79A,-0.1576842,-0.3087499,0.8747056473575822,0.999888528831445
Fibroblasts,Tumor core,ANGPT2,0.20477629,0.30805543,0.8377469186698621,0.999888528831445
Fibroblasts,Tumor core,TNFRSF1B,-0.31659475,-0.3054491,0.7515511280958076,0.999888528831445
Fibroblasts,Tumor core,RNF43,0.54066116,0.30412173,0.5887411762308863,0.999888528831445
Fibroblasts,Tumor core,PROK2,-0.048364975,-0.30307376,0.961425372105618,0.999888528831445
Fibroblasts,Tumor core,TLR1,0.29872242,0.30257016,0.7651518537365336,0.999888528831445
Fibroblasts,Tumor core,CXCL17,0.2640023,0.30172074,0.7917781532156154,0.999888528831445
Fibroblasts,Tumor core,CIITA,-0.31821433,-0.30019602,0.7503223698391326,0.999888528831445
Fibroblasts,Tumor core,FGF18,-0.5020913,-0.29990685,0.6156033257479101,0.999888528831445
Fibroblasts,Tumor core,CEACAM6,0.318235,0.2991206,0.7503066709491613,0.999888528831445
Fibroblasts,Tumor core,OXGR1,0.18560518,0.29723012,0.8527543865206788,0.999888528831445
Fibroblasts,Tumor core,KDR,0.2966423,0.29685906,0.7667396044476825,0.999888528831445
Fibroblasts,Tumor core,CCL26,0.31253803,0.29585728,0.7546316721933284,0.999888528831445
Fibroblasts,Tumor core,CCL4,0.37858388,0.292529,0.7049969018715032,0.999888528831445
Fibroblasts,Tumor core,IL12A,-0.17333671,-0.291983,0.862386762699893,0.999888528831445
Fibroblasts,Tumor core,PTK6,-0.18243846,-0.29106474,0.85523864371899,0.999888528831445
Fibroblasts,Tumor core,FGF13,-0.14336668,-0.28823572,0.8860005950086294,0.999888528831445
Fibroblasts,Tumor core,MS4A1,-0.10943306,-0.2881601,0.912859008399512,0.999888528831445
Fibroblasts,Tumor core,IL12RB1,0.2656322,0.28728282,0.7905224669053541,0.999888528831445
Fibroblasts,Tumor core,RGS1,-0.20864154,-0.2870229,0.8347280741789044,0.999888528831445
Fibroblasts,Tumor core,SREBF1,0.468168,0.2868591,0.6396644571804326,0.999888528831445
Fibroblasts,Tumor core,KRT20,0.22597574,0.28593457,0.8212202915395882,0.999888528831445
Fibroblasts,Tumor core,PF4,-0.09004465,-0.28587097,0.9282517367029395,0.999888528831445
Fibroblasts,Tumor core,DHRS2,0.23894791,0.28544208,0.8111459670996597,0.999888528831445
Fibroblasts,Tumor core,FLT3LG,0.49405026,0.28541887,0.6212706783699347,0.999888528831445
Fibroblasts,Tumor core,HSD3B2,-0.15127832,-0.28531566,0.8797561733361031,0.999888528831445
Fibroblasts,Tumor core,COL4A5,-0.509501,-0.2850763,0.6104011100839393,0.999888528831445
Fibroblasts,Tumor core,IFNL3,0.22203286,0.28169188,0.8242883066720432,0.999888528831445
Fibroblasts,Tumor core,CYTOR,1.0090878,0.28132692,0.3129325078563846,0.999888528831445
Fibroblasts,Tumor core,MKI67,-0.14012234,-0.28013623,0.8885633278242862,0.999888528831445
Fibroblasts,Tumor core,FYN,-0.43104178,-0.2799931,0.6664379889405507,0.999888528831445
Fibroblasts,Tumor core,COL9A2,-0.98085123,-0.27839524,0.32666611334235796,0.999888528831445
Fibroblasts,Tumor core,LIFR,-0.25320852,-0.27780965,0.8001070796220995,0.999888528831445
Fibroblasts,Tumor core,PSCA,0.16198929,0.27718288,0.8713142852820973,0.999888528831445
Fibroblasts,Tumor core,TAP2,-0.37032557,-0.2768485,0.7111399374092814,0.999888528831445
Fibroblasts,Tumor core,IL15RA,-1.0052226,-0.27656192,0.31478968602711854,0.999888528831445
Fibroblasts,Tumor core,BST2,0.8080423,0.27611262,0.4190662361084577,0.999888528831445
Fibroblasts,Tumor core,NR3C1,0.62211627,0.27562067,0.5338654010587573,0.999888528831445
Fibroblasts,Tumor core,OAS3,0.67436206,0.27453837,0.5000811580562811,0.999888528831445
Fibroblasts,Tumor core,FFAR4,-0.14975187,-0.2743651,0.8809603808699413,0.999888528831445
Fibroblasts,Tumor core,MERTK,-0.13267122,-0.2735135,0.8944533980384451,0.999888528831445
Fibroblasts,Tumor core,ITGAX,0.25982657,0.27309194,0.794997560423918,0.999888528831445
Fibroblasts,Tumor core,TNFRSF17,0.21839009,0.2724107,0.827125187423509,0.999888528831445
Fibroblasts,Tumor core,AATK,0.17027348,0.27229995,0.8647950638856613,0.999888528831445
Fibroblasts,Tumor core,ALCAM,-0.1421507,-0.27038237,0.8869609706955776,0.999888528831445
Fibroblasts,Tumor core,GPX1,-1.1317933,-0.2703273,0.25772138472750405,0.999888528831445
Fibroblasts,Tumor core,IL13RA1,0.732548,0.26731265,0.4638341462154678,0.999888528831445
Fibroblasts,Tumor core,KRT23,-0.20275827,-0.26706263,0.8393239747406349,0.999888528831445
Fibroblasts,Tumor core,CD44,0.9829469,0.26704288,0.3256335978624124,0.999888528831445
Fibroblasts,Tumor core,IL15,0.30477127,0.26683417,0.7605403645664214,0.999888528831445
Fibroblasts,Tumor core,MYC,0.29542115,0.26633948,0.7676721737535414,0.999888528831445
Fibroblasts,Tumor core,WNT10B,0.30041444,0.26627433,0.7638610523192195,0.999888528831445
Fibroblasts,Tumor core,BMPR1A,0.45329162,0.26591897,0.6503387525027473,0.999888528831445
Fibroblasts,Tumor core,GZMB,-0.11201508,-0.26581052,0.9108114465395348,0.999888528831445
Fibroblasts,Tumor core,GSTP1,1.0612249,0.26561138,0.2885876855594506,0.999888528831445
Fibroblasts,Tumor core,STAT6,-0.44014353,-0.26369175,0.6598331582450312,0.999888528831445
Fibroblasts,Tumor core,SRC,-0.30524215,-0.26174015,0.7601817407155463,0.999888528831445
Fibroblasts,Tumor core,AR,-0.13723503,-0.2613459,0.8908450182202867,0.999888528831445
Fibroblasts,Tumor core,CD34,0.42726448,0.26133156,0.6691866988584092,0.999888528831445
Fibroblasts,Tumor core,KLK3,-0.10695971,-0.2610586,0.9148209431209366,0.999888528831445
Fibroblasts,Tumor core,ATG10,-0.2412143,-0.26039958,0.8093890281234865,0.999888528831445
Fibroblasts,Tumor core,EPHA4,0.26656362,0.26005515,0.7898051757136335,0.999888528831445
Fibroblasts,Tumor core,ATF3,0.6953597,0.25867906,0.48682990143474647,0.999888528831445
Fibroblasts,Tumor core,CRIP1,0.6798935,0.25831994,0.4965719125757715,0.999888528831445
Fibroblasts,Tumor core,CUZD1,-0.1791372,-0.2583188,0.8578299693242104,0.999888528831445
Fibroblasts,Tumor core,HSP90B1,1.1927216,0.2577677,0.23297842802883806,0.999888528831445
Fibroblasts,Tumor core,ACVRL1,-0.19701988,-0.25737807,0.84381198155538,0.999888528831445
Fibroblasts,Tumor core,SPOCK2,-0.22913729,-0.2571004,0.8187622143376369,0.999888528831445
Fibroblasts,Tumor core,BST1,-0.21119769,-0.25324398,0.8327330104958376,0.999888528831445
Fibroblasts,Tumor core,HPGDS,0.45301738,0.2526177,0.6505362145735316,0.999888528831445
Fibroblasts,Tumor core,NRG4,0.24061924,0.25260797,0.8098502322729337,0.999888528831445
Fibroblasts,Tumor core,IFI27,0.51105845,0.25251138,0.609310113770458,0.999888528831445
Fibroblasts,Tumor core,IL17RB,-0.122876115,-0.25156626,0.9022051974672579,0.999888528831445
Fibroblasts,Tumor core,IGF2R,-0.4466788,-0.25097367,0.6551070087726987,0.999888528831445
Fibroblasts,Tumor core,LTF,0.2587865,0.2509288,0.7957999658851082,0.999888528831445
Fibroblasts,Tumor core,EPHB4,0.4657826,0.24973519,0.6413711180096138,0.999888528831445
Fibroblasts,Tumor core,HLA.DRB5,-0.5192392,-0.2497279,0.6035939639443514,0.999888528831445
Fibroblasts,Tumor core,HBA1,-0.16795018,-0.24969877,0.8666224692019999,0.999888528831445
Fibroblasts,Tumor core,STMN1,-0.26336068,-0.24768099,0.7922726035475767,0.999888528831445
Fibroblasts,Tumor core,CYSTM1,0.4579434,0.24669439,0.646993097489031,0.999888528831445
Fibroblasts,Tumor core,ADGRL1,0.34460887,0.24498534,0.7303884448197853,0.999888528831445
Fibroblasts,Tumor core,CLEC5A,-0.16419876,-0.24460731,0.8695746807228723,0.999888528831445
Fibroblasts,Tumor core,PTGES2,-0.4889535,-0.2444618,0.6248746180651823,0.999888528831445
Fibroblasts,Tumor core,TNFRSF13B,-0.03625174,-0.2431085,0.9710816301179038,0.999888528831445
Fibroblasts,Tumor core,IL2,0.12202752,0.24254048,0.9028772243145783,0.999888528831445
Fibroblasts,Tumor core,PCNA,-0.30022815,-0.2414326,0.764003126825573,0.999888528831445
Fibroblasts,Tumor core,GDF10,-0.18577076,-0.24136566,0.8526245306684538,0.999888528831445
Fibroblasts,Tumor core,HTT,-0.31380576,-0.24038076,0.7536685801832035,0.999888528831445
Fibroblasts,Tumor core,DDR1,-0.2792305,-0.2403314,0.7800679339459022,0.999888528831445
Fibroblasts,Tumor core,CCRL2,0.3446192,0.23987079,0.7303806637262832,0.999888528831445
Fibroblasts,Tumor core,HDAC11,-0.23420818,-0.23930052,0.8148233625059961,0.999888528831445
Fibroblasts,Tumor core,BMP3,0.24808072,0.23905258,0.8040719611825234,0.999888528831445
Fibroblasts,Tumor core,MMP2,1.6027502,0.23628776,0.10898981665542778,0.7420583261646146
Fibroblasts,Tumor core,SERPINH1,1.1043638,0.23265785,0.26943536089776554,0.999888528831445
Fibroblasts,Tumor core,SMARCB1,0.59218246,0.23236357,0.5537284012991038,0.999888528831445
Fibroblasts,Tumor core,HCAR3,-0.19935353,-0.23035906,0.8419862112653962,0.999888528831445
Fibroblasts,Tumor core,PNOC,0.28305954,0.229724,0.7771311878514122,0.999888528831445
Fibroblasts,Tumor core,SYK,0.21476802,0.22846721,0.8299481881553852,0.999888528831445
Fibroblasts,Tumor core,EPOR,0.44467112,0.22776058,0.6565574473309584,0.999888528831445
Fibroblasts,Tumor core,LAIR1,0.14446366,0.22769803,0.8851343571324265,0.999888528831445
Fibroblasts,Tumor core,TNFSF9,-0.21442133,-0.22719312,0.8302185054119767,0.999888528831445
Fibroblasts,Tumor core,TWIST1,0.47702655,0.226658,0.6333432211365173,0.999888528831445
Fibroblasts,Tumor core,TBX21,0.09944133,0.22663592,0.920787869781082,0.999888528831445
Fibroblasts,Tumor core,COL4A2,1.1190693,0.22645834,0.2631105358051983,0.999888528831445
Fibroblasts,Tumor core,ITGA1,-0.6443765,-0.22612108,0.5193313204136571,0.999888528831445
Fibroblasts,Tumor core,SMAD3,0.55265534,0.22587056,0.5804994316455265,0.999888528831445
Fibroblasts,Tumor core,RXRB,-0.36761418,-0.2257948,0.7131609443597591,0.999888528831445
Fibroblasts,Tumor core,JAK1,0.700027,0.22449571,0.48391043789715993,0.999888528831445
Fibroblasts,Tumor core,FGFR3,0.28534144,0.22291006,0.7753825562309455,0.999888528831445
Fibroblasts,Tumor core,SLC2A4,0.3252101,0.22268254,0.7450220726388809,0.999888528831445
Fibroblasts,Tumor core,SERPINB5,-0.35071462,-0.22230801,0.7258024463775071,0.999888528831445
Fibroblasts,Tumor core,XBP1,0.670445,0.22212756,0.5025741248160462,0.999888528831445
Fibroblasts,Tumor core,NR1H2,0.5824081,0.22128193,0.5602918503150522,0.999888528831445
Fibroblasts,Tumor core,CLEC10A,-0.17149982,-0.22124244,0.8638307777480699,0.999888528831445
Fibroblasts,Tumor core,IL2RA,-0.23432203,-0.2211585,0.8147349925983247,0.999888528831445
Fibroblasts,Tumor core,FZD5,-0.18072057,-0.22109419,0.8565869148495946,0.999888528831445
Fibroblasts,Tumor core,FAS,-0.5507822,-0.21901472,0.5817829706848106,0.999888528831445
Fibroblasts,Tumor core,CD37,-0.24497607,-0.2181599,0.8064749540566963,0.999888528831445
Fibroblasts,Tumor core,CCL4L2,-0.1265344,-0.21769765,0.8993089142858267,0.999888528831445
Fibroblasts,Tumor core,SAA1,0.3564375,0.21643797,0.7215129479567411,0.999888528831445
Fibroblasts,Tumor core,IL1A,-0.071773894,-0.21571259,0.9427818497920255,0.999888528831445
Fibroblasts,Tumor core,KRT6C,0.21260512,0.21558182,0.8316349727477247,0.999888528831445
Fibroblasts,Tumor core,CD70,-0.15035728,-0.21471082,0.8804827468221236,0.999888528831445
Fibroblasts,Tumor core,CD14,-0.34780663,-0.21443291,0.7279854110274226,0.999888528831445
Fibroblasts,Tumor core,MMP10,0.12509075,0.21337111,0.900451702560672,0.999888528831445
Fibroblasts,Tumor core,NOSIP,-0.23780955,-0.21320273,0.8120288074680053,0.999888528831445
Fibroblasts,Tumor core,UPK3A,0.4832824,0.21299972,0.6288952534963854,0.999888528831445
Fibroblasts,Tumor core,CLOCK,0.2918146,0.21154018,0.7704283740378701,0.999888528831445
Fibroblasts,Tumor core,BMP4,0.40402633,0.2105181,0.6861933642252368,0.999888528831445
Fibroblasts,Tumor core,S100P,-0.13491173,-0.21025443,0.8926816595172382,0.999888528831445
Fibroblasts,Tumor core,CD3G,-0.06314819,-0.20764746,0.9496484982703841,0.999888528831445
Fibroblasts,Tumor core,ATM,0.40674806,0.20532225,0.6841930477450469,0.999888528831445
Fibroblasts,Tumor core,FPR1,0.14558649,0.20420316,0.8842478312839084,0.999888528831445
Fibroblasts,Tumor core,OLR1,0.252422,0.20352827,0.8007148832399248,0.999888528831445
Fibroblasts,Tumor core,GADD45B,-0.96521425,-0.20299445,0.3344375192821626,0.999888528831445
Fibroblasts,Tumor core,KRT14,-0.3889016,-0.20178133,0.6973489432628586,0.999888528831445
Fibroblasts,Tumor core,ARG1,0.16289999,0.20146653,0.8705971826669368,0.999888528831445
Fibroblasts,Tumor core,KRT6A,-0.203017,-0.20034905,0.8391217518669993,0.999888528831445
Fibroblasts,Tumor core,EPHA7,0.13484964,0.19995262,0.8927307536418508,0.999888528831445
Fibroblasts,Tumor core,RAMP2,-0.113582924,-0.19838993,0.9095684255052658,0.999888528831445
Fibroblasts,Tumor core,FGF1,0.35081813,0.19829287,0.725724801710739,0.999888528831445
Fibroblasts,Tumor core,ADGRF5,-0.082733236,-0.19818184,0.9340636538201368,0.999888528831445
Fibroblasts,Tumor core,IRF3,-0.45219985,-0.19803664,0.6511250206256054,0.999888528831445
Fibroblasts,Tumor core,GATA3,0.21489738,0.1979062,0.8298473286616979,0.999888528831445
Fibroblasts,Tumor core,CTSW,-0.07489405,-0.19742164,0.9402990131955405,0.999888528831445
Fibroblasts,Tumor core,ACVR1B,0.18498427,0.19574143,0.8532413814820944,0.999888528831445
Fibroblasts,Tumor core,LAG3,-0.023289906,-0.19545521,0.9814190230818728,0.999888528831445
Fibroblasts,Tumor core,UCP1,0.13957903,0.1942672,0.8889926082367193,0.999888528831445
Fibroblasts,Tumor core,ACE2,-0.0708839,-0.19417758,0.9434901582366203,0.999888528831445
Fibroblasts,Tumor core,CLEC4A,0.2882184,0.19366114,0.7731795553882101,0.999888528831445
Fibroblasts,Tumor core,ITK,-0.06754125,-0.1928288,0.9461508274845866,0.999888528831445
Fibroblasts,Tumor core,IL7,-0.10143864,-0.1925716,0.9192022633391213,0.999888528831445
Fibroblasts,Tumor core,CD8B,0.079778664,0.19119933,0.9364132921664404,0.999888528831445
Fibroblasts,Tumor core,STAT5A,0.53161114,0.19051562,0.5949953553980696,0.999888528831445
Fibroblasts,Tumor core,PGF,-0.06170454,-0.18944776,0.9507981246559288,0.999888528831445
Fibroblasts,Tumor core,IFNA1,-0.08930471,-0.18922998,0.9288397519926619,0.999888528831445
Fibroblasts,Tumor core,IFNL2,0.18504117,0.18903764,0.8531967379456507,0.999888528831445
Fibroblasts,Tumor core,IL3RA,-0.07831949,-0.18827635,0.9375739146003489,0.999888528831445
Fibroblasts,Tumor core,SOX2,0.1573427,0.18756662,0.8749747730720616,0.999888528831445
Fibroblasts,Tumor core,CLEC4E,0.24515718,0.1874001,0.8063347290461751,0.999888528831445
Fibroblasts,Tumor core,IL24,-0.27627075,-0.18629007,0.7823401140878073,0.999888528831445
Fibroblasts,Tumor core,CSK,-0.2182866,-0.18576398,0.8272058137778894,0.999888528831445
Fibroblasts,Tumor core,TEK,-0.035770524,-0.18561096,0.9714653374858565,0.999888528831445
Fibroblasts,Tumor core,CSF2,0.110804275,0.18530624,0.9117715529410709,0.999888528831445
Fibroblasts,Tumor core,EZR,0.44356897,0.18305771,0.6573542443268089,0.999888528831445
Fibroblasts,Tumor core,PTK2,0.5647841,0.1814454,0.5722206161387924,0.999888528831445
Fibroblasts,Tumor core,CSF1R,0.2336183,0.18131988,0.8152813170126649,0.999888528831445
Fibroblasts,Tumor core,ADGRV1,0.004408576,-0.18022832,0.9964824767305421,0.999888528831445
Fibroblasts,Tumor core,SMAD4,-0.4538246,-0.17988487,0.6499550756720704,0.999888528831445
Fibroblasts,Tumor core,DUSP4,-0.012894567,-0.17906578,0.9897119090657823,0.999888528831445
Fibroblasts,Tumor core,WNT7A,-0.11235142,-0.178065,0.9105447733655856,0.999888528831445
Fibroblasts,Tumor core,WNT2B,0.13904607,0.17753619,0.889413743511507,0.999888528831445
Fibroblasts,Tumor core,ENG,0.7184116,0.17723839,0.4725035380201813,0.999888528831445
Fibroblasts,Tumor core,SOX9,-0.10999707,-0.17674589,0.9124116955273112,0.999888528831445
Fibroblasts,Tumor core,TOP2A,0.2614772,0.17661974,0.7937245364726471,0.999888528831445
Fibroblasts,Tumor core,CFLAR,-0.32518938,-0.17384279,0.7450377363405813,0.999888528831445
Fibroblasts,Tumor core,HLA.B,0.78689456,0.17361,0.4313435797504368,0.999888528831445
Fibroblasts,Tumor core,ARF1,0.78955424,0.17324314,0.4297881558076502,0.999888528831445
Fibroblasts,Tumor core,PDCD1,0.2001659,0.17142051,0.8413508314696294,0.999888528831445
Fibroblasts,Tumor core,PTHLH,-0.07701037,-0.17047875,0.9386152952024552,0.999888528831445
Fibroblasts,Tumor core,COL18A1,-0.5982417,-0.17035042,0.5496786822702269,0.999888528831445
Fibroblasts,Tumor core,MMP19,0.44927114,0.17033342,0.6532360725990349,0.999888528831445
Fibroblasts,Tumor core,SMAD2,0.5000318,0.17027023,0.617052645582862,0.999888528831445
Fibroblasts,Tumor core,C9orf16,0.31818327,0.17024857,0.7503459183679573,0.999888528831445
Fibroblasts,Tumor core,FFAR2,-0.11130102,-0.17002986,0.9113776474726347,0.999888528831445
Fibroblasts,Tumor core,XCL2,-0.13175018,-0.16994046,0.895181887235581,0.999888528831445
Fibroblasts,Tumor core,CYP1B1,-0.38291484,-0.16894123,0.7017829149240882,0.999888528831445
Fibroblasts,Tumor core,PLAC8,-0.11770691,-0.16763096,0.906299893538765,0.999888528831445
Fibroblasts,Tumor core,TNFRSF18,-0.12465093,-0.16671857,0.9007999049890986,0.999888528831445
Fibroblasts,Tumor core,TGFBR2,-0.38926896,-0.16662903,0.6970771843537205,0.999888528831445
Fibroblasts,Tumor core,MAML2,0.33645403,0.16656888,0.7365285128781712,0.999888528831445
Fibroblasts,Tumor core,FLT1,-0.24322714,-0.16441733,0.8078294465169864,0.999888528831445
Fibroblasts,Tumor core,EIF5A,0.6678734,0.16402061,0.5042144207681993,0.999888528831445
Fibroblasts,Tumor core,CLEC4D,0.10920022,0.16313313,0.9130436869114569,0.999888528831445
Fibroblasts,Tumor core,EPHA2,0.28790277,0.16277254,0.7734211626503793,0.999888528831445
Fibroblasts,Tumor core,GCG,-0.08640705,-0.16223381,0.9311428402581595,0.999888528831445
Fibroblasts,Tumor core,CD8A,0.1973614,0.15730357,0.8435447429850997,0.999888528831445
Fibroblasts,Tumor core,PLA2R1,-0.23806827,-0.15712233,0.8118281409018019,0.999888528831445
Fibroblasts,Tumor core,WNT3,-0.119248874,-0.15703537,0.9050781869539654,0.999888528831445
Fibroblasts,Tumor core,CDKN1A,0.70848715,0.1565587,0.4786428033497546,0.999888528831445
Fibroblasts,Tumor core,HAVCR2,0.0063800164,-0.15481007,0.9949095178204677,0.999888528831445
Fibroblasts,Tumor core,IFNGR1,-0.3132935,-0.15447564,0.7540577019332895,0.999888528831445
Fibroblasts,Tumor core,IFNB1,0.05686649,0.1542619,0.9546515482911613,0.999888528831445
Fibroblasts,Tumor core,DDR2,0.46708137,0.15293175,0.6404416590988562,0.999888528831445
Fibroblasts,Tumor core,IFIT1,-0.013634504,-0.15240091,0.9891215766763244,0.999888528831445
Fibroblasts,Tumor core,KRT10,0.065994106,0.151941,0.9473825188893773,0.999888528831445
Fibroblasts,Tumor core,BTG1,-0.07628596,-0.1505668,0.9391915984808566,0.999888528831445
Fibroblasts,Tumor core,FABP5,0.35018685,0.15043746,0.7261984779986419,0.999888528831445
Fibroblasts,Tumor core,CD63,-1.0518593,-0.14787455,0.2928641036066487,0.999888528831445
Fibroblasts,Tumor core,MAP1LC3B,-0.19187136,-0.14698005,0.8478429673583268,0.999888528831445
Fibroblasts,Tumor core,ELANE,0.0064886785,-0.14526962,0.9948228198171665,0.999888528831445
Fibroblasts,Tumor core,ABL1,0.34412766,0.14440666,0.7307502963012861,0.999888528831445
Fibroblasts,Tumor core,TNFRSF21,0.35999748,0.14325452,0.7188490183461766,0.999888528831445
Fibroblasts,Tumor core,XCL1,0.0068043163,-0.14260617,0.9945709831103157,0.999888528831445
Fibroblasts,Tumor core,HSPA1B,0.6178992,0.13877168,0.536641805434083,0.999888528831445
Fibroblasts,Tumor core,EFNB3,0.12831439,0.13840264,0.8979001726118792,0.999888528831445
Fibroblasts,Tumor core,UBE2C,-0.079225,-0.13798714,0.9368536544093268,0.999888528831445
Fibroblasts,Tumor core,TNFSF8,-0.053140935,-0.13740043,0.9576196178730222,0.999888528831445
Fibroblasts,Tumor core,LPAR5,-0.10022266,-0.13705619,0.9201675558348499,0.999888528831445
Fibroblasts,Tumor core,CD47,-0.19522437,-0.13701698,0.8452173036775343,0.999888528831445
Fibroblasts,Tumor core,MAPK14,0.45130986,0.13618122,0.6517662468677213,0.999888528831445
Fibroblasts,Tumor core,NKG7,0.012925614,-0.13599168,0.9896871397591543,0.999888528831445
Fibroblasts,Tumor core,NANOG,0.21376419,0.13585885,0.8307309529447453,0.999888528831445
Fibroblasts,Tumor core,CASP8,0.28885487,0.13585359,0.7726924469514088,0.999888528831445
Fibroblasts,Tumor core,B2M,-1.5096061,-0.13490833,0.13114396576027543,0.8393213808657627
Fibroblasts,Tumor core,RARA,0.46936846,0.13423952,0.6388062937004213,0.999888528831445
Fibroblasts,Tumor core,HLA.A,1.1118149,0.13252857,0.26621774154421163,0.999888528831445
Fibroblasts,Tumor core,HDAC1,0.32289714,0.13224988,0.7467731423420669,0.999888528831445
Fibroblasts,Tumor core,IL1RAP,-0.07255522,-0.13135155,0.9421600581434633,0.999888528831445
Fibroblasts,Tumor core,SPP1,0.37634337,0.13114914,0.7066616469334429,0.999888528831445
Fibroblasts,Tumor core,OSM,0.28643325,0.13008271,0.7745463114122457,0.999888528831445
Fibroblasts,Tumor core,GC,-0.105490185,-0.12983243,0.9159868580402055,0.999888528831445
Fibroblasts,Tumor core,GZMA,-0.12740888,-0.12931772,0.8986167890601711,0.999888528831445
Fibroblasts,Tumor core,TIGIT,0.14729404,0.12876105,0.8828999364440425,0.999888528831445
Fibroblasts,Tumor core,RPL21,0.52672136,0.12869272,0.5983871175578095,0.999888528831445
Fibroblasts,Tumor core,ICAM3,0.14196442,0.12866467,0.8871081067763665,0.999888528831445
Fibroblasts,Tumor core,CSHL1,-0.049539562,-0.12813169,0.9604893108535479,0.999888528831445
Fibroblasts,Tumor core,JAK2,-0.18377863,-0.12737243,0.8541871229607977,0.999888528831445
Fibroblasts,Tumor core,ITGB2,-0.16544579,-0.12438959,0.8685931210622514,0.999888528831445
Fibroblasts,Tumor core,BMX,0.15383963,0.12436053,0.8777361799996272,0.999888528831445
Fibroblasts,Tumor core,BCL2,-0.07368324,-0.123800635,0.9412624344636437,0.999888528831445
Fibroblasts,Tumor core,IL2RB,-0.01576635,-0.12251997,0.9874207933136666,0.999888528831445
Fibroblasts,Tumor core,ERBB3,0.12229659,0.121559575,0.9026641350737964,0.999888528831445
Fibroblasts,Tumor core,HLA.DQA1,-0.29912084,-0.1211409,0.7648478446889279,0.999888528831445
Fibroblasts,Tumor core,CAV1,-0.17834035,-0.121058196,0.8584556924100304,0.999888528831445
Fibroblasts,Tumor core,BMP7,0.10666477,0.11825768,0.9150549325533414,0.999888528831445
Fibroblasts,Tumor core,FOXF1,-0.19928625,-0.118161626,0.8420388269501295,0.999888528831445
Fibroblasts,Tumor core,OAS2,-0.038321495,-0.11755752,0.9694313532696025,0.999888528831445
Fibroblasts,Tumor core,CD5L,0.12412832,0.11403495,0.9012136762175897,0.999888528831445
Fibroblasts,Tumor core,S100A4,0.50946474,0.11400892,0.6104264924039078,0.999888528831445
Fibroblasts,Tumor core,IL1RL1,0.05754951,0.11349521,0.9541074691902621,0.999888528831445
Fibroblasts,Tumor core,ADGRA2,0.2807466,0.11322932,0.7789047633329637,0.999888528831445
Fibroblasts,Tumor core,TNFRSF10B,-0.20063677,-0.11280467,0.8409826012770374,0.999888528831445
Fibroblasts,Tumor core,MTOR,0.14199029,0.111420594,0.8870876709767949,0.999888528831445
Fibroblasts,Tumor core,FOS,0.366155,0.11049606,0.7142494205006731,0.999888528831445
Fibroblasts,Tumor core,ADM2,0.012568581,-0.11049028,0.9899719873794838,0.999888528831445
Fibroblasts,Tumor core,HMGB2,-0.004926014,-0.10959152,0.9960696250507028,0.999888528831445
Fibroblasts,Tumor core,CTSG,0.14214036,0.10919132,0.8869691448201232,0.999888528831445
Fibroblasts,Tumor core,ICOS,-0.08632944,-0.10890037,0.9312045381387869,0.999888528831445
Fibroblasts,Tumor core,RPL34,0.53712183,0.10866124,0.5911834497288233,0.999888528831445
Fibroblasts,Tumor core,OLFM4,0.10594553,0.10680355,0.9156255691854865,0.999888528831445
Fibroblasts,Tumor core,MALAT1,-0.69990283,0.106331415,0.48398799445938845,0.999888528831445
Fibroblasts,Tumor core,NEAT1,-1.837481,-0.106178336,0.06613892015018316,0.524738540034511
Fibroblasts,Tumor core,GNLY,0.29669404,0.1061092,0.7667000962493058,0.999888528831445
Fibroblasts,Tumor core,TSLP,-0.049756885,-0.1059188,0.960316124836476,0.999888528831445
Fibroblasts,Tumor core,LEP,0.0679138,0.1057166,0.9458542520148991,0.999888528831445
Fibroblasts,Tumor core,PRF1,0.057854798,0.10473518,0.9538642892200119,0.999888528831445
Fibroblasts,Tumor core,CSF1,0.36799708,0.10424493,0.7128754124715855,0.999888528831445
Fibroblasts,Tumor core,EZH2,0.20873469,0.104239985,0.834655360791807,0.999888528831445
Fibroblasts,Tumor core,BATF3,-0.0677534,-0.103881836,0.9459819433135332,0.999888528831445
Fibroblasts,Tumor core,PIGR,0.064695336,0.10372713,0.9484165777924771,0.999888528831445
Fibroblasts,Tumor core,FFAR3,0.0026803315,-0.102022186,0.9978614075421772,0.999888528831445
Fibroblasts,Tumor core,COL4A1,-0.2850103,-0.101218775,0.7756362554925974,0.999888528831445
Fibroblasts,Tumor core,CD59,0.38190064,0.09989334,0.7025350574982991,0.999888528831445
Fibroblasts,Tumor core,IL17RE,0.036929585,0.099324465,0.9705411504698137,0.999888528831445
Fibroblasts,Tumor core,C11orf96,0.46355245,0.09869945,0.6429684325570628,0.999888528831445
Fibroblasts,Tumor core,FES,-0.073812604,-0.09847351,0.9411595007151251,0.999888528831445
Fibroblasts,Tumor core,PDGFRA,-0.2862211,-0.09841273,0.7747087840421443,0.999888528831445
Fibroblasts,Tumor core,CRYAB,0.3385807,0.09764572,0.7349256234397334,0.999888528831445
Fibroblasts,Tumor core,EPHB2,-0.14319076,-0.09714325,0.8861395326549192,0.999888528831445
Fibroblasts,Tumor core,JAG1,-0.06884002,-0.09649402,0.9451169650493996,0.999888528831445
Fibroblasts,Tumor core,QRFPR,0.004299914,-0.096068926,0.9965691757066601,0.999888528831445
Fibroblasts,Tumor core,ST6GAL1,-0.030497825,-0.09555496,0.9756700283611693,0.999888528831445
Fibroblasts,Tumor core,TLR7,0.020935562,-0.09512584,0.9832970590620147,0.999888528831445
Fibroblasts,Tumor core,CX3CL1,0.034119893,-0.094826005,0.9727815446543159,0.999888528831445
Fibroblasts,Tumor core,CD300A,0.055459056,0.094148085,0.9557727473413857,0.999888528831445
Fibroblasts,Tumor core,KRT80,0.11071114,0.09378432,0.9118454126330644,0.999888528831445
Fibroblasts,Tumor core,ADGRD1,-0.15834135,-0.09369268,0.8741878250403087,0.999888528831445
Fibroblasts,Tumor core,LY75,-0.07331586,-0.09312863,0.9415547716536219,0.999888528831445
Fibroblasts,Tumor core,BRCA1,0.11027132,0.09278847,0.9121942047912669,0.999888528831445
Fibroblasts,Tumor core,ADIRF,0.05146443,-0.09261915,0.9589554433712113,0.999888528831445
Fibroblasts,Tumor core,GLUL,0.3311503,0.09218862,0.7405309711812688,0.999888528831445
Fibroblasts,Tumor core,TNFSF18,0.0136552015,0.09053152,0.9891050639663339,0.999888528831445
Fibroblasts,Tumor core,SUCNR1,0.10273741,0.08987313,0.9181713803306657,0.999888528831445
Fibroblasts,Tumor core,CENPF,0.1280712,0.08976164,0.8980926271613571,0.999888528831445
Fibroblasts,Tumor core,TGFB1,-0.14129175,-0.089183904,0.8876394638716032,0.999888528831445
Fibroblasts,Tumor core,IL17B,0.11800702,0.08904309,0.906062094250434,0.999888528831445
Fibroblasts,Tumor core,IFNAR1,0.23291458,0.088326864,0.8158277312506748,0.999888528831445
Fibroblasts,Tumor core,CRP,0.30875555,0.08822853,0.7575074870047248,0.999888528831445
Fibroblasts,Tumor core,ETV4,-0.065921664,-0.08779802,0.9474401931638781,0.999888528831445
Fibroblasts,Tumor core,FZD7,0.29387403,0.087664954,0.7688541747005497,0.999888528831445
Fibroblasts,Tumor core,TSHZ2,0.28049305,0.08664151,0.7790992523450543,0.999888528831445
Fibroblasts,Tumor core,BCL2L1,-0.033198852,-0.08636329,0.9735160124540888,0.999888528831445
Fibroblasts,Tumor core,KRT1,0.23443069,0.08598556,0.8146506417035233,0.999888528831445
Fibroblasts,Tumor core,CD274,0.13845101,0.08591906,0.8898839799606393,0.999888528831445
Fibroblasts,Tumor core,CLEC7A,0.021727242,-0.08581355,0.9826655328189314,0.999888528831445
Fibroblasts,Tumor core,TXK,0.021991136,0.085642286,0.9824550264656591,0.999888528831445
Fibroblasts,Tumor core,CCL23,0.034042276,0.08541059,0.9728434371263519,0.999888528831445
Fibroblasts,Tumor core,NPR2,0.10525216,0.08168624,0.9161757204895307,0.999888528831445
Fibroblasts,Tumor core,DNTT,0.057264917,0.081570506,0.9543341662311724,0.999888528831445
Fibroblasts,Tumor core,RBPJ,0.283815,0.08156836,0.7765521502772028,0.999888528831445
Fibroblasts,Tumor core,TYK2,0.25952646,0.081218176,0.7952290780895472,0.999888528831445
Fibroblasts,Tumor core,C5AR2,0.118048415,0.0808044,0.9060292950090337,0.999888528831445
Fibroblasts,Tumor core,CXCR2,0.035915405,-0.080602884,0.9713498119879151,0.999888528831445
Fibroblasts,Tumor core,LGALS3,0.4044713,0.07923414,0.6858661654530691,0.999888528831445
Fibroblasts,Tumor core,PTPRCAP,0.19472246,0.079109535,0.8456102341847833,0.999888528831445
Fibroblasts,Tumor core,AZGP1,0.0001397084,-0.07906244,0.999888528831445,0.999888528831445
Fibroblasts,Tumor core,TNFRSF10D,0.06470051,-0.07873976,0.9484124578623401,0.999888528831445
Fibroblasts,Tumor core,OXER1,0.14357883,0.076084174,0.8858330572139633,0.999888528831445
Fibroblasts,Tumor core,HLA.E,0.40895233,0.07600587,0.6825746410785263,0.999888528831445
Fibroblasts,Tumor core,ADGRL2,0.10003121,0.07581964,0.9203195488134461,0.999888528831445
Fibroblasts,Tumor core,SOD1,-0.07187738,-0.07573375,0.9426994912706506,0.999888528831445
Fibroblasts,Tumor core,IL27RA,-0.06288947,-0.0747635,0.9498545168655871,0.999888528831445
Fibroblasts,Tumor core,HDAC3,-0.11511972,-0.07460926,0.9083502335356641,0.999888528831445
Fibroblasts,Tumor core,TLR5,-0.05431552,-0.07460759,0.9566837861139071,0.999888528831445
Fibroblasts,Tumor core,TIMP1,-2.0517573,-0.07403126,0.04019324102545414,0.3746166153828736
Fibroblasts,Tumor core,SCG5,0.018389763,-0.07386566,0.985327918301434,0.999888528831445
Fibroblasts,Tumor core,KRT13,0.0359568,-0.07297802,0.9713168048130963,0.999888528831445
Fibroblasts,Tumor core,IL23A,0.1888547,0.07233574,0.8502066990997348,0.999888528831445
Fibroblasts,Tumor core,MMP9,0.028831672,0.07191984,0.976998840306809,0.999888528831445
Fibroblasts,Tumor core,DMBT1,0.15945384,0.07026972,0.8733113196350354,0.999888528831445
Fibroblasts,Tumor core,AHI1,-0.0030270151,-0.07007417,0.9975847950284668,0.999888528831445
Fibroblasts,Tumor core,NLRP2,0.039640963,0.06955924,0.9683793696511449,0.999888528831445
Fibroblasts,Tumor core,SNAI2,0.3668794,0.06946587,0.7137089694392726,0.999888528831445
Fibroblasts,Tumor core,SAA2,-0.0076063457,-0.067131095,0.9939310726579079,0.999888528831445
Fibroblasts,Tumor core,HSD17B2,0.0626825,-0.06691504,0.9500193341559189,0.999888528831445
Fibroblasts,Tumor core,COL6A1,-1.0781969,-0.06610715,0.2809458828870529,0.999888528831445
Fibroblasts,Tumor core,VEGFD,-0.12010782,-0.065396555,0.9043977362209248,0.999888528831445
Fibroblasts,Tumor core,CPB1,0.037814405,0.06411471,0.9698356592628533,0.999888528831445
Fibroblasts,Tumor core,IL10,0.086551934,0.0634685,0.9310276719883611,0.999888528831445
Fibroblasts,Tumor core,PDGFA,0.23177105,0.061872028,0.8167158453050198,0.999888528831445
Fibroblasts,Tumor core,ADGRB3,-0.06884002,-0.060928755,0.9451169650493996,0.999888528831445
Fibroblasts,Tumor core,LINC02446,0.18308009,0.060628753,0.8547351807362327,0.999888528831445
Fibroblasts,Tumor core,WNT5B,0.0013298169,-0.0598625,0.9989389599271027,0.999888528831445
Fibroblasts,Tumor core,DST,0.22506504,0.058736555,0.8219286734399983,0.999888528831445
Fibroblasts,Tumor core,CD4,0.15356022,0.058280777,0.877956504470209,0.999888528831445
Fibroblasts,Tumor core,SST,-0.0077098333,-0.058269095,0.9938485038429243,0.999888528831445
Fibroblasts,Tumor core,YBX3,0.2783198,0.058153298,0.7807668672244494,0.999888528831445
Fibroblasts,Tumor core,CCL8,-0.0029545738,-0.056624558,0.9976425946353138,0.999888528831445
Fibroblasts,Tumor core,S100A2,0.17736757,0.055924643,0.8592196826592755,0.999888528831445
Fibroblasts,Tumor core,JUNB,-0.50396955,-0.05523333,0.6142827645930384,0.999888528831445
Fibroblasts,Tumor core,STAT5B,-0.015285133,-0.054597307,0.9878047032851763,0.999888528831445
Fibroblasts,Tumor core,GPBAR1,-0.07516312,-0.05423183,0.9400849313948203,0.999888528831445
Fibroblasts,Tumor core,KRT86,0.1397653,0.05397468,0.8888454227072742,0.999888528831445
Fibroblasts,Tumor core,SMO,-0.0891857,-0.053882204,0.9289343315142492,0.999888528831445
Fibroblasts,Tumor core,RPL32,-0.052457914,-0.053881403,0.958163828922587,0.999888528831445
Fibroblasts,Tumor core,PTGS1,-0.0960935,-0.05328857,0.9234463123102855,0.999888528831445
Fibroblasts,Tumor core,MAPK13,0.07515277,0.053247947,0.9400931652302731,0.999888528831445
Fibroblasts,Tumor core,TAP1,-0.053865347,-0.052374564,0.957042445925613,0.999888528831445
Fibroblasts,Tumor core,OAS1,0.022099799,-0.05215018,0.982368347733259,0.999888528831445
Fibroblasts,Tumor core,TWIST2,-0.064612545,0.051925294,0.9484824968621653,0.999888528831445
Fibroblasts,Tumor core,ANGPT4,0.009991737,0.050272953,0.9920278797908914,0.999888528831445
Fibroblasts,Tumor core,CDH5,-0.067691304,-0.04959594,0.9460313725760795,0.999888528831445
Fibroblasts,Tumor core,TNFSF10,0.18052395,0.04951367,0.8567412618127535,0.999888528831445
Fibroblasts,Tumor core,CD33,0.032262288,-0.04939103,0.974262881950543,0.999888528831445
Fibroblasts,Tumor core,CLEC2D,0.13142937,0.048726648,0.8954356514540583,0.999888528831445
Fibroblasts,Tumor core,CCL15,-0.019962776,-0.048345983,0.984073066384157,0.999888528831445
Fibroblasts,Tumor core,SPRY2,0.20100933,0.04754102,0.840691278957602,0.999888528831445
Fibroblasts,Tumor core,OSMR,0.17634821,0.047147654,0.8600203883459796,0.999888528831445
Fibroblasts,Tumor core,PRSS2,0.028505687,0.047065847,0.9772588328347999,0.999888528831445
Fibroblasts,Tumor core,STAT1,-0.019383246,-0.047023356,0.9845353758287442,0.999888528831445
Fibroblasts,Tumor core,CCL18,0.030063177,-0.0467215,0.9760166685954725,0.999888528831445
Fibroblasts,Tumor core,ANGPTL1,0.017882675,-0.04647481,0.9857324508192707,0.999888528831445
Fibroblasts,Tumor core,CCL28,-0.01799651,-0.04411539,0.9856416370738841,0.999888528831445
Fibroblasts,Tumor core,IFNGR2,0.1737455,-0.043765694,0.8620654808726438,0.999888528831445
Fibroblasts,Tumor core,CXCR5,0.02994934,0.04350984,0.9761074560746693,0.999888528831445
Fibroblasts,Tumor core,BTK,0.12065113,0.043181438,0.9039673668485378,0.999888528831445
Fibroblasts,Tumor core,LGALS3BP,0.15785496,0.041607324,0.874571089933005,0.999888528831445
Fibroblasts,Tumor core,GDF9,-0.07847989,-0.036825046,0.9374463219124692,0.999888528831445
Fibroblasts,Tumor core,PHLDA2,0.13858555,0.036487233,0.8897776622377562,0.999888528831445
Fibroblasts,Tumor core,KRT18,0.14717503,0.035445184,0.8829938696850561,0.999888528831445
Fibroblasts,Tumor core,VTN,0.088218085,0.035258215,0.9297033412902028,0.999888528831445
Fibroblasts,Tumor core,ITGA9,0.16087162,0.035244495,0.8721945103001063,0.999888528831445
Fibroblasts,Tumor core,ACVR2A,0.0283815,-0.034685142,0.9773578782443627,0.999888528831445
Fibroblasts,Tumor core,EGF,0.13834235,-0.03326742,0.8899698534133722,0.999888528831445
Fibroblasts,Tumor core,MZT2A,-0.9479525,-0.0322405,0.3431536436400977,0.999888528831445
Fibroblasts,Tumor core,TLR8,0.048235618,-0.031615105,0.9615284658260497,0.999888528831445
Fibroblasts,Tumor core,G6PD,0.06040577,0.031343,0.951832463930611,0.999888528831445
Fibroblasts,Tumor core,FGR,0.06822944,0.031235974,0.945602992556503,0.999888528831445
Fibroblasts,Tumor core,CHI3L1,0.12794185,0.031149926,0.8981949990455288,0.999888528831445
Fibroblasts,Tumor core,PARP1,0.030746195,0.030926922,0.9754719502861344,0.999888528831445
Fibroblasts,Tumor core,LEFTY1,-0.052871864,0.030918736,0.9578340017001434,0.999888528831445
Fibroblasts,Tumor core,ADGRF4,0.014715951,0.029995523,0.9882587939865732,0.999888528831445
Fibroblasts,Tumor core,RORA,0.18270236,0.029802537,0.8550315671197386,0.999888528831445
Fibroblasts,Tumor core,CXCL1,0.026306573,-0.029368712,0.9790128124243241,0.999888528831445
Fibroblasts,Tumor core,ADGRF3,0.044551454,0.026701715,0.9644648384105949,0.999888528831445
Fibroblasts,Tumor core,SLPI,0.030503,0.025662253,0.9756659017192602,0.999888528831445
Fibroblasts,Tumor core,ACE,0.057057943,-0.024527939,0.9544990391279574,0.999888528831445
Fibroblasts,Tumor core,FCER1G,-0.006085077,-0.023987403,0.995144841272314,0.999888528831445
Fibroblasts,Tumor core,CXCL16,0.22139123,0.023460712,0.8247878191361242,0.999888528831445
Fibroblasts,Tumor core,IL10RB,0.003011492,-0.023070972,0.9975971806574487,0.999888528831445
Fibroblasts,Tumor core,CX3CR1,-0.11165805,-0.022317382,0.9110945413631056,0.999888528831445
Fibroblasts,Tumor core,MPO,-0.023698682,0.021664701,0.981092956704798,0.999888528831445
Fibroblasts,Tumor core,ACVR1,0.08611729,0.021561567,0.9313731811207219,0.999888528831445
Fibroblasts,Tumor core,CD2,0.10049173,-0.020986924,0.9199539490119384,0.999888528831445
Fibroblasts,Tumor core,CCL3L3,-0.04645563,-0.01983309,0.962947100000066,0.999888528831445
Fibroblasts,Tumor core,IGHD,0.09607798,-0.01903521,0.9234586409522538,0.999888528831445
Fibroblasts,Tumor core,DDC,-0.0055469405,0.018710885,0.9955742044336855,0.999888528831445
Fibroblasts,Tumor core,FASN,0.059810717,-0.018600259,0.9523063916076719,0.999888528831445
Fibroblasts,Tumor core,PTGS2,0.024893966,-0.018037431,0.9801395404307871,0.999888528831445
Fibroblasts,Tumor core,CCR7,0.006535248,-0.017664086,0.9947856635486905,0.999888528831445
Fibroblasts,Tumor core,TGFBR1,0.08852855,-0.016362578,0.9294565929989758,0.999888528831445
Fibroblasts,Tumor core,IL1RN,-0.03706412,-0.01566043,0.9704338813011678,0.999888528831445
Fibroblasts,Tumor core,MX1,0.07439213,-0.015063293,0.9406983696107711,0.999888528831445
Fibroblasts,Tumor core,WNT7B,0.054113716,-0.014695646,0.9568445635700477,0.999888528831445
Fibroblasts,Tumor core,DUSP2,0.034414835,0.013992997,0.9725463547585718,0.999888528831445
Fibroblasts,Tumor core,ICAM2,0.04980863,0.013046167,0.9602748903462248,0.999888528831445
Fibroblasts,Tumor core,EFNA4,0.1633605,-0.012933321,0.8702345973732927,0.999888528831445
Fibroblasts,Tumor core,NLRP1,0.029788934,-0.011858848,0.9762353844113535,0.999888528831445
Fibroblasts,Tumor core,INSR,0.060276408,-0.011635929,0.951935490243173,0.999888528831445
Fibroblasts,Tumor core,CASP3,0.052080184,-0.01101932,0.958464802514145,0.999888528831445
Fibroblasts,Tumor core,LTBR,0.17145324,0.010453243,0.8638673925137952,0.999888528831445
Fibroblasts,Tumor core,CASR,0.072074,-0.009141166,0.9425430117685188,0.999888528831445
Fibroblasts,Tumor core,DDX58,0.0618132,-0.008780306,0.9507115900437324,0.999888528831445
Fibroblasts,Tumor core,ITGAL,0.0595106,0.008478973,0.9525454224106777,0.999888528831445
Fibroblasts,Tumor core,CMKLR1,0.07802972,-0.008429642,0.9378044086781823,0.999888528831445
Fibroblasts,Tumor core,IL11RA,0.025256172,0.008357524,0.9798506319467392,0.999888528831445
Fibroblasts,Tumor core,MMP7,0.10535048,0.008326911,0.9160977115123956,0.999888528831445
Fibroblasts,Tumor core,RPS4Y1,0.020692365,-0.0077265427,0.9834910594396131,0.999888528831445
Fibroblasts,Tumor core,SPINK1,0.028986905,0.006452282,0.9768750351982621,0.999888528831445
Fibroblasts,Tumor core,DPP4,0.03487018,0.005762709,0.9721832592636998,0.999888528831445
Fibroblasts,Tumor core,MAF,0.0334317,-0.0035226438,0.9733303302466313,0.999888528831445
Fibroblasts,Tumor core,EPHB3,0.05328064,-0.0017697572,0.9575083044015995,0.999888528831445
Fibroblasts,Tumor core,CD68,0.06642358,0.0016761445,0.947040598506448,0.999888528831445
Fibroblasts,Tumor core,KRT15,0.032019094,-0.0009464773,0.9744568241558609,0.999888528831445
Fibroblasts,Airways,PTGDS,14.507667,2.796183,1.0834445740997748e-47,2.6002669778394597e-45
Fibroblasts,Airways,COL1A1,-21.659403,-2.737739,4.956205844189238e-104,4.7579576104216685e-101
Fibroblasts,Airways,SCGB3A1,2.5718174,2.6703434,0.010116626441957287,0.1407530635402753
Fibroblasts,Airways,COL1A2,-17.698164,-2.419694,4.331981958930056e-70,2.079351340286427e-67
Fibroblasts,Airways,THBS2,-11.219882,-2.3930576,3.2570477641999276e-29,5.211276422719884e-27
Fibroblasts,Airways,GDF3,-0.7442248,-2.384039,0.45674047860154987,0.9980042994652335
Fibroblasts,Airways,APOD,5.304786,2.352918,1.1280503963762364e-07,4.3317135220847474e-06
Fibroblasts,Airways,FOS,-8.475638,-2.2944877,2.3379342465366746e-17,2.2444168766752077e-15
Fibroblasts,Airways,FGG,-0.55894387,-2.2565699,0.576200028342243,0.9980042994652335
Fibroblasts,Airways,COL3A1,-15.20246,-2.229936,3.40583119351773e-52,1.0898659819256737e-49
Fibroblasts,Airways,LUM,-10.802108,-2.176944,3.363926263204602e-27,4.61338458953774e-25
Fibroblasts,Airways,FN1,-11.577132,-2.0934234,5.38163560709792e-31,1.0332740365628008e-28
Fibroblasts,Airways,MGP,10.38051,2.074605,3.041440080053141e-25,3.6497280960637696e-23
Fibroblasts,Airways,INHBA,-5.1681123,-2.0092368,2.3647014989351842e-07,8.107547996349203e-06
Fibroblasts,Airways,SST,-0.563337,-1.9995505,0.5732054242580158,0.9980042994652335
Fibroblasts,Airways,COL11A1,-5.9003596,-1.9945056,3.6270991395675896e-09,1.8326395652552033e-07
Fibroblasts,Airways,ACTA2,-4.194267,-1.9890943,2.737558921436055e-05,0.0006738606575842597
Fibroblasts,Airways,PROK2,-0.5265152,-1.988094,0.5985302959648049,0.9980042994652335
Fibroblasts,Airways,RSPO3,-0.92336977,-1.9866694,0.35581452867484076,0.9980042994652335
Fibroblasts,Airways,COL12A1,-3.5913072,-1.9858305,0.0003290235173111254,0.006225026504382292
Fibroblasts,Airways,P2RY12,-1.0129633,-1.9695792,0.31107768405349134,0.9980042994652335
Fibroblasts,Airways,WNT2,-1.3878822,-1.9647297,0.16517289451502093,0.9980042994652335
Fibroblasts,Airways,RARRES2,-9.632181,-1.9185132,5.847486167221414e-22,6.237318578369509e-20
Fibroblasts,Airways,HILPDA,-6.156267,-1.8982577,7.447944262265292e-10,4.468766557359175e-08
Fibroblasts,Airways,GZMH,-0.67176515,-1.8978742,0.5017332370031502,0.9980042994652335
Fibroblasts,Airways,CXCL14,2.7315629,1.832477,0.006303473315906488,0.09605292671857506
Fibroblasts,Airways,JUNB,-8.428173,-1.8228996,3.511021254735273e-17,3.0641640041326022e-15
Fibroblasts,Airways,CD300A,-0.5771835,-1.8088806,0.5638155052148301,0.9980042994652335
Fibroblasts,Airways,TNFRSF13B,-0.38600096,-1.7972206,0.6994959537699939,0.9980042994652335
Fibroblasts,Airways,JUN,-8.006955,-1.7898226,1.1758313976619766e-15,9.406651181295812e-14
Fibroblasts,Airways,IGF1,-5.414116,-1.7758099,6.15922546951941e-08,2.687662023063015e-06
Fibroblasts,Airways,GDF10,2.1543732,1.748584,0.031210911861490293,0.3153944777582177
Fibroblasts,Airways,ITGB8,2.2895508,1.7429678,0.02204736852215731,0.2544888547552317
Fibroblasts,Airways,ATF3,-2.4520006,-1.7374113,0.014206439199400876,0.1794497583082216
Fibroblasts,Airways,NKG7,-0.47586492,-1.7332565,0.6341706099246565,0.9980042994652335
Fibroblasts,Airways,IGFBP3,-3.8106575,-1.7209737,0.00013859768078450162,0.003023949398934581
Fibroblasts,Airways,VCAM1,-4.7659273,-1.6973099,1.8798722588322164e-06,5.685354919879548e-05
Fibroblasts,Airways,IL7R,-0.9362607,-1.6934222,0.3491389619650139,0.9980042994652335
Fibroblasts,Airways,S100B,2.2759807,1.6913944,0.022847159883772786,0.255038063818859
Fibroblasts,Airways,EGF,-0.60574186,-1.6740022,0.5446861681683339,0.9980042994652335
Fibroblasts,Airways,PDCD1,-0.5438473,-1.6739061,0.5865465229464755,0.9980042994652335
Fibroblasts,Airways,GPX3,4.184741,1.6673508,2.8549129131044908e-05,0.0006851790991450778
Fibroblasts,Airways,BIRC5,-1.3972815,-1.656149,0.162328922696529,0.9980042994652335
Fibroblasts,Airways,CD79A,-0.46970493,-1.6211178,0.6385658505884737,0.9980042994652335
Fibroblasts,Airways,TWIST2,1.5706571,1.6157811,0.11626230655793643,0.8391865736512705
Fibroblasts,Airways,S100A2,1.6615548,1.5999693,0.09660207357716333,0.7539674035290796
Fibroblasts,Airways,CEACAM6,-0.9539655,-1.5961921,0.34010111276470567,0.9980042994652335
Fibroblasts,Airways,CLU,3.2491596,1.576703,0.0011574656747708279,0.019527959279437034
Fibroblasts,Airways,DUSP1,-6.3182664,-1.5633746,2.6451358019061873e-10,1.8138074070213857e-08
Fibroblasts,Airways,CCL2,5.3294563,1.5570608,9.85071554310204e-08,3.940286217240815e-06
Fibroblasts,Airways,GPNMB,4.7642984,1.5528301,1.8951183066265162e-06,5.685354919879548e-05
Fibroblasts,Airways,TAGLN,-6.8920784,-1.5477493,5.498300838862638e-12,4.0602836963908706e-10
Fibroblasts,Airways,ADGRB3,-1.2537384,-1.493323,0.20993710723241676,0.9980042994652335
Fibroblasts,Airways,CAV1,3.6055202,1.4711254,0.0003115281382974683,0.006103408423787134
Fibroblasts,Airways,ITGB5,-5.253427,-1.4709077,1.492949257874568e-07,5.308264027998464e-06
Fibroblasts,Airways,HLA.DPB1,3.5899792,1.4425839,0.00033070453304530925,0.006225026504382292
Fibroblasts,Airways,IGFBP5,-3.6344874,-1.4371328,0.00027853392455937277,0.00568920356546804
Fibroblasts,Airways,BMP7,1.6081641,1.4338495,0.1077992489984878,0.8026089495139435
Fibroblasts,Airways,BMP3,-0.69481856,-1.4197475,0.48716901204485075,0.9980042994652335
Fibroblasts,Airways,CD27,-0.6140894,-1.4194129,0.5391562258783491,0.9980042994652335
Fibroblasts,Airways,COL16A1,-5.924681,-1.4153836,3.1290378760102794e-09,1.6688202005388158e-07
Fibroblasts,Airways,CD9,-2.4957638,-1.4113286,0.012568627333730533,0.16590309370110892
Fibroblasts,Airways,VCAN,-5.9808183,-1.3656713,2.220192912452398e-09,1.2537559976201778e-07
Fibroblasts,Airways,DLL1,1.6979799,1.3642427,0.08951154441649528,0.7160923553319622
Fibroblasts,Airways,CD74,6.2470207,1.3621403,4.1835542465192713e-10,2.6774747177723337e-08
Fibroblasts,Airways,WNT5A,1.4132074,1.3612655,0.15759474706139132,0.9980042994652335
Fibroblasts,Airways,NLRC5,-1.5723759,-1.3597814,0.11586338948629267,0.8391865736512705
Fibroblasts,Airways,ITGB6,-0.60609645,-1.354416,0.5444507032074057,0.9980042994652335
Fibroblasts,Airways,ICAM2,-0.7113394,-1.3494391,0.47687394218059154,0.9980042994652335
Fibroblasts,Airways,IL1RAP,-1.5186547,-1.3485001,0.12884943769012566,0.8898953969965513
Fibroblasts,Airways,ANXA1,-2.7410402,-1.345864,0.006124502148505347,0.09483100100911504
Fibroblasts,Airways,COL8A1,-5.373436,-1.3075179,7.725029622912365e-08,3.224360190432987e-06
Fibroblasts,Airways,CXCL12,-4.4582815,-1.3038056,8.261939373014328e-06,0.0002266131942312501
Fibroblasts,Airways,SERPINH1,-4.9446154,-1.2987031,7.629436178378924e-07,2.4414195770812556e-05
Fibroblasts,Airways,WNT7A,-0.5375311,-1.2923752,0.5909008156879272,0.9980042994652335
Fibroblasts,Airways,GZMK,-0.95302194,-1.2917465,0.3405789472274795,0.9980042994652335
Fibroblasts,Airways,PDGFB,-0.42974,-1.2896502,0.6673847762836562,0.9980042994652335
Fibroblasts,Airways,COL5A1,-5.7310047,-1.286809,9.98375382599264e-09,4.5640017490252073e-07
Fibroblasts,Airways,LGALS1,-5.7495866,-1.2858022,8.946180636308457e-09,4.2941667054280596e-07
Fibroblasts,Airways,CD40LG,-0.30786806,-1.2541299,0.7581827325052045,0.9980042994652335
Fibroblasts,Airways,CDKN1A,-4.6826496,-1.2497983,2.831900432268892e-06,8.238255802964049e-05
Fibroblasts,Airways,ACVR2A,-0.8517935,-1.245023,0.39432869624666944,0.9980042994652335
Fibroblasts,Airways,TNFSF14,1.7010089,1.243397,0.08894131997173861,0.7160923553319622
Fibroblasts,Airways,BID,1.6119442,1.2369894,0.10697407957561074,0.8026089495139435
Fibroblasts,Airways,ITGAE,-0.6662662,-1.2360736,0.505240972996404,0.9980042994652335
Fibroblasts,Airways,JCHAIN,-0.7623563,-1.2281957,0.44584740200164874,0.9980042994652335
Fibroblasts,Airways,IGFBP7,-5.2789984,-1.2237681,1.2989189672638737e-07,4.796008494512764e-06
Fibroblasts,Airways,TNFSF15,-0.7755597,-1.1857493,0.43800899733015997,0.9980042994652335
Fibroblasts,Airways,MTRNR2L1,-0.67380846,-1.1717879,0.500433108752724,0.9980042994652335
Fibroblasts,Airways,ICOSLG,1.1572456,1.1635224,0.24717200504630843,0.9980042994652335
Fibroblasts,Airways,IL6ST,3.658911,1.1617453,0.00025328925908582443,0.005286036711356336
Fibroblasts,Airways,LY6D,-0.57285047,-1.1596229,0.5667459516226501,0.9980042994652335
Fibroblasts,Airways,BMP4,1.3520821,1.1567751,0.1763490428354081,0.9980042994652335
Fibroblasts,Airways,PTGIS,-2.6023228,-1.1508256,0.0092594639832455,0.1346831124835709
Fibroblasts,Airways,CCL23,-0.37026742,-1.136791,0.7111832538839352,0.9980042994652335
Fibroblasts,Airways,NPR1,-0.39307445,-1.1234505,0.6942644909229821,0.9980042994652335
Fibroblasts,Airways,CXCR1,0.45654353,1.1182587,0.647999165304212,0.9980042994652335
Fibroblasts,Airways,IGHM,-0.83107185,-1.1180497,0.4059330265042089,0.9980042994652335
Fibroblasts,Airways,RAMP1,-1.201814,-1.1117026,0.22943557792622882,0.9980042994652335
Fibroblasts,Airways,IL20RA,-0.6361453,-1.1095918,0.5246817450304841,0.9980042994652335
Fibroblasts,Airways,TNFRSF19,-1.915948,-1.1001302,0.0553717154674493,0.49219302637732715
Fibroblasts,Airways,HLA.DPA1,3.8266253,1.0913835,0.0001299119666508553,0.0029003601856935138
Fibroblasts,Airways,INHA,-0.5065808,-1.0901457,0.6124489699999358,0.9980042994652335
Fibroblasts,Airways,COL14A1,-4.3881836,-1.0886894,1.1430129550819248e-05,0.0002965655234807156
Fibroblasts,Airways,HSPA1A,-2.80127,-1.0856612,0.0050901913210796195,0.08144306113727391
Fibroblasts,Airways,CD70,-0.7549823,-1.0825592,0.4502596105357015,0.9980042994652335
Fibroblasts,Airways,CD69,-0.5181436,-1.073825,0.6043580825408541,0.9980042994652335
Fibroblasts,Airways,TNFSF8,0.5997742,1.0721785,0.5486567375751806,0.9980042994652335
Fibroblasts,Airways,IL18R1,-0.4456298,-1.0693667,0.6558646678108094,0.9980042994652335
Fibroblasts,Airways,PLA2R1,-1.3169851,-1.0673649,0.18784361076753608,0.9980042994652335
Fibroblasts,Airways,CXCL10,-1.1325575,-1.0673623,0.2574000967631985,0.9980042994652335
Fibroblasts,Airways,COL6A3,-4.440096,-1.064736,8.991881385086564e-06,0.00023978350360230838
Fibroblasts,Airways,HLA.DQB1,3.9062428,1.0646875,9.374234144122089e-05,0.002142682090085049
Fibroblasts,Airways,LEFTY2,-0.6463138,-1.0553393,0.5180761648750473,0.9980042994652335
Fibroblasts,Airways,FOXF1,2.5453084,1.0553362,0.010918131322741184,0.14762543760326108
Fibroblasts,Airways,CX3CR1,-0.8383497,-1.052553,0.4018343322729241,0.9980042994652335
Fibroblasts,Airways,SOX4,-2.2812634,-1.0520778,0.022532867348119472,0.2544888547552317
Fibroblasts,Airways,GDF15,2.3048036,1.0431867,0.02117757553693434,0.24793259165191422
Fibroblasts,Airways,CELSR1,-0.7581374,-1.0426074,0.4483687252971137,0.9980042994652335
Fibroblasts,Airways,NRG1,0.5473991,1.037606,0.5841045612046183,0.9980042994652335
Fibroblasts,Airways,TEK,-0.4001299,-1.0299642,0.6890608319695013,0.9980042994652335
Fibroblasts,Airways,HLA.DQA1,3.163274,1.0144796,0.0015600543921769406,0.025821589939480395
Fibroblasts,Airways,KITLG,1.339089,1.0131683,0.18054169220318106,0.9980042994652335
Fibroblasts,Airways,HLA.DRA,3.4191155,1.0122317,0.0006282504632968317,0.011168897125277008
Fibroblasts,Airways,DCN,-4.5961213,-1.0082071,4.3042820237302865e-06,0.00012153266890532574
Fibroblasts,Airways,GLUL,2.3618543,1.0049896,0.01818378900441134,0.22380048005429343
Fibroblasts,Airways,IL17A,-0.4589114,-1.0036285,0.6462977985107703,0.9980042994652335
Fibroblasts,Airways,SPRY2,1.0193156,1.0000573,0.3080531448733568,0.9980042994652335
Fibroblasts,Airways,ABL1,1.4441998,0.99941206,0.14868279403633203,0.9912186269088802
Fibroblasts,Airways,SOSTDC1,0.68057543,0.9979715,0.49614017767624796,0.9980042994652335
Fibroblasts,Airways,VEGFD,-1.4207196,-0.9938873,0.15539828740989017,0.9980042994652335
Fibroblasts,Airways,S100A10,-2.4715924,-0.9922223,0.01345127450531916,0.17450302060954587
Fibroblasts,Airways,ADGRE5,-0.4152625,-0.9886304,0.6779497545251207,0.9980042994652335
Fibroblasts,Airways,THBS1,-3.624379,-0.9855483,0.00028965666728939595,0.005793133345787919
Fibroblasts,Airways,NLRP2,-0.3428088,-0.98553264,0.7317422975403943,0.9980042994652335
Fibroblasts,Airways,SLPI,0.6251053,0.9852777,0.531901928109276,0.9980042994652335
Fibroblasts,Airways,TNFRSF14,2.3201225,0.982895,0.020334252607621856,0.2440110312914623
Fibroblasts,Airways,AHR,2.284713,0.9801013,0.022329663896283526,0.2544888547552317
Fibroblasts,Airways,VIM,-4.378009,-0.9789852,1.1976839495588857e-05,0.0003025727872569817
Fibroblasts,Airways,RSPO2,0.3814576,0.97502154,0.7028637378369859,0.9980042994652335
Fibroblasts,Airways,IGHG2,-1.4912742,-0.973196,0.13588951569914126,0.9318138219369686
Fibroblasts,Airways,RGS1,0.9048958,0.9699657,0.36552060026117117,0.9980042994652335
Fibroblasts,Airways,ENTPD1,2.4357502,0.96529394,0.014860939568163523,0.18527924656411665
Fibroblasts,Airways,TGFB2,1.5573275,0.9629838,0.11939274880916129,0.8476658077163285
Fibroblasts,Airways,CXCL6,-0.5324889,-0.96250176,0.5943874277891887,0.9980042994652335
Fibroblasts,Airways,ANGPT1,1.1796861,0.9572576,0.2381250780971771,0.9980042994652335
Fibroblasts,Airways,ACKR4,0.75510246,0.9565604,0.45018749413657067,0.9980042994652335
Fibroblasts,Airways,IFI27,-1.0716486,-0.9536042,0.28387787993192215,0.9980042994652335
Fibroblasts,Airways,CXCL1,0.7631195,0.9510702,0.44539212945984097,0.9980042994652335
Fibroblasts,Airways,HSPA1B,-1.6893079,-0.9454831,0.09116044536353803,0.720385796237886
Fibroblasts,Airways,CYP1B1,-2.0690827,-0.94350296,0.03853832442745913,0.3663048658451561
Fibroblasts,Airways,C1QC,2.011996,0.9430842,0.044220358406700355,0.4121509133051684
Fibroblasts,Airways,EPHA3,1.2008646,0.94271266,0.22980376115026135,0.9980042994652335
Fibroblasts,Airways,COL5A2,-3.9079556,-0.933746,9.30804324619291e-05,0.002142682090085049
Fibroblasts,Airways,CD4,-1.8228027,-0.93327266,0.06833327815038653,0.5857138127175988
Fibroblasts,Airways,MMP10,-0.33606586,-0.929637,0.7368212040020675,0.9980042994652335
Fibroblasts,Airways,LDLR,1.543451,0.9291693,0.12272139642768388,0.8537140621056271
Fibroblasts,Airways,BCL2,1.3537108,0.9221131,0.175828668618339,0.9980042994652335
Fibroblasts,Airways,ETS1,-1.1813989,-0.9069911,0.23744429576905213,0.9980042994652335
Fibroblasts,Airways,SNAI2,-1.7550727,-0.9056823,0.07924687458653745,0.650230765838256
Fibroblasts,Airways,IGKC,-2.645641,-0.9020917,0.008153624852164958,0.1204227670473594
Fibroblasts,Airways,KRT6C,-0.563331,-0.9009105,0.5732095157966686,0.9980042994652335
Fibroblasts,Airways,LTF,-0.5101326,-0.898999,0.609958576385899,0.9980042994652335
Fibroblasts,Airways,CDH5,0.5806932,0.89793617,0.5614472481841327,0.9980042994652335
Fibroblasts,Airways,TPSAB1,0.7715512,0.8945282,0.4403802874788798,0.9980042994652335
Fibroblasts,Airways,ATM,-0.78631717,-0.88818717,0.4316816884629632,0.9980042994652335
Fibroblasts,Airways,G6PC2,0.42845994,0.8881523,0.6683163007116687,0.9980042994652335
Fibroblasts,Airways,HSPB1,-3.7200963,-0.8862354,0.0001991467512359434,0.004248464026366792
Fibroblasts,Airways,IL1A,0.6568549,0.8836586,0.5112742181887048,0.9980042994652335
Fibroblasts,Airways,CD34,1.259045,0.8831628,0.20801407305815722,0.9980042994652335
Fibroblasts,Airways,IGHG1,-2.206664,-0.880327,0.027337528542347583,0.29160030445170754
Fibroblasts,Airways,ZFP36,-3.4208825,-0.87473786,0.0006241831673202789,0.011168897125277008
Fibroblasts,Airways,IER3,-2.69301,-0.86824673,0.007081011424154054,0.1062151713623108
Fibroblasts,Airways,COL9A2,-2.5841672,-0.8634657,0.009761441546784542,0.1378085865428406
Fibroblasts,Airways,VWF,-0.47279996,-0.8626042,0.636355910119716,0.9980042994652335
Fibroblasts,Airways,CHEK2,-0.5757892,-0.8625378,0.5647576535684886,0.9980042994652335
Fibroblasts,Airways,ARTN,-0.7216762,-0.8603689,0.47049358480467274,0.9980042994652335
Fibroblasts,Airways,IL27RA,-0.68349016,-0.8545423,0.4942971628008519,0.9980042994652335
Fibroblasts,Airways,BMX,-0.52126265,-0.8498427,0.6021838052454553,0.9980042994652335
Fibroblasts,Airways,IFNB1,-0.2611602,-0.84956527,0.7939689754380534,0.9980042994652335
Fibroblasts,Airways,GLUD1,0.97725934,0.8485173,0.32844078601440596,0.9980042994652335
Fibroblasts,Airways,IL2,-0.24847959,-0.8451028,0.8037633558078707,0.9980042994652335
Fibroblasts,Airways,CX3CL1,0.8430974,0.8415267,0.39917396804535177,0.9980042994652335
Fibroblasts,Airways,ADGRL2,0.985673,0.8413288,0.32429360878355384,0.9980042994652335
Fibroblasts,Airways,BMP5,2.1735144,0.83525765,0.029741626980492684,0.3103474119703584
Fibroblasts,Airways,S100P,-0.5845695,-0.8348211,0.5588372261104384,0.9980042994652335
Fibroblasts,Airways,OXER1,-0.5790405,-0.8341019,0.5625618382183611,0.9980042994652335
Fibroblasts,Airways,BMP2,-0.4971455,-0.8339751,0.6190864556637554,0.9980042994652335
Fibroblasts,Airways,BMP6,-0.23864162,-0.831404,0.8113834925642138,0.9980042994652335
Fibroblasts,Airways,CENPF,-0.21879739,-0.8307471,0.8268078850976144,0.9980042994652335
Fibroblasts,Airways,PTGS2,0.8842162,0.8290546,0.3765795170636437,0.9980042994652335
Fibroblasts,Airways,DPP4,-0.4698191,-0.82780045,0.6384842615843683,0.9980042994652335
Fibroblasts,Airways,TGFB1,2.0740108,0.82034117,0.03807831432856871,0.3655518175542596
Fibroblasts,Airways,COTL1,1.8003863,0.8181183,0.07179966358917839,0.6036423821837644
Fibroblasts,Airways,PPBP,-0.23307057,-0.816237,0.8157066097523242,0.9980042994652335
Fibroblasts,Airways,SERPINA3,1.1142819,0.8079752,0.26515827709248196,0.9980042994652335
Fibroblasts,Airways,RAC2,-1.358747,-0.80756426,0.17422678686339066,0.9980042994652335
Fibroblasts,Airways,AREG,-0.33593965,-0.80563986,0.7369163742343938,0.9980042994652335
Fibroblasts,Airways,NPR2,0.96195245,0.79990274,0.3360734849961392,0.9980042994652335
Fibroblasts,Airways,NRXN3,0.36290544,0.7946419,0.7166755136148102,0.9980042994652335
Fibroblasts,Airways,BMP1,-2.0399113,-0.7912274,0.04135915668287968,0.3892626511329852
Fibroblasts,Airways,DUSP5,-2.1327262,-0.7864705,0.03294720162040835,0.3294720162040835
Fibroblasts,Airways,MRC1,0.54887754,0.7864535,0.5830895069325446,0.9980042994652335
Fibroblasts,Airways,TYROBP,1.3602253,0.78636813,0.17375862036283884,0.9980042994652335
Fibroblasts,Airways,C5AR2,0.43191555,0.78598523,0.665802797936915,0.9980042994652335
Fibroblasts,Airways,RARRES1,2.2227523,0.7851884,0.026232505447530263,0.28617278670033014
Fibroblasts,Airways,KRT17,0.7787689,0.7833644,0.43611584772665424,0.9980042994652335
Fibroblasts,Airways,ITGAX,0.73704314,0.7823977,0.46109610992074335,0.9980042994652335
Fibroblasts,Airways,CTNNB1,-2.7658424,-0.78202254,0.0056775958695380584,0.08935232843863175
Fibroblasts,Airways,TNFRSF21,0.9572348,0.7812269,0.3384487573244569,0.9980042994652335
Fibroblasts,Airways,RAMP3,0.31572282,0.7779646,0.7522129075115181,0.9980042994652335
Fibroblasts,Airways,TNFAIP6,-1.0701942,-0.77546096,0.2845318718901758,0.9980042994652335
Fibroblasts,Airways,UPK3A,-1.3399605,-0.7707762,0.1802582057874207,0.9980042994652335
Fibroblasts,Airways,KRT7,-0.8091603,-0.7701587,0.41842295537633456,0.9980042994652335
Fibroblasts,Airways,IL36G,-0.32227945,-0.7670391,0.747240988274026,0.9980042994652335
Fibroblasts,Airways,ADGRF1,0.3406513,0.76613116,0.7333661005223702,0.9980042994652335
Fibroblasts,Airways,IFNGR1,1.6489944,0.7635195,0.09914878326584435,0.76620225119397
Fibroblasts,Airways,FGF18,-0.98601556,-0.75802195,0.3241254850016758,0.9980042994652335
Fibroblasts,Airways,GADD45B,-2.9275231,-0.75759625,0.0034167372788542825,0.05559436928305274
Fibroblasts,Airways,MMP16,-0.6533572,-0.7517575,0.5135260107605419,0.9980042994652335
Fibroblasts,Airways,BAG3,-0.7892079,-0.75086296,0.42999051836851887,0.9980042994652335
Fibroblasts,Airways,CD58,-0.45307592,-0.7503591,0.6504940795081811,0.9980042994652335
Fibroblasts,Airways,KLK3,0.45638728,0.7479883,0.6481115030470044,0.9980042994652335
Fibroblasts,Airways,ADGRB2,-0.44339418,-0.7455547,0.6574806398281305,0.9980042994652335
Fibroblasts,Airways,POU5F1,-0.5149404,-0.74298394,0.6065946710319501,0.9980042994652335
Fibroblasts,Airways,FGF13,0.6829493,0.7417874,0.4946388886356765,0.9980042994652335
Fibroblasts,Airways,HLA.DRB1,2.5903695,0.7371408,0.009587298355744095,0.1373702450972288
Fibroblasts,Airways,CPB1,0.25515643,0.73346406,0.7986022734855638,0.9980042994652335
Fibroblasts,Airways,IL24,-0.79650974,-0.73346126,0.4257358177353524,0.9980042994652335
Fibroblasts,Airways,HDAC4,0.60976845,0.73285,0.5420152226374437,0.9980042994652335
Fibroblasts,Airways,LMNA,-2.561216,-0.7315622,0.010430645959396375,0.14304885887172172
Fibroblasts,Airways,PTPRCAP,-0.6930697,-0.7305986,0.4882657961750184,0.9980042994652335
Fibroblasts,Airways,CXCL3,0.6604427,0.730505,0.5089697588351234,0.9980042994652335
Fibroblasts,Airways,SPINK1,0.32852963,0.7299069,0.742511254596022,0.9980042994652335
Fibroblasts,Airways,CLEC4E,-0.46633345,-0.7291082,0.6409768418485728,0.9980042994652335
Fibroblasts,Airways,ANXA2,-2.4579563,-0.727405,0.013973015351322964,0.17885459649693394
Fibroblasts,Airways,CCL5,-0.71987325,-0.7267021,0.4716030329492601,0.9980042994652335
Fibroblasts,Airways,CCL28,0.37890345,0.72488827,0.7047595716387223,0.9980042994652335
Fibroblasts,Airways,SRGN,1.6262655,0.7199919,0.10389319270446055,0.7915671825101757
Fibroblasts,Airways,KRT16,-0.5393881,-0.7169392,0.5896190863355366,0.9980042994652335
Fibroblasts,Airways,LIF,-1.5866492,-0.71654254,0.11259213386001983,0.8314496038893773
Fibroblasts,Airways,TUBB4B,0.67332166,0.7085193,0.5007426829855668,0.9980042994652335
Fibroblasts,Airways,CD44,1.6872826,0.707363,0.09154902827189801,0.720385796237886
Fibroblasts,Airways,CCR5,-0.43611035,-0.70700544,0.6627566637574409,0.9980042994652335
Fibroblasts,Airways,SERPINB5,-0.99734396,-0.7001736,0.318597590121936,0.9980042994652335
Fibroblasts,Airways,CLEC10A,0.47803447,0.7001005,0.6326256843761457,0.9980042994652335
Fibroblasts,Airways,IL1RL1,-0.25638846,-0.6992486,0.7976509122435848,0.9980042994652335
Fibroblasts,Airways,GZMA,-0.51533103,-0.6955364,0.6063217183212247,0.9980042994652335
Fibroblasts,Airways,LAMP3,0.45088837,0.6944973,0.6520700136467695,0.9980042994652335
Fibroblasts,Airways,STAT3,2.4944415,0.6942374,0.01261554775018849,0.16590309370110892
Fibroblasts,Airways,ACKR1,-0.22159794,-0.6935496,0.8246268921888349,0.9980042994652335
Fibroblasts,Airways,SLC2A1,-0.40139195,-0.6933526,0.6881315645956426,0.9980042994652335
Fibroblasts,Airways,FGF12,-0.3996912,-0.6931612,0.6893839730155754,0.9980042994652335
Fibroblasts,Airways,RORA,1.0642205,0.6930566,0.2872287908364054,0.9980042994652335
Fibroblasts,Airways,CD52,0.9142109,0.6892593,0.36060602981076906,0.9980042994652335
Fibroblasts,Airways,HGF,2.1682017,0.68840843,0.03014334195553978,0.3111570782507332
Fibroblasts,Airways,KRT23,-0.2996407,-0.6882683,0.7644512402162867,0.9980042994652335
Fibroblasts,Airways,ESAM,-0.4786174,-0.6825638,0.6322108386038154,0.9980042994652335
Fibroblasts,Airways,MEG3,3.2486668,0.6821013,0.0011594725822165737,0.019527959279437034
Fibroblasts,Airways,IL17RB,0.49251196,0.68106866,0.6223574642680201,0.9980042994652335
Fibroblasts,Airways,RUNX3,0.56556064,0.6785432,0.5716925065367735,0.9980042994652335
Fibroblasts,Airways,CCL4L2,-0.44134486,-0.673652,0.6589633555540273,0.9980042994652335
Fibroblasts,Airways,CLEC4D,-0.19320181,-0.6699726,0.8468009214672496,0.9980042994652335
Fibroblasts,Airways,LYN,0.74697727,0.66714877,0.455077272711918,0.9980042994652335
Fibroblasts,Airways,PTGES2,-1.5544127,-0.6663542,0.12008598942647987,0.8476658077163285
Fibroblasts,Airways,LYZ,1.5709816,0.666329,0.116186904020454,0.8391865736512705
Fibroblasts,Airways,EPHB6,-0.8242027,-0.66624093,0.40982438262316134,0.9980042994652335
Fibroblasts,Airways,IL34,0.8223337,0.66542053,0.410887011613533,0.9980042994652335
Fibroblasts,Airways,PDGFD,-0.5448269,-0.66409355,0.5858725483596281,0.9980042994652335
Fibroblasts,Airways,ADGRV1,-0.2303181,-0.6622006,0.817844599827998,0.9980042994652335
Fibroblasts,Airways,CNTFR,0.44312376,0.66121876,0.6576762291036042,0.9980042994652335
Fibroblasts,Airways,CD83,0.6466263,0.6607871,0.517873839805463,0.9980042994652335
Fibroblasts,Airways,CCL7,0.15796658,0.66041124,0.874483134414735,0.9980042994652335
Fibroblasts,Airways,GZMB,0.47624356,0.65954036,0.63390088177457,0.9980042994652335
Fibroblasts,Airways,RGS5,-0.38657188,-0.6594638,0.6990731695319674,0.9980042994652335
Fibroblasts,Airways,SAA2,-0.60603637,-0.6585328,0.5444906089621613,0.9980042994652335
Fibroblasts,Airways,CD47,-0.8991264,-0.6554572,0.368585330129348,0.9980042994652335
Fibroblasts,Airways,SLC2A4,-0.6072804,-0.65514666,0.543664856323788,0.9980042994652335
Fibroblasts,Airways,MYL9,-1.8813318,-0.65353763,0.0599268019254433,0.5277956866828034
Fibroblasts,Airways,CFD,1.25964,0.6534207,0.20779926566284324,0.9980042994652335
Fibroblasts,Airways,NPR3,-0.43104413,-0.6504396,0.6664362852599997,0.9980042994652335
Fibroblasts,Airways,TNFRSF1B,-0.5837642,-0.6499454,0.5593789779471315,0.9980042994652335
Fibroblasts,Airways,KLF2,-1.2427346,-0.6479559,0.2139656779339436,0.9980042994652335
Fibroblasts,Airways,CPA3,0.31538025,0.6472679,0.752472953520508,0.9980042994652335
Fibroblasts,Airways,INHBB,-0.34808537,-0.64671296,0.7277760630993995,0.9980042994652335
Fibroblasts,Airways,IFNA1,-0.4547827,-0.64619064,0.6492655884249869,0.9980042994652335
Fibroblasts,Airways,APOB,-0.36246073,-0.64274347,0.7170077641371337,0.9980042994652335
Fibroblasts,Airways,EFNA4,-0.47130954,-0.6423218,0.6374197120872508,0.9980042994652335
Fibroblasts,Airways,SQSTM1,3.2651334,0.64075226,0.0010941252593577057,0.01909745907242541
Fibroblasts,Airways,CLEC2D,-0.597178,-0.63945675,0.5503885647399327,0.9980042994652335
Fibroblasts,Airways,RSPO1,-0.4085556,-0.6388893,0.6828658198124065,0.9980042994652335
Fibroblasts,Airways,IFNG,-0.16931301,-0.6369296,0.865550444675737,0.9980042994652335
Fibroblasts,Airways,RARB,-0.7737508,-0.63675916,0.43907818936572307,0.9980042994652335
Fibroblasts,Airways,COL9A1,-0.3949375,-0.63647836,0.692889028144037,0.9980042994652335
Fibroblasts,Airways,HPGDS,-0.6723661,-0.6356461,0.5013506608285871,0.9980042994652335
Fibroblasts,Airways,BGN,-2.3551233,-0.63140154,0.01851655900814908,0.2250113499724445
Fibroblasts,Airways,PLAC8,0.53652745,0.6306426,0.5915940633122668,0.9980042994652335
Fibroblasts,Airways,CXCR3,-0.3302965,-0.6293014,0.7411759471140418,0.9980042994652335
Fibroblasts,Airways,CD55,-0.82429886,-0.62882465,0.40976975783746694,0.9980042994652335
Fibroblasts,Airways,FYN,-0.6976492,-0.62824893,0.485396628028398,0.9980042994652335
Fibroblasts,Airways,KLRB1,-0.7447116,-0.62822855,0.45644608242807283,0.9980042994652335
Fibroblasts,Airways,IFNL2,-0.27924958,-0.6263131,0.780053301914329,0.9980042994652335
Fibroblasts,Airways,CXCL8,-0.32157633,-0.62284386,0.7477736831674923,0.9980042994652335
Fibroblasts,Airways,CD59,1.2092842,0.6223204,0.2265536824832085,0.9980042994652335
Fibroblasts,Airways,DUSP2,0.4311042,0.6209553,0.6663925888338975,0.9980042994652335
Fibroblasts,Airways,ITGAV,-1.863014,-0.6205527,0.062460294167942895,0.5451080218293198
Fibroblasts,Airways,SEC23A,-1.4704143,-0.6193143,0.14144957168482508,0.9495915301918327
Fibroblasts,Airways,ADGRG5,0.36166143,0.61855936,0.7176050517063448,0.9980042994652335
Fibroblasts,Airways,C1QA,1.358813,0.6152997,0.17420583248932475,0.9980042994652335
Fibroblasts,Airways,CXCR5,-0.40458316,-0.6149555,0.6857839480029486,0.9980042994652335
Fibroblasts,Airways,RAC1,-1.5593648,-0.6110131,0.11891005974972266,0.8476658077163285
Fibroblasts,Airways,ANXA4,-1.0360888,-0.61069477,0.30016068113511896,0.9980042994652335
Fibroblasts,Airways,PDGFRB,1.4812379,0.60409915,0.13854318639985463,0.9366299925623975
Fibroblasts,Airways,TM4SF1,-0.580567,-0.6040753,0.5615323246525463,0.9980042994652335
Fibroblasts,Airways,CXCL2,-0.4648851,-0.60210884,0.6420137457818327,0.9980042994652335
Fibroblasts,Airways,ITGA9,1.2204384,0.59986097,0.22229876286819739,0.9980042994652335
Fibroblasts,Airways,SOX2,-0.40949914,-0.5956868,0.6821734032265185,0.9980042994652335
Fibroblasts,Airways,TLR7,0.37151143,0.59550315,0.7102566437102447,0.9980042994652335
Fibroblasts,Airways,ATR,-0.48369566,-0.5936401,0.6286018830187045,0.9980042994652335
Fibroblasts,Airways,KRT5,0.25355783,0.59270906,0.7998371683647119,0.9980042994652335
Fibroblasts,Airways,RYK,-1.0175488,-0.5926438,0.30889244754787404,0.9980042994652335
Fibroblasts,Airways,CEACAM1,-0.25752428,-0.5908173,0.7967740697544043,0.9980042994652335
Fibroblasts,Airways,FGR,0.34344584,0.59066445,0.7312630752346136,0.9980042994652335
Fibroblasts,Airways,MMP8,-0.44015494,-0.58824414,0.6598249032734322,0.9980042994652335
Fibroblasts,Airways,CALM3,-1.3678879,-0.58716905,0.1713471979118364,0.9980042994652335
Fibroblasts,Airways,MAPK14,0.9860035,0.5871625,0.3241313831206093,0.9980042994652335
Fibroblasts,Airways,AATK,-0.25061306,-0.5868321,0.8021132831141622,0.9980042994652335
Fibroblasts,Airways,MYH11,0.31100515,0.5840959,0.7557967043404991,0.9980042994652335
Fibroblasts,Airways,BAX,-1.3121293,-0.583174,0.1894765325252088,0.9980042994652335
Fibroblasts,Airways,C11orf96,-2.2143147,-0.5822347,0.02680714359278089,0.28915570616932196
Fibroblasts,Airways,JAG1,1.1706173,0.57951796,0.24175260587304337,0.9980042994652335
Fibroblasts,Airways,TNF,-0.26278284,-0.57933736,0.792717972302543,0.9980042994652335
Fibroblasts,Airways,ITGB1,-2.090736,-0.57930666,0.03655174529499651,0.35444116649693586
Fibroblasts,Airways,CD68,1.8003683,0.5790355,0.07180250848603269,0.6036423821837644
Fibroblasts,Airways,SMAD2,-1.2894063,-0.57744235,0.19725686206230297,0.9980042994652335
Fibroblasts,Airways,NGFR,0.48462716,0.5754885,0.6279408441421348,0.9980042994652335
Fibroblasts,Airways,IL32,-2.2404451,-0.5738231,0.025062043565555525,0.27654668761992307
Fibroblasts,Airways,CLCF1,-0.79688835,-0.57341295,0.42551587576605354,0.9980042994652335
Fibroblasts,Airways,FZD3,0.36253884,0.5730842,0.71694939192231,0.9980042994652335
Fibroblasts,Airways,SPP1,-0.6970542,-0.57237273,0.4857688773525446,0.9980042994652335
Fibroblasts,Airways,ESR1,-0.9266391,-0.57187676,0.3541139459249426,0.9980042994652335
Fibroblasts,Airways,SEC61G,-0.8971672,-0.5715752,0.36962968767725524,0.9980042994652335
Fibroblasts,Airways,BATF3,-0.3948894,-0.57140243,0.6929245112581437,0.9980042994652335
Fibroblasts,Airways,LGALS3BP,-2.1088493,-0.57028145,0.03495759015297265,0.3424416994576913
Fibroblasts,Airways,GCG,-0.20115273,-0.5685488,0.8405791565692837,0.9980042994652335
Fibroblasts,Airways,FGF9,-0.44625482,-0.56690776,0.6554131782266848,0.9980042994652335
Fibroblasts,Airways,MMP3,-0.23189867,-0.56615007,0.8166167226473044,0.9980042994652335
Fibroblasts,Airways,GNLY,0.59869844,0.5655369,0.5493739968532234,0.9980042994652335
Fibroblasts,Airways,AZGP1,-0.33965367,-0.56410664,0.7341173438374944,0.9980042994652335
Fibroblasts,Airways,COL18A1,1.9440796,0.55940616,0.05188584220007223,0.474384842972089
Fibroblasts,Airways,MERTK,0.3945288,0.5568471,0.6931906560824594,0.9980042994652335
Fibroblasts,Airways,CCL19,0.9614356,0.5568457,0.33633318140175494,0.9980042994652335
Fibroblasts,Airways,CXCL16,0.8538128,0.5562092,0.39320871392093737,0.9980042994652335
Fibroblasts,Airways,RGS2,-1.1035845,-0.55465466,0.26977341495703433,0.9980042994652335
Fibroblasts,Airways,CDH11,-1.9499693,-0.5529068,0.05117978365816894,0.4724287722292518
Fibroblasts,Airways,PTGES3,0.93427753,0.55097914,0.3501607630996122,0.9980042994652335
Fibroblasts,Airways,BEST1,-0.2950913,-0.5493962,0.7679241320053466,0.9980042994652335
Fibroblasts,Airways,CD24,0.40089315,0.54927725,0.6884987902857956,0.9980042994652335
Fibroblasts,Airways,CIITA,-0.776329,-0.54857737,0.4375547784735119,0.9980042994652335
Fibroblasts,Airways,ADGRD1,0.4849697,0.548062,0.627697827434365,0.9980042994652335
Fibroblasts,Airways,CSF3,-0.40531033,-0.5475582,0.685249415096926,0.9980042994652335
Fibroblasts,Airways,APOA1,-0.26343188,-0.54664344,0.7922177202048445,0.9980042994652335
Fibroblasts,Airways,S100A9,1.2327223,0.5451382,0.21767940390082796,0.9980042994652335
Fibroblasts,Airways,HDAC11,-0.70958453,-0.5424268,0.47796180390339527,0.9980042994652335
Fibroblasts,Airways,CD40,0.72063047,0.5388843,0.4711368891310187,0.9980042994652335
Fibroblasts,Airways,IFITM3,-2.1553888,-0.53468347,0.0311314135070139,0.3153944777582177
Fibroblasts,Airways,LPAR5,0.26802334,0.53430426,0.7886813536316388,0.9980042994652335
Fibroblasts,Airways,IL12RB2,-0.35570577,-0.53419626,0.7220609322881946,0.9980042994652335
Fibroblasts,Airways,SUCNR1,0.31532618,0.5333981,0.7525140159856767,0.9980042994652335
Fibroblasts,Airways,NDRG1,-0.7942501,-0.53315884,0.4270498663111819,0.9980042994652335
Fibroblasts,Airways,FFAR4,-0.34622836,-0.53116995,0.7291710996560201,0.9980042994652335
Fibroblasts,Airways,CD276,-1.481839,-0.53094417,0.13838316846818743,0.9366299925623975
Fibroblasts,Airways,GPR183,0.2681796,0.52962613,0.7885610822100844,0.9980042994652335
Fibroblasts,Airways,SERPINA1,-0.9477634,-0.52929,0.34324991018389894,0.9980042994652335
Fibroblasts,Airways,CD53,0.7399038,0.5289061,0.4593583713747186,0.9980042994652335
Fibroblasts,Airways,CD84,-0.28393117,-0.5254098,0.7764631229494621,0.9980042994652335
Fibroblasts,Airways,COL4A5,0.88185436,0.51671255,0.37785557083766574,0.9980042994652335
Fibroblasts,Airways,TLR4,0.32257393,0.51551294,0.74701792967765,0.9980042994652335
Fibroblasts,Airways,TNFRSF17,-0.29304197,-0.5138999,0.7694900670840066,0.9980042994652335
Fibroblasts,Airways,CCR2,-0.265349,-0.51285446,0.7907406238691285,0.9980042994652335
Fibroblasts,Airways,IL7,-0.42151263,-0.512389,0.6733807790856166,0.9980042994652335
Fibroblasts,Airways,MIF,-1.9194938,-0.5092021,0.05492187591988439,0.49219302637732715
Fibroblasts,Airways,NRG4,-0.31687668,-0.5091769,0.7513371701316798,0.9980042994652335
Fibroblasts,Airways,CRIP1,0.90350753,0.50885683,0.3662565936036096,0.9980042994652335
Fibroblasts,Airways,NOTCH3,-1.0430602,-0.50744325,0.2969204124484289,0.9980042994652335
Fibroblasts,Airways,EZR,0.70492697,0.5068734,0.48085567658986883,0.9980042994652335
Fibroblasts,Airways,TIGIT,0.4440793,0.50576216,0.6569852519836632,0.9980042994652335
Fibroblasts,Airways,ANGPT2,0.26601008,0.50358015,0.7902314542312148,0.9980042994652335
Fibroblasts,Airways,RARG,-0.5409567,-0.5034344,0.5885374601329656,0.9980042994652335
Fibroblasts,Airways,AKT1,-0.8220873,-0.5000101,0.4110272229349097,0.9980042994652335
Fibroblasts,Airways,CHEK1,-0.26372036,-0.49914464,0.7919954133805204,0.9980042994652335
Fibroblasts,Airways,CASR,-0.32154027,-0.4988367,0.7478010041035528,0.9980042994652335
Fibroblasts,Airways,BMPR1A,-0.8201882,-0.49842966,0.4121088289498015,0.9980042994652335
Fibroblasts,Airways,CCL15,-0.2885166,-0.49544746,0.7729513058945958,0.9980042994652335
Fibroblasts,Airways,MX1,-1.1093719,-0.49469036,0.2672697763150762,0.9980042994652335
Fibroblasts,Airways,FZD7,-0.64788836,-0.49325293,0.5170571738261382,0.9980042994652335
Fibroblasts,Airways,ADORA2A,-0.2929819,-0.49250448,0.7695360031607512,0.9980042994652335
Fibroblasts,Airways,FZD4,0.8482598,0.4905322,0.39629330389698625,0.9980042994652335
Fibroblasts,Airways,CRYAB,-0.92205966,-0.49013928,0.35649745536168276,0.9980042994652335
Fibroblasts,Airways,COL4A2,-1.8569021,-0.4890878,0.06332508523785246,0.5476764128679131
Fibroblasts,Airways,IL15,-0.34300113,-0.488813,0.7315976156186971,0.9980042994652335
Fibroblasts,Airways,NR1H3,0.5386068,0.48749557,0.5901581690354566,0.9980042994652335
Fibroblasts,Airways,EPHA2,-0.4919891,-0.48642635,0.6227270366111531,0.9980042994652335
Fibroblasts,Airways,SIGIRR,-0.3027177,-0.4859998,0.7621050138634584,0.9980042994652335
Fibroblasts,Airways,ANGPT4,-0.12072409,-0.4849166,0.9039095797332737,0.9980042994652335
Fibroblasts,Airways,RNF43,-0.6689285,-0.48440367,0.5035410806696579,0.9980042994652335
Fibroblasts,Airways,HLA.A,-1.544719,-0.48169973,0.12241424137173887,0.8537140621056271
Fibroblasts,Airways,KRT4,-0.3414626,-0.48084927,0.7327553378104539,0.9980042994652335
Fibroblasts,Airways,PRSS2,0.23022194,0.479374,0.8179193140361735,0.9980042994652335
Fibroblasts,Airways,WNT3,0.26274076,0.47899187,0.7927503989962994,0.9980042994652335
Fibroblasts,Airways,TLR5,-0.42993233,-0.4788402,0.6672448731846451,0.9980042994652335
Fibroblasts,Airways,ETV5,-0.61587435,-0.47822872,0.5379774587204613,0.9980042994652335
Fibroblasts,Airways,HBA1,0.26991642,0.4775629,0.78722455906468,0.9980042994652335
Fibroblasts,Airways,HLA.B,-1.932613,-0.4743452,0.053283881894187604,0.4825710058341519
Fibroblasts,Airways,COL27A1,-0.90240777,-0.47367823,0.3668403090369846,0.9980042994652335
Fibroblasts,Airways,JAK1,0.98299265,0.4732417,0.32561106374767845,0.9980042994652335
Fibroblasts,Airways,CCL13,0.32628798,0.4730404,0.7442064845363257,0.9980042994652335
Fibroblasts,Airways,EFNA5,0.5722976,0.4689886,0.5671204029273117,0.9980042994652335
Fibroblasts,Airways,ITM2A,0.31424442,0.46816373,0.7533354122163731,0.9980042994652335
Fibroblasts,Airways,BCL2L1,1.1727208,0.4678191,0.24090778663381907,0.9980042994652335
Fibroblasts,Airways,C1QB,0.8878341,0.4641884,0.3746300120993662,0.9980042994652335
Fibroblasts,Airways,CSF1R,0.33196118,0.4641724,0.7399185640015749,0.9980042994652335
Fibroblasts,Airways,PGF,0.26340184,0.46262282,0.7922408781375669,0.9980042994652335
Fibroblasts,Airways,TNFRSF9,-0.32873395,-0.46206954,0.7423567915637184,0.9980042994652335
Fibroblasts,Airways,ST6GAL1,0.26393068,0.4614447,0.7918333253148175,0.9980042994652335
Fibroblasts,Airways,S100A6,-1.6459895,-0.46002725,0.09976591812421486,0.76620225119397
Fibroblasts,Airways,CXCL5,-0.21876733,-0.4587698,0.8268312935869339,0.9980042994652335
Fibroblasts,Airways,PNOC,-0.29682213,-0.45857558,0.7666023199082093,0.9980042994652335
Fibroblasts,Airways,TAP2,-0.6688444,-0.4578606,0.5035947556236948,0.9980042994652335
Fibroblasts,Airways,RXRA,-0.51349205,-0.45712304,0.6076071746826164,0.9980042994652335
Fibroblasts,Airways,PTK2,-0.6194381,-0.4570566,0.5356277699595624,0.9980042994652335
Fibroblasts,Airways,IFNL3,-0.1995962,-0.45672363,0.8417964031653506,0.9980042994652335
Fibroblasts,Airways,RPL32,1.3200982,0.45431513,0.18680223997791456,0.9980042994652335
Fibroblasts,Airways,IL11RA,-0.59956384,-0.4538192,0.5487969474338678,0.9980042994652335
Fibroblasts,Airways,EPHA4,-0.20520331,-0.45265663,0.8374132887204692,0.9980042994652335
Fibroblasts,Airways,CASP3,-0.3937055,-0.45145887,0.6937984953197458,0.9980042994652335
Fibroblasts,Airways,CXCL9,-0.7848448,-0.44807902,0.4325445749318858,0.9980042994652335
Fibroblasts,Airways,TNFRSF10B,0.8783086,0.44767576,0.37977626973713174,0.9980042994652335
Fibroblasts,Airways,ICAM1,1.0192496,0.44555944,0.30808452015835774,0.9980042994652335
Fibroblasts,Airways,NLRC4,-0.22191645,-0.4434778,0.82437892474081,0.9980042994652335
Fibroblasts,Airways,CD163,0.30602908,0.44334728,0.7595825119444876,0.9980042994652335
Fibroblasts,Airways,CD14,0.5845034,0.44320887,0.5588816886730152,0.9980042994652335
Fibroblasts,Airways,IL17RE,-0.40131986,-0.44310573,0.6881846529221326,0.9980042994652335
Fibroblasts,Airways,MECOM,0.45587647,0.4428633,0.6484788169483784,0.9980042994652335
Fibroblasts,Airways,IL16,0.69882107,0.44121343,0.48466386153547314,0.9980042994652335
Fibroblasts,Airways,MARCO,0.15229937,0.44086367,0.878950818950428,0.9980042994652335
Fibroblasts,Airways,KRAS,-0.5313831,-0.43954125,0.59515332767364,0.9980042994652335
Fibroblasts,Airways,ST6GALNAC3,-0.20521532,-0.43861946,0.8374038983434324,0.9980042994652335
Fibroblasts,Airways,ETV4,0.38624737,0.4381994,0.6993134775569799,0.9980042994652335
Fibroblasts,Airways,STAT5A,-0.65121776,-0.43437368,0.5149059363231114,0.9980042994652335
Fibroblasts,Airways,MAPK13,-0.4435264,-0.43334782,0.6573850269392006,0.9980042994652335
Fibroblasts,Airways,MKI67,-0.29845676,-0.43245795,0.7653545651252489,0.9980042994652335
Fibroblasts,Airways,ADGRA2,0.6783518,0.43217617,0.49754865034409035,0.9980042994652335
Fibroblasts,Airways,UBE2C,-0.34271264,-0.43143782,0.7318146420785389,0.9980042994652335
Fibroblasts,Airways,LINC02446,0.35920343,0.43132073,0.719442903863091,0.9980042994652335
Fibroblasts,Airways,CD81,1.797153,0.43127894,0.07231132703243012,0.6036423821837644
Fibroblasts,Airways,TNFSF18,-0.13786393,-0.430429,0.8903479604373845,0.9980042994652335
Fibroblasts,Airways,AZU1,-1.7571521,-0.42896938,0.07889189243919742,0.650230765838256
Fibroblasts,Airways,CELSR2,-0.23563674,-0.428957,0.8137145655396836,0.9980042994652335
Fibroblasts,Airways,SMARCB1,-0.7254143,-0.42776743,0.46819792709501307,0.9980042994652335
Fibroblasts,Airways,EZH2,-0.51188743,-0.426634,0.6087297906097062,0.9980042994652335
Fibroblasts,Airways,NTRK2,0.18072554,0.4243914,0.8565830068822194,0.9980042994652335
Fibroblasts,Airways,VEGFA,1.2810167,0.42388743,0.20018779942572928,0.9980042994652335
Fibroblasts,Airways,CALD1,-1.7300961,-0.42310074,0.08361310265420503,0.6802421910850579
Fibroblasts,Airways,TCL1A,-0.2576565,-0.41891646,0.7966720200754565,0.9980042994652335
Fibroblasts,Airways,ARG1,0.18391071,0.4186134,0.8540834960034369,0.9980042994652335
Fibroblasts,Airways,IL1R1,2.1878235,0.41751745,0.028682454715545494,0.30258413765850195
Fibroblasts,Airways,IL10,0.28582424,0.41697824,0.7750127318232164,0.9980042994652335
Fibroblasts,Airways,TLR2,0.42089966,0.41655934,0.6738283608285834,0.9980042994652335
Fibroblasts,Airways,EPHB3,-0.74573326,-0.41457492,0.45582856093437363,0.9980042994652335
Fibroblasts,Airways,IL23A,-0.48574498,-0.4145066,0.627147991350466,0.9980042994652335
Fibroblasts,Airways,FOXP3,0.21716873,0.40990832,0.8280768465668223,0.9980042994652335
Fibroblasts,Airways,ERBB3,0.17888054,0.40738854,0.8580314966287308,0.9980042994652335
Fibroblasts,Airways,MET,-0.22401385,-0.40644202,0.8227465212953253,0.9980042994652335
Fibroblasts,Airways,VEGFC,-0.5155714,-0.40412915,0.606153774728573,0.9980042994652335
Fibroblasts,Airways,ARHGDIB,0.51100403,0.4032352,0.6093482539365358,0.9980042994652335
Fibroblasts,Airways,ACVR1,0.27593818,0.40312886,0.7825955369314932,0.9980042994652335
Fibroblasts,Airways,ADGRL4,-0.15824904,-0.40248275,0.8742605642820669,0.9980042994652335
Fibroblasts,Airways,PTHLH,0.32336122,0.40196264,0.7464216934365565,0.9980042994652335
Fibroblasts,Airways,COL15A1,0.84824175,0.39836365,0.3963033425334307,0.9980042994652335
Fibroblasts,Airways,WNT2B,0.1414878,0.39823186,0.8874845871443644,0.9980042994652335
Fibroblasts,Airways,FCGBP,0.19709614,0.3968809,0.8437523078219589,0.9980042994652335
Fibroblasts,Airways,SAT1,-1.0353616,-0.39644074,0.3005000273296804,0.9980042994652335
Fibroblasts,Airways,GC,0.18176523,0.39540756,0.8557669693891528,0.9980042994652335
Fibroblasts,Airways,CHGA,-0.12273135,-0.3947758,0.9023198398205137,0.9980042994652335
Fibroblasts,Airways,TIMP1,3.5011487,0.3944804,0.0004632571573759547,0.008552439828479162
Fibroblasts,Airways,KRT18,0.36538148,0.3941359,0.7148266682560568,0.9980042994652335
Fibroblasts,Airways,TYK2,-1.6079297,-0.39379522,0.10785057759093615,0.8026089495139435
Fibroblasts,Airways,CFLAR,0.52641904,0.3934229,0.5985970889861558,0.9980042994652335
Fibroblasts,Airways,HSP90AA1,1.03062,0.3929556,0.3027190564304728,0.9980042994652335
Fibroblasts,Airways,CD3E,0.5957296,0.39245525,0.5513558679542302,0.9980042994652335
Fibroblasts,Airways,TSHZ2,0.62530965,0.39102304,0.5317678380026827,0.9980042994652335
Fibroblasts,Airways,KIT,0.11005075,0.38897693,0.9123691259104589,0.9980042994652335
Fibroblasts,Airways,IGF1R,-0.73326904,-0.38581264,0.46339436707564097,0.9980042994652335
Fibroblasts,Airways,IL12A,0.065500386,0.3840453,0.9477755961589205,0.9980042994652335
Fibroblasts,Airways,DDR2,-0.84657705,-0.3837602,0.3972309046957726,0.9980042994652335
Fibroblasts,Airways,IL33,0.38570648,0.38123232,0.6997140578634901,0.9980042994652335
Fibroblasts,Airways,KRT86,-0.34222585,-0.37956107,0.7321809228759621,0.9980042994652335
Fibroblasts,Airways,ITGA2,0.32092726,0.373278,0.7482655084561605,0.9980042994652335
Fibroblasts,Airways,RXRB,-0.8140282,-0.37235364,0.41562880041030337,0.9980042994652335
Fibroblasts,Airways,OSMR,0.794857,0.3708495,0.42669665852019545,0.9980042994652335
Fibroblasts,Airways,TLR3,0.25995824,0.36888117,0.7948959864586704,0.9980042994652335
Fibroblasts,Airways,HIF1A,-0.7883725,-0.3683293,0.43047883919869745,0.9980042994652335
Fibroblasts,Airways,CHI3L1,-0.34578964,-0.36785406,0.7295008025781935,0.9980042994652335
Fibroblasts,Airways,IL6R,0.17168085,0.36776257,0.8636884384960751,0.9980042994652335
Fibroblasts,Airways,KDR,0.2159728,0.36704776,0.829008953007891,0.9980042994652335
Fibroblasts,Airways,MRC2,-1.4218134,-0.36627573,0.15508043053731263,0.9980042994652335
Fibroblasts,Airways,CXCR4,0.2047045,0.36455664,0.8378030097770283,0.9980042994652335
Fibroblasts,Airways,AHI1,0.4534966,0.36225298,0.6501911940470368,0.9980042994652335
Fibroblasts,Airways,KRT80,-0.13808629,-0.35906267,0.8901722226496929,0.9980042994652335
Fibroblasts,Airways,FGFR1,1.2004378,0.358456,0.22996934735974517,0.9980042994652335
Fibroblasts,Airways,IL1R2,0.19532926,0.3579821,0.8451351879137189,0.9980042994652335
Fibroblasts,Airways,FCGR3A,0.6595533,0.3579117,0.5095405407869956,0.9980042994652335
Fibroblasts,Airways,GDNF,0.12089236,0.35746977,0.9037762932406372,0.9980042994652335
Fibroblasts,Airways,TGFBR2,0.8297317,0.35741752,0.40669049494931586,0.9980042994652335
Fibroblasts,Airways,COL9A3,-0.2783541,-0.35621476,0.7807405358392381,0.9980042994652335
Fibroblasts,Airways,TPSB2,0.085254475,0.35561085,0.93205908312639,0.9980042994652335
Fibroblasts,Airways,SOX9,0.2607335,0.35515216,0.7942980311053321,0.9980042994652335
Fibroblasts,Airways,FZD5,-0.22233713,-0.3540512,0.8240514474291635,0.9980042994652335
Fibroblasts,Airways,PECAM1,0.23535427,0.35224086,0.8139337716056573,0.9980042994652335
Fibroblasts,Airways,CD33,0.094846055,0.35015315,0.9244371054950821,0.9980042994652335
Fibroblasts,Airways,IFNAR1,0.3796907,0.34976235,0.704175012554499,0.9980042994652335
Fibroblasts,Airways,PTPRC,0.24018613,0.34814802,0.8101859699824256,0.9980042994652335
Fibroblasts,Airways,COL21A1,0.17913897,0.34427914,0.8578285847961999,0.9980042994652335
Fibroblasts,Airways,CCR1,0.23054647,0.3425908,0.8176671602162718,0.9980042994652335
Fibroblasts,Airways,EMP3,0.4118189,0.34207416,0.6804721669876861,0.9980042994652335
Fibroblasts,Airways,IGFBP6,-0.58017033,-0.342013,0.5617997484182483,0.9980042994652335
Fibroblasts,Airways,AGR2,0.12487082,0.33971888,0.9006258177823347,0.9980042994652335
Fibroblasts,Airways,ADGRG2,-0.112124115,-0.3395223,0.9107249941363131,0.9980042994652335
Fibroblasts,Airways,CCL20,0.29339054,0.33915213,0.7692236537967345,0.9980042994652335
Fibroblasts,Airways,TPM2,-1.3166846,-0.33885458,0.18794435547344646,0.9980042994652335
Fibroblasts,Airways,EFNB1,-0.70394737,-0.33872214,0.4814655357225506,0.9980042994652335
Fibroblasts,Airways,FZD1,-1.0910422,-0.33813393,0.2752543427928297,0.9980042994652335
Fibroblasts,Airways,IL10RA,0.10420926,0.337782,0.917003283333639,0.9980042994652335
Fibroblasts,Airways,CALB1,-0.32134193,-0.33435237,0.7479512749132673,0.9980042994652335
Fibroblasts,Airways,EFNB3,-0.1677685,-0.33279225,0.8667654049892013,0.9980042994652335
Fibroblasts,Airways,KRT1,-0.53073406,-0.3317024,0.5956030873126777,0.9980042994652335
Fibroblasts,Airways,PTGES,0.2806859,0.3301214,0.7789513193134436,0.9980042994652335
Fibroblasts,Airways,SLC40A1,-0.8868665,-0.32948574,0.3751507791318107,0.9980042994652335
Fibroblasts,Airways,CSF2RB,0.17507036,0.32911003,0.861024348182407,0.9980042994652335
Fibroblasts,Airways,CTLA4,0.14446865,0.32852012,0.8851304068574357,0.9980042994652335
Fibroblasts,Airways,HDAC5,0.26517472,0.32770768,0.7908748743881133,0.9980042994652335
Fibroblasts,Airways,ATG10,0.31446677,0.32694614,0.7531665468266998,0.9980042994652335
Fibroblasts,Airways,MT1X,-0.8713793,-0.32691213,0.383547059550968,0.9980042994652335
Fibroblasts,Airways,NCR1,0.104924425,0.32667524,0.9164357780523253,0.9980042994652335
Fibroblasts,Airways,IGF2R,-0.7207567,-0.3263226,0.47105922321452987,0.9980042994652335
Fibroblasts,Airways,KRT20,-0.10917933,-0.32460582,0.9130602502010917,0.9980042994652335
Fibroblasts,Airways,HMGN2,-0.34613222,-0.32457045,0.729243359027129,0.9980042994652335
Fibroblasts,Airways,ADGRF5,-0.27084193,-0.32447273,0.7865126189362106,0.9980042994652335
Fibroblasts,Airways,COL17A1,-0.23476532,-0.32437894,0.8143908864256838,0.9980042994652335
Fibroblasts,Airways,CSF1,0.57056075,0.3240279,0.5682974388923702,0.9980042994652335
Fibroblasts,Airways,STAT6,0.58572334,0.32337177,0.55806142913244,0.9980042994652335
Fibroblasts,Airways,CYP19A1,0.04631723,0.32197043,0.9630574055588725,0.9980042994652335
Fibroblasts,Airways,EIF5A,-1.2767258,-0.3188319,0.20169909317398405,0.9980042994652335
Fibroblasts,Airways,RARA,0.88363326,0.3180466,0.3768942244307728,0.9980042994652335
Fibroblasts,Airways,CCRL2,-0.29667187,-0.317729,0.7667170336852662,0.9980042994652335
Fibroblasts,Airways,IFNAR2,0.28249484,0.3174593,0.7775640989779004,0.9980042994652335
Fibroblasts,Airways,PPARD,-0.42344177,-0.3167573,0.6719729682271508,0.9980042994652335
Fibroblasts,Airways,ADGRG3,-0.16208327,-0.31636375,0.8712402843933849,0.9980042994652335
Fibroblasts,Airways,TUBB,1.0583551,0.31491426,0.28989360755249505,0.9980042994652335
Fibroblasts,Airways,RPS4Y1,0.12880121,0.3137473,0.8975149508372322,0.9980042994652335
Fibroblasts,Airways,ROR1,0.38856712,0.31292957,0.6975963834191721,0.9980042994652335
Fibroblasts,Airways,IL2RB,-0.31474322,-0.31290194,0.7529566225378187,0.9980042994652335
Fibroblasts,Airways,SELENOP,0.7016637,0.31276932,0.4828889262877786,0.9980042994652335
Fibroblasts,Airways,HTT,0.33633628,0.31148466,0.7366172813835812,0.9980042994652335
Fibroblasts,Airways,INSR,0.24034238,0.3101557,0.8100648445333457,0.9980042994652335
Fibroblasts,Airways,LTBR,0.8140222,0.30843788,0.41563224317621683,0.9980042994652335
Fibroblasts,Airways,CSK,-0.40502787,-0.30818343,0.6854570248842513,0.9980042994652335
Fibroblasts,Airways,CCL3,0.16115776,0.30770996,0.8719691473079099,0.9980042994652335
Fibroblasts,Airways,FFAR2,-0.23649012,-0.3072218,0.8130523720763997,0.9980042994652335
Fibroblasts,Airways,HSP90AB1,-1.3214804,-0.30678394,0.18634122484359994,0.9980042994652335
Fibroblasts,Airways,TXK,-0.16944522,-0.30430534,0.865446455012088,0.9980042994652335
Fibroblasts,Airways,OLFM4,-0.16064693,-0.30262563,0.8723714883768903,0.9980042994652335
Fibroblasts,Airways,ITGAM,0.17946349,0.3025854,0.8575737785920652,0.9980042994652335
Fibroblasts,Airways,ADGRE2,-0.2119102,-0.30249375,0.8321770951937921,0.9980042994652335
Fibroblasts,Airways,FLT1,-0.6013367,-0.30177593,0.5476157326152801,0.9980042994652335
Fibroblasts,Airways,TLR1,-0.2203479,-0.30174792,0.8256002163651485,0.9980042994652335
Fibroblasts,Airways,IFITM1,-1.0758675,-0.30093816,0.28198652447001593,0.9980042994652335
Fibroblasts,Airways,SFN,0.28143713,0.30085695,0.7783751453565908,0.9980042994652335
Fibroblasts,Airways,CLEC5A,0.14634971,0.30032235,0.8836453255131265,0.9980042994652335
Fibroblasts,Airways,CD2,0.31209892,0.2998958,0.7549653401115246,0.9980042994652335
Fibroblasts,Airways,VPREB3,-0.15356743,-0.29870582,0.877950816778356,0.9980042994652335
Fibroblasts,Airways,FCER1G,0.3315405,0.2979471,0.7402362487768579,0.9980042994652335
Fibroblasts,Airways,DNTT,-0.1627203,-0.2974359,0.8707386630173475,0.9980042994652335
Fibroblasts,Airways,EOMES,-0.11776128,-0.2972027,0.9062568142222531,0.9980042994652335
Fibroblasts,Airways,RAMP2,0.10178733,0.29616734,0.918925483428241,0.9980042994652335
Fibroblasts,Airways,MXRA8,-1.2133888,-0.29517323,0.22498118435797176,0.9980042994652335
Fibroblasts,Airways,TNFRSF10A,0.108145654,0.29501104,0.9138801518229754,0.9980042994652335
Fibroblasts,Airways,ADM2,0.13068826,0.29461953,0.8960219106902398,0.9980042994652335
Fibroblasts,Airways,TPM1,-1.1518309,-0.29342648,0.24939057932789566,0.9980042994652335
Fibroblasts,Airways,TP53,0.17124815,0.29257524,0.8640286473718675,0.9980042994652335
Fibroblasts,Airways,ACE2,-0.23330495,-0.29189962,0.8155246169616077,0.9980042994652335
Fibroblasts,Airways,AQP3,-0.26470596,-0.29171115,0.7912359927671879,0.9980042994652335
Fibroblasts,Airways,CYTOR,0.6759239,0.2914657,0.4990889782657859,0.9980042994652335
Fibroblasts,Airways,CCL4,0.07501985,0.29141366,0.9401989170613858,0.9980042994652335
Fibroblasts,Airways,BTK,0.23620166,0.29097107,0.8132761971923274,0.9980042994652335
Fibroblasts,Airways,HLA.C,-0.7433414,-0.29043147,0.4572750255811364,0.9980042994652335
Fibroblasts,Airways,MMP19,0.34997845,0.2878529,0.7263548663688018,0.9980042994652335
Fibroblasts,Airways,P2RX5,0.09164285,0.28743663,0.926981803938868,0.9980042994652335
Fibroblasts,Airways,IL2RA,0.12630716,0.28738284,0.8994887923445809,0.9980042994652335
Fibroblasts,Airways,WNT10B,-0.298589,-0.28731593,0.7652536703449923,0.9980042994652335
Fibroblasts,Airways,FZD8,-0.32267612,-0.28669116,0.7469405469510042,0.9980042994652335
Fibroblasts,Airways,CTSG,0.36677575,0.2849426,0.713786306031397,0.9980042994652335
Fibroblasts,Airways,IFNGR2,0.5312749,0.2848396,0.595228276846752,0.9980042994652335
Fibroblasts,Airways,JAK2,-0.57060283,-0.28457195,0.5682689155704561,0.9980042994652335
Fibroblasts,Airways,YES1,-0.44865873,-0.28296563,0.6536778544964967,0.9980042994652335
Fibroblasts,Airways,CD3G,0.14186043,0.28296208,0.8871902598783856,0.9980042994652335
Fibroblasts,Airways,BST2,0.4996155,0.28287712,0.6173458382608528,0.9980042994652335
Fibroblasts,Airways,ADGRG6,0.16851372,0.2823799,0.866179158973478,0.9980042994652335
Fibroblasts,Airways,ICAM3,-0.23279412,-0.28092468,0.8159212806938884,0.9980042994652335
Fibroblasts,Airways,IL17D,-0.3063536,-0.27923018,0.759335434662054,0.9980042994652335
Fibroblasts,Airways,HCST,0.23936279,0.27909887,0.8108242829452007,0.9980042994652335
Fibroblasts,Airways,NOTCH1,-0.46227685,-0.2779288,0.6438827935160262,0.9980042994652335
Fibroblasts,Airways,HDAC1,0.168075,0.27658147,0.8665242787843317,0.9980042994652335
Fibroblasts,Airways,MMP14,-1.1058081,-0.2748024,0.26880958028747426,0.9980042994652335
Fibroblasts,Airways,SMAD3,0.44052753,0.27445808,0.6595550771193812,0.9980042994652335
Fibroblasts,Airways,DUSP6,-0.41915682,-0.27207407,0.675101527675362,0.9980042994652335
Fibroblasts,Airways,B3GNT7,0.073739775,0.2707054,0.9412174510593548,0.9980042994652335
Fibroblasts,Airways,TNFRSF4,-0.11652927,-0.2706264,0.9072330870705981,0.9980042994652335
Fibroblasts,Airways,SPRY4,-0.32247177,-0.26965424,0.7470953149545686,0.9980042994652335
Fibroblasts,Airways,CD209,0.08261018,0.26951244,0.9341615062265358,0.9980042994652335
Fibroblasts,Airways,ACKR3,-0.2851872,-0.26907232,0.7755007125994496,0.9980042994652335
Fibroblasts,Airways,PCNA,-0.414355,-0.26747525,0.6786141252750659,0.9980042994652335
Fibroblasts,Airways,PPARG,-0.29499516,-0.26661372,0.7679975858441237,0.9980042994652335
Fibroblasts,Airways,HMGB2,0.37434202,0.26573995,0.7081498672174897,0.9980042994652335
Fibroblasts,Airways,CLEC14A,0.048456706,0.26518068,0.9613522673043852,0.9980042994652335
Fibroblasts,Airways,DNMT1,0.37566417,0.26517856,0.7071665738501889,0.9980042994652335
Fibroblasts,Airways,IGHD,0.18437947,0.26399112,0.8537157664330316,0.9980042994652335
Fibroblasts,Airways,MALAT1,0.9236763,-0.26390836,0.35565488058970096,0.9980042994652335
Fibroblasts,Airways,MZT2A,5.1417418,0.2638608,2.722034422212744e-07,9.010872570083566e-06
Fibroblasts,Airways,EPHA7,-0.16211933,-0.26098374,0.8712118893457674,0.9980042994652335
Fibroblasts,Airways,CUZD1,0.1028751,0.26090723,0.9180621034961898,0.9980042994652335
Fibroblasts,Airways,TYMS,0.2405347,0.25963226,0.8099157733022311,0.9980042994652335
Fibroblasts,Airways,WNT7B,-0.43317157,-0.25955224,0.6648901219514344,0.9980042994652335
Fibroblasts,Airways,NLRP1,0.19671752,0.2590056,0.844048598877577,0.9980042994652335
Fibroblasts,Airways,ADGRL1,-0.17003419,-0.2583196,0.8649832566558695,0.9980042994652335
Fibroblasts,Airways,TSC22D1,0.20986086,0.25819913,0.8337762645996164,0.9980042994652335
Fibroblasts,Airways,ADGRE1,-0.05132937,-0.25556737,0.9590630633274922,0.9980042994652335
Fibroblasts,Airways,TNFSF10,-0.37472665,-0.25529283,0.707863767964848,0.9980042994652335
Fibroblasts,Airways,ARF1,0.56991166,0.25483337,0.5687375997488215,0.9980042994652335
Fibroblasts,Airways,CSF3R,-0.12743098,-0.2547142,0.8985992969044236,0.9980042994652335
Fibroblasts,Airways,ITK,-0.10635475,-0.25377402,0.9153008955251625,0.9980042994652335
Fibroblasts,Airways,DMBT1,-0.07040436,-0.25339106,0.9438718251470806,0.9980042994652335
Fibroblasts,Airways,CD5L,0.061588034,0.2532286,0.950890905613051,0.9980042994652335
Fibroblasts,Airways,TNFRSF11B,-0.35681757,-0.25241968,0.7212283864423192,0.9980042994652335
Fibroblasts,Airways,CD274,0.19579802,0.25202912,0.844768254666428,0.9980042994652335
Fibroblasts,Airways,S100A4,0.7118863,0.2505625,0.47653519407601286,0.9980042994652335
Fibroblasts,Airways,STMN1,0.2291522,0.24947649,0.8187506210068107,0.9980042994652335
Fibroblasts,Airways,IGF2,-0.1660377,-0.24889056,0.868127290921941,0.9980042994652335
Fibroblasts,Airways,SNAI1,-0.53275335,-0.24790351,0.5942043445877936,0.9980042994652335
Fibroblasts,Airways,CCR10,-0.26706177,-0.24737008,0.7894215962278193,0.9980042994652335
Fibroblasts,Airways,CCL3L3,0.16823125,0.24729784,0.8664013564784375,0.9980042994652335
Fibroblasts,Airways,CD80,-0.2455288,-0.24720298,0.8060470095230907,0.9980042994652335
Fibroblasts,Airways,FLT3LG,0.20163952,0.24596258,0.8401985513596608,0.9980042994652335
Fibroblasts,Airways,TTR,0.13003321,0.24527287,0.8965401538742999,0.9980042994652335
Fibroblasts,Airways,PRF1,-0.1819335,-0.24497214,0.8556349084325789,0.9980042994652335
Fibroblasts,Airways,MS4A4A,-0.18671727,-0.24418744,0.8518823090948211,0.9980042994652335
Fibroblasts,Airways,NOSIP,0.15142195,0.2439754,0.8796428767352004,0.9980042994652335
Fibroblasts,Airways,ITGB4,-0.2725667,-0.24343885,0.785186297994886,0.9980042994652335
Fibroblasts,Airways,NOTCH2,0.5242315,0.24289879,0.6001175427568182,0.9980042994652335
Fibroblasts,Airways,FAS,0.5311608,0.2403988,0.5953073945359408,0.9980042994652335
Fibroblasts,Airways,GDF9,0.180395,0.24023296,0.8568424729333872,0.9980042994652335
Fibroblasts,Airways,PTTG1,0.034688342,0.23952954,0.9723282563948616,0.9980042994652335
Fibroblasts,Airways,TWIST1,-0.4807749,-0.23853841,0.6306764891883349,0.9980042994652335
Fibroblasts,Airways,ITGA6,0.049862992,0.23834969,0.9602315699775829,0.9980042994652335
Fibroblasts,Airways,HSP90B1,-0.8288002,-0.2370505,0.40721748296089677,0.9980042994652335
Fibroblasts,Airways,ITGA1,0.63722104,0.23689064,0.5239808930121941,0.9980042994652335
Fibroblasts,Airways,XCL1,0.18487829,0.2362094,0.8533244993587936,0.9980042994652335
Fibroblasts,Airways,WNT11,0.104672015,0.23601921,0.9166360691863499,0.9980042994652335
Fibroblasts,Airways,LIFR,0.20109864,0.23597445,0.840621448339245,0.9980042994652335
Fibroblasts,Airways,IL17B,-0.3787051,-0.23574743,0.7049068544929271,0.9980042994652335
Fibroblasts,Airways,TNFSF4,0.11261692,0.2356699,0.9103342709419482,0.9980042994652335
Fibroblasts,Airways,CTSW,-0.21698244,-0.23545547,0.8282220331932759,0.9980042994652335
Fibroblasts,Airways,REG1A,-0.0324467,0.23468107,0.974115819392138,0.9980042994652335
Fibroblasts,Airways,ALCAM,0.05698456,0.23368949,0.9545574963446378,0.9980042994652335
Fibroblasts,Airways,RPL34,0.7439063,0.23331395,0.4569331659333078,0.9980042994652335
Fibroblasts,Airways,LAMP2,-0.55742943,-0.23326817,0.5772340764246726,0.9980042994652335
Fibroblasts,Airways,XBP1,-0.5578441,-0.231494,0.5769508573184164,0.9980042994652335
Fibroblasts,Airways,TNFSF13B,-0.36365667,-0.22990446,0.7161144014360534,0.9980042994652335
Fibroblasts,Airways,MMP7,-0.20416963,-0.22797324,0.8382209476527382,0.9980042994652335
Fibroblasts,Airways,OASL,0.049207926,0.22686099,0.9607535945599985,0.9980042994652335
Fibroblasts,Airways,CALM1,0.26592594,0.2244433,0.7902962526717041,0.9980042994652335
Fibroblasts,Airways,APP,-0.91153055,-0.22407195,0.36201589040001103,0.9980042994652335
Fibroblasts,Airways,EPHB2,0.23799857,0.22306505,0.811882202322932,0.9980042994652335
Fibroblasts,Airways,CRP,-0.379871,-0.22264968,0.7040411686372066,0.9980042994652335
Fibroblasts,Airways,FGF2,0.1867894,0.22250411,0.8518257626721311,0.9980042994652335
Fibroblasts,Airways,IL10RB,0.32905248,0.22200641,0.7421160316484614,0.9980042994652335
Fibroblasts,Airways,SPOCK2,0.10820575,0.22152124,0.9138324806060417,0.9980042994652335
Fibroblasts,Airways,CLEC12A,-0.37613294,-0.2191192,0.7068180688240266,0.9980042994652335
Fibroblasts,Airways,RAD51,0.070061795,0.21911043,0.9441444723374413,0.9980042994652335
Fibroblasts,Airways,CLEC1A,-0.14988945,-0.21899533,0.8808518280428685,0.9980042994652335
Fibroblasts,Airways,LY75,0.066053286,0.2188619,0.9473354006511492,0.9980042994652335
Fibroblasts,Airways,CD3D,-0.025138833,0.21417533,0.9799442265276399,0.9980042994652335
Fibroblasts,Airways,XCL2,0.055271775,0.2132104,0.9559219475355369,0.9980042994652335
Fibroblasts,Airways,CD48,-0.34543508,-0.21318948,0.729767311356471,0.9980042994652335
Fibroblasts,Airways,FCRLA,-0.21993323,-0.21283357,0.825923157240976,0.9980042994652335
Fibroblasts,Airways,LEP,0.1176531,0.2123361,0.9063425300899486,0.9980042994652335
Fibroblasts,Airways,NOD2,0.06925649,0.21185617,0.9447854581162993,0.9980042994652335
Fibroblasts,Airways,ADGRF4,0.035409514,0.21092542,0.9717531982234269,0.9980042994652335
Fibroblasts,Airways,IRF4,0.117755264,0.20883085,0.906261576186266,0.9980042994652335
Fibroblasts,Airways,TGFB3,0.37693825,0.2085457,0.7062194985428512,0.9980042994652335
Fibroblasts,Airways,SELL,0.15438476,0.2082969,0.877306368714647,0.9980042994652335
Fibroblasts,Airways,PROKR1,0.04712855,0.20814829,0.962410773831047,0.9980042994652335
Fibroblasts,Airways,MT2A,-0.8237099,-0.2081464,0.41010440259614556,0.9980042994652335
Fibroblasts,Airways,OAS3,-0.39247948,-0.2077112,0.6947039640887355,0.9980042994652335
Fibroblasts,Airways,CD8B,0.060908932,0.20770791,0.9514317360514464,0.9980042994652335
Fibroblasts,Airways,LAIR1,0.14993754,0.20648634,0.880813895924292,0.9980042994652335
Fibroblasts,Airways,PTGS1,0.07631796,0.20614658,0.9391661374046263,0.9980042994652335
Fibroblasts,Airways,RGCC,-0.58693135,-0.20608398,0.5572498282583276,0.9980042994652335
Fibroblasts,Airways,GAS6,-0.71032375,-0.20171307,0.47750339545611487,0.9980042994652335
Fibroblasts,Airways,WNT5B,-0.20856877,-0.20044686,0.8347848925661308,0.9980042994652335
Fibroblasts,Airways,HAVCR2,0.05920216,0.20015304,0.9527910895253787,0.9980042994652335
Fibroblasts,Airways,CLEC7A,0.18809351,0.2001317,0.8508033465709827,0.9980042994652335
Fibroblasts,Airways,HCAR2,0.088547826,0.20001535,0.9294412750632959,0.9980042994652335
Fibroblasts,Airways,TSLP,0.069142304,0.19724175,0.9448763470630832,0.9980042994652335
Fibroblasts,Airways,SAA1,0.077850446,0.19262981,0.937947015465558,0.9980042994652335
Fibroblasts,Airways,TIE1,-0.06585497,-0.19180615,0.9474932950238698,0.9980042994652335
Fibroblasts,Airways,CLDN4,0.15687881,0.19151433,0.8753403588136125,0.9980042994652335
Fibroblasts,Airways,NRXN1,0.048210304,0.19103342,0.9615486367273453,0.9980042994652335
Fibroblasts,Airways,IL3RA,-0.16113372,-0.18966731,0.8719880802634293,0.9980042994652335
Fibroblasts,Airways,HLA.DRB5,0.25527665,0.18755534,0.7985094445656377,0.9980042994652335
Fibroblasts,Airways,MST1R,-0.14464293,-0.18598384,0.8849927944164414,0.9980042994652335
Fibroblasts,Airways,IL17RA,-0.36609665,-0.18546738,0.7142929678509109,0.9980042994652335
Fibroblasts,Airways,AXL,-0.37505117,-0.18516633,0.7076224037907356,0.9980042994652335
Fibroblasts,Airways,CLOCK,0.091354385,0.18449894,0.9272110070835325,0.9980042994652335
Fibroblasts,Airways,YBX3,0.31574085,0.18449381,0.7521992216582618,0.9980042994652335
Fibroblasts,Airways,ELANE,0.15487155,0.18420748,0.8769225816392494,0.9980042994652335
Fibroblasts,Airways,COL6A2,1.2357572,-0.18391111,0.21654883246763457,0.9980042994652335
Fibroblasts,Airways,SYK,-0.10748458,-0.18334807,0.9144045556206111,0.9980042994652335
Fibroblasts,Airways,DST,0.35969022,0.18159355,0.7190787990302294,0.9980042994652335
Fibroblasts,Airways,OXGR1,0.067693956,0.18085799,0.9460292634759249,0.9980042994652335
Fibroblasts,Airways,CLEC4A,0.11594032,0.17968443,0.9076998427248939,0.9980042994652335
Fibroblasts,Airways,PDGFA,0.15205899,0.17905992,0.8791404146478321,0.9980042994652335
Fibroblasts,Airways,IL11,-0.2300777,-0.17895904,0.8180313884494567,0.9980042994652335
Fibroblasts,Airways,CALM2,-0.64155406,-0.17840005,0.5211627761445061,0.9980042994652335
Fibroblasts,Airways,HBB,0.015841732,0.17701302,0.9873606560263918,0.9980042994652335
Fibroblasts,Airways,ACTG2,-0.17014235,-0.17516474,0.8648981844442729,0.9980042994652335
Fibroblasts,Airways,MMP1,-0.2668935,-0.17380987,0.7895511582464296,0.9980042994652335
Fibroblasts,Airways,FGFR2,-0.28519323,-0.1732712,0.7754961085926655,0.9980042994652335
Fibroblasts,Airways,LTB,-0.2027333,-0.17164686,0.8393435007460179,0.9980042994652335
Fibroblasts,Airways,BST1,-0.28615478,-0.17154118,0.7747595692475451,0.9980042994652335
Fibroblasts,Airways,LEFTY1,0.08017623,0.1702683,0.936097097431452,0.9980042994652335
Fibroblasts,Airways,GSN,1.1812307,0.16975765,0.23751111867494812,0.9980042994652335
Fibroblasts,Airways,PSCA,-0.13878943,-0.16846451,0.8896165468166347,0.9980042994652335
Fibroblasts,Airways,ATG5,-0.16643433,-0.16786534,0.8678151573454268,0.9980042994652335
Fibroblasts,Airways,TGFBR1,0.22052218,0.16715151,0.8254644963949253,0.9980042994652335
Fibroblasts,Airways,DDR1,-0.31381172,-0.1662757,0.7536640489526867,0.9980042994652335
Fibroblasts,Airways,H4C3,0.21442829,0.16624837,0.8302130847612086,0.9980042994652335
Fibroblasts,Airways,NR1H4,-0.12665573,-0.16401264,0.8992128924982192,0.9980042994652335
Fibroblasts,Airways,MAP1LC3B,-0.2589606,-0.16347043,0.7956656256696811,0.9980042994652335
Fibroblasts,Airways,B2M,1.0188048,-0.16341533,0.30829564520775965,0.9980042994652335
Fibroblasts,Airways,FABP4,0.015583311,0.16339335,0.987566819696249,0.9980042994652335
Fibroblasts,Airways,CXCR2,0.05514557,0.16211228,0.956022491202896,0.9980042994652335
Fibroblasts,Airways,FGF1,-0.3274659,-0.16196106,0.7433155383408587,0.9980042994652335
Fibroblasts,Airways,CD19,-0.14746752,-0.16129528,0.8827630104137293,0.9980042994652335
Fibroblasts,Airways,STAT1,-0.6821019,-0.16040672,0.4951745129312639,0.9980042994652335
Fibroblasts,Airways,LGALS3,0.4172397,0.15702271,0.6765030857105937,0.9980042994652335
Fibroblasts,Airways,EPHB4,0.19169337,0.15686582,0.8479824077746075,0.9980042994652335
Fibroblasts,Airways,TNFRSF12A,-0.5526937,-0.15570989,0.5804731559442885,0.9980042994652335
Fibroblasts,Airways,IFIT1,0.15716729,0.15563934,0.8751130142916114,0.9980042994652335
Fibroblasts,Airways,ACVR1B,-0.14020774,-0.15553394,0.8884958616965515,0.9980042994652335
Fibroblasts,Airways,CASP8,-0.17396456,-0.15458493,0.8618933117778981,0.9980042994652335
Fibroblasts,Airways,FPR1,0.030451462,0.1540481,0.9757070038768276,0.9980042994652335
Fibroblasts,Airways,COL5A3,-0.45450625,-0.15176219,0.6494645047576193,0.9980042994652335
Fibroblasts,Airways,TNFRSF11A,-0.21764952,-0.15149255,0.8277021985524555,0.9980042994652335
Fibroblasts,Airways,NEAT1,2.1144984,0.15065488,0.03447271335667306,0.34117324559181583
Fibroblasts,Airways,FGFR3,-0.29634735,-0.15053543,0.7669648328911666,0.9980042994652335
Fibroblasts,Airways,SELPLG,-0.17658482,-0.15002392,0.8598345190135328,0.9980042994652335
Fibroblasts,Airways,FGF7,-0.52055955,-0.14747903,0.6026736524091288,0.9980042994652335
Fibroblasts,Airways,TBX21,-0.18867046,-0.1472256,0.8503511133652618,0.9980042994652335
Fibroblasts,Airways,MAML2,-0.18574369,-0.1472052,0.852645760210509,0.9980042994652335
Fibroblasts,Airways,RPL37,-0.5934219,-0.14675513,0.5528988557560993,0.9980042994652335
Fibroblasts,Airways,TAP1,-0.29820436,-0.14560102,0.7655471934875195,0.9980042994652335
Fibroblasts,Airways,CLEC2B,-0.1843314,-0.14474718,0.853753480825068,0.9980042994652335
Fibroblasts,Airways,CCR7,-0.23765601,-0.14352384,0.8121479013121418,0.9980042994652335
Fibroblasts,Airways,KRT15,0.09187723,0.14238629,0.9267955808444821,0.9980042994652335
Fibroblasts,Airways,EPOR,-0.23073877,-0.14210059,0.8175177446308357,0.9980042994652335
Fibroblasts,Airways,HCK,0.09473788,0.14123052,0.924523030312247,0.9980042994652335
Fibroblasts,Airways,CAMP,-0.11699203,-0.140781,0.9068663729489703,0.9980042994652335
Fibroblasts,Airways,FYB1,0.04313206,0.14016163,0.9655962647803211,0.9980042994652335
Fibroblasts,Airways,CSHL1,0.031425044,0.13941868,0.9749305700617584,0.9980042994652335
Fibroblasts,Airways,FABP5,-0.2764851,-0.13918279,0.7821755150720808,0.9980042994652335
Fibroblasts,Airways,CCL8,0.009705764,0.13758512,0.9922560417986087,0.9980042994652335
Fibroblasts,Airways,RELT,-0.14549632,-0.1371708,0.8843190181378213,0.9980042994652335
Fibroblasts,Airways,NRIP3,-0.020613482,0.13565262,0.9835539859663813,0.9980042994652335
Fibroblasts,Airways,MMP2,2.3114805,0.13321467,0.0208063322039726,0.24659356686189746
Fibroblasts,Airways,NANOG,0.05446046,0.13312179,0.9565683118516562,0.9980042994652335
Fibroblasts,Airways,KRT24,-0.22160995,-0.13306926,0.8246175346087146,0.9980042994652335
Fibroblasts,Airways,ACVRL1,0.116216764,0.13237803,0.9074807493572162,0.9980042994652335
Fibroblasts,Airways,SMAD4,0.046227086,0.13232355,0.9631292550363733,0.9980042994652335
Fibroblasts,Airways,ACE,-0.0642744,-0.1319788,0.9487517385228773,0.9980042994652335
Fibroblasts,Airways,COL6A1,0.6143479,-0.13051404,0.5389854825312514,0.9980042994652335
Fibroblasts,Airways,MZB1,0.05515759,0.12872696,0.9560129155853554,0.9980042994652335
Fibroblasts,Airways,IL1RN,0.054484498,0.12763655,0.9565491599036954,0.9980042994652335
Fibroblasts,Airways,FES,0.0594125,0.1273077,0.9526235560681647,0.9980042994652335
Fibroblasts,Airways,CIDEA,0.0066648256,0.12705415,0.9946822780805044,0.9980042994652335
Fibroblasts,Airways,MS4A1,-0.008996612,-0.12544222,0.9928218383575541,0.9980042994652335
Fibroblasts,Airways,CYSTM1,0.15454102,0.12487335,0.8771831746539709,0.9980042994652335
Fibroblasts,Airways,RBPJ,-0.41787073,-0.12442624,0.6760416337970659,0.9980042994652335
Fibroblasts,Airways,RELA,-0.30431628,-0.123917975,0.7608869369100573,0.9980042994652335
Fibroblasts,Airways,IL6,-0.26089576,-0.123036034,0.7941728929430459,0.9980042994652335
Fibroblasts,Airways,ITGA3,-0.19519104,-0.122468315,0.8452433925968267,0.9980042994652335
Fibroblasts,Airways,STAT4,-0.023792645,0.12221806,0.9810180064994896,0.9980042994652335
Fibroblasts,Airways,ANGPTL1,0.090783454,0.12208268,0.9276646560965804,0.9980042994652335
Fibroblasts,Airways,LGALS9,0.0982596,0.121473186,0.92172615819639,0.9980042994652335
Fibroblasts,Airways,PHLDA2,-0.24309485,-0.12142978,0.8079319214899832,0.9980042994652335
Fibroblasts,Airways,KRT10,-0.0645208,-0.11662256,0.9485555468243816,0.9980042994652335
Fibroblasts,Airways,GDF6,-0.044808783,0.11648849,0.9642597258523355,0.9980042994652335
Fibroblasts,Airways,NR3C1,0.05895576,0.11407957,0.9529873456566664,0.9980042994652335
Fibroblasts,Airways,PPARA,-0.23968731,-0.11384247,0.8105726700909804,0.9980042994652335
Fibroblasts,Airways,CD28,-0.027578795,0.1134767,0.977998094289735,0.9980042994652335
Fibroblasts,Airways,PSAP,-0.17111593,-0.11307481,0.8641326051152055,0.9980042994652335
Fibroblasts,Airways,BRCA1,-0.2368447,-0.11180746,0.8127772746249945,0.9980042994652335
Fibroblasts,Airways,OSM,-0.15063468,-0.1108624,0.8802639109761667,0.9980042994652335
Fibroblasts,Airways,VTN,0.028167753,0.11076584,0.9775283574133332,0.9980042994652335
Fibroblasts,Airways,UCP1,-0.11089212,-0.110195056,0.9117018963732002,0.9980042994652335
Fibroblasts,Airways,CCL21,-0.1559413,-0.10935515,0.876079299470298,0.9980042994652335
Fibroblasts,Airways,MAF,0.11991878,0.1093445,0.9045474882265765,0.9980042994652335
Fibroblasts,Airways,NR1H2,-0.037657164,0.10742325,0.9699610291453359,0.9980042994652335
Fibroblasts,Airways,QRFPR,-0.012067601,0.10504403,0.990371681241209,0.9980042994652335
Fibroblasts,Airways,WIF1,-0.40278623,-0.10485254,0.6871054926160232,0.9980042994652335
Fibroblasts,Airways,KRT19,-0.21828656,-0.10411929,0.827205850330154,0.9980042994652335
Fibroblasts,Airways,MTOR,-0.30400378,-0.10337502,0.761125010719073,0.9980042994652335
Fibroblasts,Airways,IL18,-0.08616796,-0.103066966,0.9313329009057808,0.9980042994652335
Fibroblasts,Airways,VEGFB,0.017794903,0.102399655,0.9858024705120119,0.9980042994652335
Fibroblasts,Airways,DNMT3A,-0.21923009,-0.1023849,0.826470819925917,0.9980042994652335
Fibroblasts,Airways,SCG5,-0.048919458,-0.10238356,0.9609834822948589,0.9980042994652335
Fibroblasts,Airways,IFIH1,-0.21336456,-0.10192068,0.8310426216200181,0.9980042994652335
Fibroblasts,Airways,PGR,-0.04835454,-0.10165679,0.961433688488592,0.9980042994652335
Fibroblasts,Airways,WNT9A,0.020847863,0.101193294,0.9833670174091794,0.9980042994652335
Fibroblasts,Airways,CCL26,-0.036220834,0.101167075,0.9711062753482277,0.9980042994652335
Fibroblasts,Airways,VHL,0.11092818,0.10082547,0.9116733022093793,0.9980042994652335
Fibroblasts,Airways,FKBP11,-0.49424878,-0.10077133,0.6211304878926474,0.9980042994652335
Fibroblasts,Airways,KRT8,-0.028522328,0.100334,0.9772455603883843,0.9980042994652335
Fibroblasts,Airways,DHRS2,-0.11253278,-0.10006671,0.910400978247589,0.9980042994652335
Fibroblasts,Airways,HSD17B2,-0.15659034,-0.099774644,0.8755677136242325,0.9980042994652335
Fibroblasts,Airways,DDX58,-0.23170635,-0.09950454,0.8167660981661471,0.9980042994652335
Fibroblasts,Airways,HSD3B2,-0.107514635,-0.09938795,0.9143807182742517,0.9980042994652335
Fibroblasts,Airways,PTGDR2,-0.13620523,-0.098707736,0.8916590387423623,0.9980042994652335
Fibroblasts,Airways,ITGB2,0.10215993,0.09833629,0.9186297292103296,0.9980042994652335
Fibroblasts,Airways,MSMB,-0.06322269,-0.09756096,0.949589176903431,0.9980042994652335
Fibroblasts,Airways,IDO1,-0.089581504,-0.093662485,0.9286197833325338,0.9980042994652335
Fibroblasts,Airways,RB1,-0.005492922,0.09354486,0.9956173044400702,0.9980042994652335
Fibroblasts,Airways,DDC,-0.13250923,-0.09269195,0.8945815234833002,0.9980042994652335
Fibroblasts,Airways,MMP12,-0.0824359,-0.09212187,0.9343000913156356,0.9980042994652335
Fibroblasts,Airways,FASN,-0.15269001,-0.091978736,0.8786427407512242,0.9980042994652335
Fibroblasts,Airways,CST7,-0.02391885,0.090848416,0.9809173381359764,0.9980042994652335
Fibroblasts,Airways,CCND1,-0.07175655,0.09043866,0.9427956507496856,0.9980042994652335
Fibroblasts,Airways,TNFRSF18,-0.03225439,0.09007889,0.9742691821863169,0.9980042994652335
Fibroblasts,Airways,SRC,0.11920362,0.08996518,0.9051140407138247,0.9980042994652335
Fibroblasts,Airways,BECN1,0.03806583,0.08988146,0.9696351962536649,0.9980042994652335
Fibroblasts,Airways,FFAR3,-0.011051951,0.08982717,0.9911819982611072,0.9980042994652335
Fibroblasts,Airways,CD63,-0.11221427,-0.08899794,0.91065351876502,0.9980042994652335
Fibroblasts,Airways,IL4R,-0.26870844,-0.08886933,0.7881540471180312,0.9980042994652335
Fibroblasts,Airways,TLR8,0.014423427,0.0881799,0.988492168987378,0.9980042994652335
Fibroblasts,Airways,SREBF1,-0.21070825,-0.08795673,0.8331149406828124,0.9980042994652335
Fibroblasts,Airways,ENG,0.12304986,0.08787093,0.9020676115394224,0.9980042994652335
Fibroblasts,Airways,ERBB2,-0.15240754,-0.08770702,0.8788655031505295,0.9980042994652335
Fibroblasts,Airways,DUSP4,0.00010216594,0.086924605,0.9999184833708351,0.9999184833708351
Fibroblasts,Airways,ITGAL,0.0055530197,0.08631301,0.9955693542129851,0.9980042994652335
Fibroblasts,Airways,C9orf16,-0.19632088,-0.085819684,0.8443590227003768,0.9980042994652335
Fibroblasts,Airways,SOD2,0.33699137,0.08573207,0.7361234123857804,0.9980042994652335
Fibroblasts,Airways,ITGA5,0.028696612,0.08538975,0.9771065595070273,0.9980042994652335
Fibroblasts,Airways,SOD1,-0.19270901,-0.08502111,0.8471868673032743,0.9980042994652335
Fibroblasts,Airways,ADGRF3,-0.06069859,-0.08385108,0.9515992544532801,0.9980042994652335
Fibroblasts,Airways,PIGR,-0.09014041,0.08182188,0.9281756362918332,0.9980042994652335
Fibroblasts,Airways,MYC,-0.037645146,0.08178807,0.9699706125418541,0.9980042994652335
Fibroblasts,Airways,CCL18,-0.145911,-0.08137199,0.8839916499758372,0.9980042994652335
Fibroblasts,Airways,CXCL17,-0.045049172,-0.0805245,0.9640681155103182,0.9980042994652335
Fibroblasts,Airways,PDGFC,-0.20586437,-0.079234265,0.836896852413378,0.9980042994652335
Fibroblasts,Airways,IL22RA1,0.030205062,-0.07875913,0.9759035124104404,0.9980042994652335
Fibroblasts,Airways,IL12B,-0.17734806,-0.078690514,0.8592350032919729,0.9980042994652335
Fibroblasts,Airways,PDCD1LG2,-0.035992462,0.077930786,0.9712883702534707,0.9980042994652335
Fibroblasts,Airways,CSF2,0.066419885,0.07680984,0.9470435407455108,0.9980042994652335
Fibroblasts,Airways,HCAR3,-0.12458236,-0.075813875,0.9008541990234148,0.9980042994652335
Fibroblasts,Airways,BTG1,0.023588313,0.07473251,0.9811809940139415,0.9980042994652335
Fibroblasts,Airways,PF4,-0.12592253,-0.073965594,0.899793247650082,0.9980042994652335
Fibroblasts,Airways,CDH1,-0.056756187,0.070806496,0.9547394155630913,0.9980042994652335
Fibroblasts,Airways,KRT14,-0.29690626,-0.06817637,0.7665380824274145,0.9980042994652335
Fibroblasts,Airways,CDKN3,-0.10822378,-0.068142086,0.9138181793014041,0.9980042994652335
Fibroblasts,Airways,RPL21,0.4294816,0.06810427,0.6675727892800151,0.9980042994652335
Fibroblasts,Airways,GPX1,0.24736778,0.065941796,0.8046236000867313,0.9980042994652335
Fibroblasts,Airways,OLR1,-0.09191329,-0.065877214,0.9267669314933284,0.9980042994652335
Fibroblasts,Airways,COL4A1,0.11761103,0.06486108,0.9063758643331699,0.9980042994652335
Fibroblasts,Airways,CSF2RA,-0.09069331,-0.06336802,0.9277362870413183,0.9980042994652335
Fibroblasts,Airways,AR,-0.15102531,-0.06232026,0.8799557549857513,0.9980042994652335
Fibroblasts,Airways,ADGRG1,-0.14743146,-0.06203694,0.8827914699269396,0.9980042994652335
Fibroblasts,Airways,CMKLR1,-0.010871658,0.06192431,0.9913258424936546,0.9980042994652335
Fibroblasts,Airways,RPL22,-0.25723583,-0.06181384,0.7969967356580413,0.9980042994652335
Fibroblasts,Airways,IL2RG,-0.02672541,-0.060846295,0.9786787469313075,0.9980042994652335
Fibroblasts,Airways,KRT6A,-0.054424398,0.060165342,0.9565970398206066,0.9980042994652335
Fibroblasts,Airways,CD37,0.059172112,0.058590516,0.952815023046888,0.9980042994652335
Fibroblasts,Airways,TACSTD2,-0.07820503,-0.05805526,0.9376649647292448,0.9980042994652335
Fibroblasts,Airways,KLRK1,-0.022776995,-0.057716183,0.981828158006997,0.9980042994652335
Fibroblasts,Airways,TNFRSF1A,-0.19699396,-0.057505846,0.8438322572002714,0.9980042994652335
Fibroblasts,Airways,IL12RB1,0.046707865,0.057262592,0.9627460612971238,0.9980042994652335
Fibroblasts,Airways,CD164,-0.07810286,0.056852274,0.9377462327849211,0.9980042994652335
Fibroblasts,Airways,TNFSF9,-0.16576725,-0.05640574,0.8683401210588433,0.9980042994652335
Fibroblasts,Airways,OAS2,-0.12376503,0.055663835,0.901501323716929,0.9980042994652335
Fibroblasts,Airways,ADGRA3,-0.084250845,0.055191144,0.9328569932467577,0.9980042994652335
Fibroblasts,Airways,NFKB1,-0.0051804143,0.054865204,0.9958666458721667,0.9980042994652335
Fibroblasts,Airways,LCN2,0.014759974,0.053994976,0.988223672206901,0.9980042994652335
Fibroblasts,Airways,HLA.E,0.0072718114,0.051657114,0.9941979851660999,0.9980042994652335
Fibroblasts,Airways,NFKBIA,-0.26500645,-0.050534856,0.7910045014662539,0.9980042994652335
Fibroblasts,Airways,HDAC3,0.074172474,0.05012586,0.9408731470369663,0.9980042994652335
Fibroblasts,Airways,IAPP,-0.00503618,-0.049684037,0.9959817266707554,0.9980042994652335
Fibroblasts,Airways,ICOS,-0.051455576,-0.049679086,0.9589624992069113,0.9980042994652335
Fibroblasts,Airways,FZD6,-0.16442107,-0.049255922,0.8693996838429997,0.9980042994652335
Fibroblasts,Airways,BMPR2,-0.13988921,-0.04836354,0.8887475216581792,0.9980042994652335
Fibroblasts,Airways,SMO,-0.21090056,-0.046547823,0.832964869407565,0.9980042994652335
Fibroblasts,Airways,EGFR,0.049676687,0.04610423,0.9603800339591645,0.9980042994652335
Fibroblasts,Airways,INS,0.012578431,0.04574969,0.9899641290450506,0.9980042994652335
Fibroblasts,Airways,SPARCL1,0.10482827,0.04330231,0.9165120788119344,0.9980042994652335
Fibroblasts,Airways,IGHA1,-0.25114793,-0.042372722,0.8016997409231431,0.9980042994652335
Fibroblasts,Airways,ADIRF,0.042663295,0.040293273,0.9659699382753428,0.9980042994652335
Fibroblasts,Airways,ADIPOQ,-0.03885311,-0.039920162,0.969007503106419,0.9980042994652335
Fibroblasts,Airways,FASLG,0.019603841,0.039847404,0.9843593991793524,0.9980042994652335
Fibroblasts,Airways,CD36,-0.16380806,-0.039334863,0.8698822411568246,0.9980042994652335
Fibroblasts,Airways,TOP2A,0.004831848,-0.039137054,0.996144757944616,0.9980042994652335
Fibroblasts,Airways,G6PD,-0.0643405,0.038165987,0.948699101420242,0.9980042994652335
Fibroblasts,Airways,CD38,0.025829954,0.037607376,0.9793929695540002,0.9980042994652335
Fibroblasts,Airways,CD86,0.008822329,0.03567594,0.9929608906177818,0.9980042994652335
Fibroblasts,Airways,GSTP1,-0.13862115,-0.034807123,0.8897495241417424,0.9980042994652335
Fibroblasts,Airways,OAS1,-0.053222448,0.034187395,0.9575546708165065,0.9980042994652335
Fibroblasts,Airways,ATG12,-0.13025557,0.032529496,0.8963642315029814,0.9980042994652335
Fibroblasts,Airways,IRF3,-0.19124864,-0.031535227,0.8483307997491708,0.9980042994652335
Fibroblasts,Airways,TFEB,-0.014699876,-0.031297453,0.9882716179636152,0.9980042994652335
Fibroblasts,Airways,EFNA1,-0.039976932,-0.02926367,0.9681115164787798,0.9980042994652335
Fibroblasts,Airways,EPCAM,-0.12533958,-0.027093116,0.9002547158193505,0.9980042994652335
Fibroblasts,Airways,CXCR6,-0.08358977,-0.026664613,0.9333825996945525,0.9980042994652335
Fibroblasts,Airways,NPPC,-0.2261954,-0.026651904,0.8210494482719837,0.9980042994652335
Fibroblasts,Airways,TNFSF12,-0.026899692,0.025802193,0.9785397391283085,0.9980042994652335
Fibroblasts,Airways,DDIT3,-0.23313066,-0.0250052,0.8156599439860199,0.9980042994652335
Fibroblasts,Airways,CD8A,-0.066972785,-0.024705643,0.9466033720466377,0.9980042994652335
Fibroblasts,Airways,IL20,-0.08524246,0.02150812,0.9320686385339038,0.9980042994652335
Fibroblasts,Airways,MPO,-0.14951085,0.02062557,0.8811505530222695,0.9980042994652335
Fibroblasts,Airways,PDGFRA,-0.216718,-0.020133866,0.8284281146100864,0.9980042994652335
Fibroblasts,Airways,EFNB2,0.03555375,0.019545188,0.9716381883417438,0.9980042994652335
Fibroblasts,Airways,PTK6,-0.07727351,-0.018568112,0.9384059621021735,0.9980042994652335
Fibroblasts,Airways,NPPB,-0.003804179,0.016548721,0.9969647116532905,0.9980042994652335
Fibroblasts,Airways,STAT5B,-0.005132336,0.01652104,0.995905006128927,0.9980042994652335
Fibroblasts,Airways,CCL11,-0.11110847,-0.016480777,0.9115303331066177,0.9980042994652335
Fibroblasts,Airways,VSIR,-0.11870481,0.015865326,0.9055092277812449,0.9980042994652335
Fibroblasts,Airways,KRT13,-0.030932242,-0.0148921255,0.9753235768478942,0.9980042994652335
Fibroblasts,Airways,KRT6B,0.03204405,0.014479068,0.974436923831504,0.9980042994652335
Fibroblasts,Airways,TNFRSF10D,0.025102774,-0.01397911,0.9799729880262161,0.9980042994652335
Fibroblasts,Airways,IL1B,-0.021587063,0.013681317,0.9827773533767171,0.9980042994652335
Fibroblasts,Airways,GPER1,-0.1026948,-0.013493455,0.9182051984901818,0.9980042994652335
Fibroblasts,Airways,S100A8,-0.0066287667,0.013111457,0.9947110480200188,0.9980042994652335
Fibroblasts,Airways,NLRP3,-0.035127055,-0.012638149,0.9719784276076646,0.9980042994652335
Fibroblasts,Airways,LAG3,-0.09162482,0.012441636,0.9269961289580915,0.9980042994652335
Fibroblasts,Airways,IL13RA1,-0.16966158,0.010550816,0.8652762951339001,0.9980042994652335
Fibroblasts,Airways,PARP1,0.04461046,-0.010467032,0.9644178059387614,0.9980042994652335
Fibroblasts,Airways,ABL2,-0.08446119,0.007538254,0.9326897609596213,0.9980042994652335
Fibroblasts,Airways,GPBAR1,-0.103488095,-0.0068047475,0.9175756003964511,0.9980042994652335
Fibroblasts,Airways,GATA3,-0.058312714,-0.0049068686,0.9534995396908986,0.9980042994652335
Fibroblasts,Airways,IL15RA,-0.1559533,0.0046940316,0.8760698251870969,0.9980042994652335
Fibroblasts,Airways,H2AZ1,-0.119444005,0.0043928116,0.9049235974997001,0.9980042994652335
Fibroblasts,Airways,MMP9,-0.026815556,-0.00029317298,0.9786068462624454,0.9980042994652335
Fibroblasts,Airways,TOX,-0.11018296,0.00023559031,0.9122642714510933,0.9980042994652335
Fibroblasts,Alveolar spaces,PROK2,-0.76174396,-26.339525,0.44621284716073517,0.9996585737175095
Fibroblasts,Alveolar spaces,CXCR1,-0.51536095,-3.2013228,0.6063008082529051,0.9996585737175095
Fibroblasts,Alveolar spaces,CX3CL1,-1.2167746,-2.6822455,0.22368998823139452,0.9996585737175095
Fibroblasts,Alveolar spaces,VCAM1,-6.5623546,-2.4475794,5.296472246936772e-11,3.91124104389177e-09
Fibroblasts,Alveolar spaces,COL3A1,-13.471697,-2.288129,2.2952972427691836e-41,1.1017426765292081e-38
Fibroblasts,Alveolar spaces,GPX3,6.648337,2.2744868,2.964227690982571e-11,2.371382152786057e-09
Fibroblasts,Alveolar spaces,CFD,5.5304837,2.052431,3.193485325106769e-08,1.6135504800539465e-06
Fibroblasts,Alveolar spaces,IGFBP3,-4.4227657,-1.9551976,9.744545188233514e-06,0.0003597985915655451
Fibroblasts,Alveolar spaces,PTGS2,3.0621047,1.9442954,0.0021978650925339907,0.05274876222081578
Fibroblasts,Alveolar spaces,MGP,9.98143,1.8938905,1.837986295168339e-23,3.528933686723211e-21
Fibroblasts,Alveolar spaces,CXCL12,-6.380795,-1.8913078,1.7617112505629633e-10,1.2080305718146034e-08
Fibroblasts,Alveolar spaces,IGF1,-6.008498,-1.8419113,1.872497996481567e-09,1.198398717748203e-07
Fibroblasts,Alveolar spaces,THBS2,-9.490713,-1.8314655,2.2945830636836074e-21,3.6713329018937715e-19
Fibroblasts,Alveolar spaces,PROKR1,-0.37037116,-1.8259467,0.7111059489743745,0.9996585737175095
Fibroblasts,Alveolar spaces,RGCC,5.274709,1.8205653,1.3296663758365923e-07,6.3823986040156435e-06
Fibroblasts,Alveolar spaces,RARRES2,-9.406578,-1.7925124,5.1255429429420225e-21,7.029316036034773e-19
Fibroblasts,Alveolar spaces,CCR5,-0.73849016,-1.7743229,0.46021664042465493,0.9996585737175095
Fibroblasts,Alveolar spaces,COL11A1,-5.585302,-1.6919253,2.3329441000035316e-08,1.244236853335217e-06
Fibroblasts,Alveolar spaces,TNFSF12,-1.2285929,-1.62769,0.2192244729149324,0.9996585737175095
Fibroblasts,Alveolar spaces,VCAN,-8.128577,-1.6249372,4.343574502673306e-16,4.6331461361848596e-14
Fibroblasts,Alveolar spaces,HILPDA,-5.7905097,-1.6072189,7.017322664303443e-09,3.962723386900768e-07
Fibroblasts,Alveolar spaces,JUN,-7.7637973,-1.5684794,8.24235618589731e-15,7.912661938461417e-13
Fibroblasts,Alveolar spaces,SOSTDC1,-0.60843796,-1.5664023,0.5428970335254459,0.9996585737175095
Fibroblasts,Alveolar spaces,COL1A1,-14.375739,-1.5193449,7.348126376712976e-47,7.054201321644457e-44
Fibroblasts,Alveolar spaces,COL1A2,-11.513448,-1.467157,1.1287347648270273e-30,3.6119512474464875e-28
Fibroblasts,Alveolar spaces,NCR1,-0.4393555,-1.4579183,0.6604039801992398,0.9996585737175095
Fibroblasts,Alveolar spaces,RELT,-1.0419941,-1.4453089,0.29741442121389894,0.9996585737175095
Fibroblasts,Alveolar spaces,ACKR3,-1.0065222,-1.4429665,0.31416442190450433,0.9996585737175095
Fibroblasts,Alveolar spaces,MMP1,-0.9056639,-1.43632,0.3651137566585463,0.9996585737175095
Fibroblasts,Alveolar spaces,TCL1A,-0.6347266,-1.4120935,0.5256067711764325,0.9996585737175095
Fibroblasts,Alveolar spaces,IGHA1,-2.0225825,-1.3659146,0.043116214690745676,0.6088307489038844
Fibroblasts,Alveolar spaces,COL4A1,5.1033635,1.3542149,3.3366932189544884e-07,1.4560115864528678e-05
Fibroblasts,Alveolar spaces,COL12A1,-2.958026,-1.3235695,0.0030961615469983633,0.06755261557087339
Fibroblasts,Alveolar spaces,IGFBP7,11.32998,1.3117841,9.322639882608305e-30,2.2374335718259934e-27
Fibroblasts,Alveolar spaces,LAIR1,-0.9263615,-1.2761102,0.3542581555955747,0.9996585737175095
Fibroblasts,Alveolar spaces,GZMA,-0.74735814,-1.2528497,0.45484741239962767,0.9996585737175095
Fibroblasts,Alveolar spaces,TACSTD2,1.0914801,1.238705,0.27506166895310324,0.9996585737175095
Fibroblasts,Alveolar spaces,CLEC2D,-1.0347759,-1.2348888,0.300773606071313,0.9996585737175095
Fibroblasts,Alveolar spaces,TXK,-0.63328516,-1.2278523,0.5265474428450969,0.9996585737175095
Fibroblasts,Alveolar spaces,IL2,-0.4100884,-1.2202587,0.6817411114528547,0.9996585737175095
Fibroblasts,Alveolar spaces,EFNB1,-1.8912071,-1.2056139,0.058596703563880276,0.7401688871226982
Fibroblasts,Alveolar spaces,JUNB,-6.7979326,-1.19823,1.0613107415151655e-11,9.2623482895869e-10
Fibroblasts,Alveolar spaces,APOA1,-0.5282153,-1.1920657,0.5973499231852185,0.9996585737175095
Fibroblasts,Alveolar spaces,ICOSLG,1.406594,1.187713,0.15954779986447898,0.9996585737175095
Fibroblasts,Alveolar spaces,NGFR,1.2332718,1.1698837,0.2174743671563799,0.9996585737175095
Fibroblasts,Alveolar spaces,CD33,-0.34819844,-1.1637068,0.727691150672514,0.9996585737175095
Fibroblasts,Alveolar spaces,IGHG1,-2.9966903,-1.1625613,0.002729279457216528,0.060932750672741086
Fibroblasts,Alveolar spaces,IGKC,-3.5471852,-1.1516293,0.0003893708375233659,0.011327151637043372
Fibroblasts,Alveolar spaces,COL9A3,-0.4827156,-1.1470516,0.6292976885024708,0.9996585737175095
Fibroblasts,Alveolar spaces,MIF,-4.205768,-1.1350679,2.601971173269242e-05,0.000925145306051286
Fibroblasts,Alveolar spaces,HSD17B2,-0.56252724,-1.1171298,0.5737568352161757,0.9996585737175095
Fibroblasts,Alveolar spaces,CEACAM1,0.93517315,1.0995202,0.34969907954700064,0.9996585737175095
Fibroblasts,Alveolar spaces,ADIPOQ,-0.62272805,-1.0991579,0.5334632395882644,0.9996585737175095
Fibroblasts,Alveolar spaces,ITGA9,2.7187486,1.0934206,0.0065529410578704945,0.13173854658101938
Fibroblasts,Alveolar spaces,PTGS1,-0.5117912,-1.0931406,0.6087971130525051,0.9996585737175095
Fibroblasts,Alveolar spaces,ITGA1,3.9879932,1.092362,6.663454730389934e-05,0.002132305513724779
Fibroblasts,Alveolar spaces,CCL7,-0.37809616,-1.0739446,0.7053591646217143,0.9996585737175095
Fibroblasts,Alveolar spaces,CCND1,2.0701823,1.0480473,0.03843527608807511,0.5856803975325731
Fibroblasts,Alveolar spaces,FGF2,1.1293619,1.0446503,0.25874523262675975,0.9996585737175095
Fibroblasts,Alveolar spaces,SELENOP,3.3453166,1.0445163,0.000821887127125205,0.02132463897405937
Fibroblasts,Alveolar spaces,IL3RA,-0.43531844,-1.0390506,0.6633312983156601,0.9996585737175095
Fibroblasts,Alveolar spaces,WNT10B,-0.6257516,-1.0368886,0.5314778733938595,0.9996585737175095
Fibroblasts,Alveolar spaces,HLA.B,-5.1622353,-1.0261394,2.4401809566014805e-07,1.1155112944463912e-05
Fibroblasts,Alveolar spaces,C11orf96,4.702019,1.0201231,2.5760134302382477e-06,0.0001030405372095299
Fibroblasts,Alveolar spaces,CXCL1,0.84132475,1.0147991,0.40016602694892867,0.9996585737175095
Fibroblasts,Alveolar spaces,CELSR2,0.78589296,1.0114293,0.431930206668118,0.9996585737175095
Fibroblasts,Alveolar spaces,HLA.A,-5.930387,-1.0031766,3.0222180726017347e-09,1.8133308435610407e-07
Fibroblasts,Alveolar spaces,CCL19,-1.2393864,-0.9754138,0.2152024009339205,0.9996585737175095
Fibroblasts,Alveolar spaces,JAG1,2.663542,0.97092986,0.007732277696880812,0.15148952222460366
Fibroblasts,Alveolar spaces,AQP3,-0.66824466,-0.9697092,0.5039774449043541,0.9996585737175095
Fibroblasts,Alveolar spaces,TNFRSF4,-0.4764489,-0.9670683,0.6337546030804452,0.9996585737175095
Fibroblasts,Alveolar spaces,ACTG2,-0.45893255,-0.9601804,0.6462825938388146,0.9996585737175095
Fibroblasts,Alveolar spaces,LGALS3BP,-3.3783336,-0.95691687,0.0007292657625146564,0.01944708700039084
Fibroblasts,Alveolar spaces,CUZD1,-0.6114615,-0.9507199,0.5408940822900883,0.9996585737175095
Fibroblasts,Alveolar spaces,DNTT,0.68034446,0.94460034,0.4962863650600735,0.9996585737175095
Fibroblasts,Alveolar spaces,TLR4,-0.5591659,-0.93657804,0.5760485160929454,0.9996585737175095
Fibroblasts,Alveolar spaces,LGALS1,-4.4422584,-0.93607664,8.901964159610696e-06,0.00034183542372905073
Fibroblasts,Alveolar spaces,SRC,-1.34958,-0.92907083,0.1771507167969254,0.9996585737175095
Fibroblasts,Alveolar spaces,TNFRSF9,-0.6426711,-0.9206359,0.5204375217772171,0.9996585737175095
Fibroblasts,Alveolar spaces,LUM,-5.0244584,-0.91667587,5.04855547571902e-07,2.1072231550827212e-05
Fibroblasts,Alveolar spaces,CLEC2B,-0.73395765,-0.9119989,0.46297454799631077,0.9996585737175095
Fibroblasts,Alveolar spaces,HDAC11,-0.98780096,-0.9119331,0.3232501281728244,0.9996585737175095
Fibroblasts,Alveolar spaces,TNFRSF10A,-0.21577583,-0.9100855,0.829162484642936,0.9996585737175095
Fibroblasts,Alveolar spaces,TNFRSF1B,-0.7043415,-0.90987355,0.48122014547600134,0.9996585737175095
Fibroblasts,Alveolar spaces,TLR1,-0.7426229,-0.90906405,0.4577100086894701,0.9996585737175095
Fibroblasts,Alveolar spaces,CD8A,-0.5691712,-0.9080441,0.5692399664828752,0.9996585737175095
Fibroblasts,Alveolar spaces,HCST,1.0555409,0.90526,0.29117798931124206,0.9996585737175095
Fibroblasts,Alveolar spaces,CYP1B1,-2.1931007,-0.90208685,0.028300123750741996,0.4453789967329888
Fibroblasts,Alveolar spaces,SYK,-0.4993705,-0.90196353,0.6175184157022343,0.9996585737175095
Fibroblasts,Alveolar spaces,SLC2A4,-0.7023764,-0.8993559,0.48244443186224506,0.9996585737175095
Fibroblasts,Alveolar spaces,BTK,-0.63448447,-0.8955729,0.5257647145424225,0.9996585737175095
Fibroblasts,Alveolar spaces,LIFR,0.97021145,0.89531994,0.331941107224738,0.9996585737175095
Fibroblasts,Alveolar spaces,CCL8,-0.720011,-0.8929992,0.4715182097986811,0.9996585737175095
Fibroblasts,Alveolar spaces,FZD7,-1.1105055,-0.888641,0.26678128833644166,0.9996585737175095
Fibroblasts,Alveolar spaces,CFLAR,1.8234615,0.8879876,0.0682335235209835,0.7892070190378814
Fibroblasts,Alveolar spaces,MZB1,-0.4121266,-0.88672054,0.680246625081723,0.9996585737175095
Fibroblasts,Alveolar spaces,DUSP6,0.96152365,0.88445616,0.33628893684152916,0.9996585737175095
Fibroblasts,Alveolar spaces,CASP8,-0.72523046,-0.8844167,0.4683106647498977,0.9996585737175095
Fibroblasts,Alveolar spaces,RGS2,-1.837425,-0.8834546,0.06614717612966081,0.7744059644448095
Fibroblasts,Alveolar spaces,CENPF,-0.18810216,-0.88185656,0.8507965667833571,0.9996585737175095
Fibroblasts,Alveolar spaces,PLA2R1,-1.1700982,-0.87980604,0.2419614755407048,0.9996585737175095
Fibroblasts,Alveolar spaces,TNFRSF11A,-0.63095415,-0.8696912,0.5280705027573211,0.9996585737175095
Fibroblasts,Alveolar spaces,GDF15,2.045701,0.8686828,0.040785788193731236,0.5932478282724543
Fibroblasts,Alveolar spaces,SERPINH1,-3.7552698,-0.86746085,0.0001731548530713958,0.0053622148047916115
Fibroblasts,Alveolar spaces,IL1B,-0.3826568,-0.8664514,0.7019742334490868,0.9996585737175095
Fibroblasts,Alveolar spaces,ROR1,-1.0836031,-0.86178964,0.27854080238798484,0.9996585737175095
Fibroblasts,Alveolar spaces,HLA.C,-4.1955996,-0.8616905,2.7215096850610552e-05,0.000933089034878076
Fibroblasts,Alveolar spaces,CAV1,1.9925439,0.8590262,0.04631140369372527,0.6351278220853751
Fibroblasts,Alveolar spaces,SOD2,-3.4166374,-0.85888004,0.0006339964270422074,0.01738961628458626
Fibroblasts,Alveolar spaces,ST6GAL1,-0.42298213,-0.84658927,0.6723083040209439,0.9996585737175095
Fibroblasts,Alveolar spaces,TM4SF1,1.0536941,0.84213984,0.2920229609029146,0.9996585737175095
Fibroblasts,Alveolar spaces,ITGA2,1.0255475,0.83924216,0.3051049091831365,0.9996585737175095
Fibroblasts,Alveolar spaces,FPR1,-0.67995596,-0.8375426,0.4965323333966064,0.9996585737175095
Fibroblasts,Alveolar spaces,PTPRC,-0.77710944,-0.8329771,0.43709420419281153,0.9996585737175095
Fibroblasts,Alveolar spaces,CELSR1,-0.74416566,-0.8315963,0.456776258435746,0.9996585737175095
Fibroblasts,Alveolar spaces,ADGRE5,-0.51450515,-0.8225637,0.6068988741597632,0.9996585737175095
Fibroblasts,Alveolar spaces,TNFSF10,-0.972351,-0.81788415,0.33087595169000117,0.9996585737175095
Fibroblasts,Alveolar spaces,IL4R,-1.445264,-0.8159545,0.1483837474248404,0.9996585737175095
Fibroblasts,Alveolar spaces,IFNG,-0.23057267,-0.81078815,0.8176468051462531,0.9996585737175095
Fibroblasts,Alveolar spaces,CSF3R,-0.39126015,-0.80780554,0.6956049491069146,0.9996585737175095
Fibroblasts,Alveolar spaces,COL4A2,4.0756593,0.80404043,4.588413056600021e-05,0.0015189229428744897
Fibroblasts,Alveolar spaces,TSC22D1,-0.672383,-0.8006127,0.501339888212073,0.9996585737175095
Fibroblasts,Alveolar spaces,CDKN3,-0.4068002,-0.79618,0.6841547380770092,0.9996585737175095
Fibroblasts,Alveolar spaces,IL36G,-0.29781154,-0.7950191,0.7658470133140118,0.9996585737175095
Fibroblasts,Alveolar spaces,COL6A3,-3.020676,-0.7854209,0.0025221116506266576,0.057648266300037894
Fibroblasts,Alveolar spaces,IFITM1,-2.717037,-0.7852464,0.006586927329050969,0.13173854658101938
Fibroblasts,Alveolar spaces,WNT2,-0.85054743,-0.78374493,0.3950207997791003,0.9996585737175095
Fibroblasts,Alveolar spaces,SCGB3A1,0.58211,0.7834844,0.5604926063507438,0.9996585737175095
Fibroblasts,Alveolar spaces,HSPA1A,-2.263414,-0.77633125,0.023610192583144007,0.39078939447962496
Fibroblasts,Alveolar spaces,MZT2A,8.517113,0.76846576,1.635805866688831e-17,1.962967040026597e-15
Fibroblasts,Alveolar spaces,FGF18,-1.0313807,-0.76814497,0.3023623362746022,0.9996585737175095
Fibroblasts,Alveolar spaces,CD300A,-0.301781,-0.76798856,0.7628190158198928,0.9996585737175095
Fibroblasts,Alveolar spaces,ADGRB2,0.49931416,0.766612,0.6175580744757563,0.9996585737175095
Fibroblasts,Alveolar spaces,BRCA1,-0.72693646,-0.7628672,0.4672648697593941,0.9996585737175095
Fibroblasts,Alveolar spaces,MT1X,-1.7977529,-0.76078874,0.07221618217736434,0.8253277963127353
Fibroblasts,Alveolar spaces,SCG5,0.6769887,0.75615346,0.4984131032398007,0.9996585737175095
Fibroblasts,Alveolar spaces,BMP1,-2.0224924,-0.7556679,0.04312551138069182,0.6088307489038844
Fibroblasts,Alveolar spaces,BMX,-0.4668715,-0.7536093,0.6405918157968135,0.9996585737175095
Fibroblasts,Alveolar spaces,ADGRG3,-0.3610978,-0.75287664,0.7180263240413671,0.9996585737175095
Fibroblasts,Alveolar spaces,COL16A1,-3.5062237,-0.7513123,0.0004545132007380974,0.012833313903193339
Fibroblasts,Alveolar spaces,ADGRL1,-0.48749584,-0.75103337,0.6259069834480234,0.9996585737175095
Fibroblasts,Alveolar spaces,COL6A2,-3.1015406,-0.75048107,0.0019251656107839527,0.047388691957758834
Fibroblasts,Alveolar spaces,STAT6,1.4383273,0.7459766,0.15034121617282573,0.9996585737175095
Fibroblasts,Alveolar spaces,CD68,-2.0545917,-0.7441498,0.03991846988459683,0.5914084030557929
Fibroblasts,Alveolar spaces,TPSB2,-0.44087008,-0.7434951,0.65930706170681,0.9996585737175095
Fibroblasts,Alveolar spaces,DST,2.2299125,0.740668,0.02575324499628152,0.4136937723020685
Fibroblasts,Alveolar spaces,COL6A1,-3.7397523,-0.73875916,0.00018420170527742324,0.0055260511583226975
Fibroblasts,Alveolar spaces,CIDEA,-0.37970647,-0.73717535,0.7041633210905756,0.9996585737175095
Fibroblasts,Alveolar spaces,INHBA,-2.5240643,-0.7371313,0.01160066919807513,0.21416620057984856
Fibroblasts,Alveolar spaces,RSPO2,0.2823109,0.7343858,0.7777051323743126,0.9996585737175095
Fibroblasts,Alveolar spaces,FGFR3,-0.6636671,-0.7341491,0.5069034124842668,0.9996585737175095
Fibroblasts,Alveolar spaces,TSLP,-0.31285048,-0.7309733,0.7543942692085268,0.9996585737175095
Fibroblasts,Alveolar spaces,MMP12,0.48491147,0.7277483,0.6277391445513161,0.9996585737175095
Fibroblasts,Alveolar spaces,LYZ,-1.3887286,-0.72136396,0.1649152881843311,0.9996585737175095
Fibroblasts,Alveolar spaces,CD24,-0.56043273,-0.71949816,0.5751843100583303,0.9996585737175095
Fibroblasts,Alveolar spaces,GDF10,0.77629864,0.7172545,0.43757266637856584,0.9996585737175095
Fibroblasts,Alveolar spaces,IL17A,-0.40111345,-0.7158251,0.6883366022753814,0.9996585737175095
Fibroblasts,Alveolar spaces,HSPA1B,-1.4611193,-0.7080782,0.14398269126247215,0.9996585737175095
Fibroblasts,Alveolar spaces,ADGRF1,-0.3254683,-0.7077778,0.744826659929648,0.9996585737175095
Fibroblasts,Alveolar spaces,PTPRCAP,-0.7750431,-0.7072773,0.4383142126672205,0.9996585737175095
Fibroblasts,Alveolar spaces,ACE,-0.35190892,-0.7065045,0.7249065695900376,0.9996585737175095
Fibroblasts,Alveolar spaces,COL8A1,-3.025169,-0.7018112,0.002484942324547346,0.057648266300037894
Fibroblasts,Alveolar spaces,BMP6,0.45603287,0.7014729,0.6483663343605164,0.9996585737175095
Fibroblasts,Alveolar spaces,FGF7,-1.995759,-0.7006245,0.04596016399101909,0.6351278220853751
Fibroblasts,Alveolar spaces,PTTG1,-0.24308354,-0.6981125,0.8079406887486195,0.9996585737175095
Fibroblasts,Alveolar spaces,CLU,1.4066672,0.6948257,0.15952608400257817,0.9996585737175095
Fibroblasts,Alveolar spaces,HGF,2.3792884,0.6928134,0.01734609312461363,0.2921447263092822
Fibroblasts,Alveolar spaces,WNT5A,0.6881708,0.68619335,0.4913452224192719,0.9996585737175095
Fibroblasts,Alveolar spaces,PNOC,0.53542787,0.6805619,0.592354006829535,0.9996585737175095
Fibroblasts,Alveolar spaces,PPBP,-0.2124426,-0.67993826,0.8317617478338972,0.9996585737175095
Fibroblasts,Alveolar spaces,TGFB2,0.9880656,0.6787149,0.3231205168708484,0.9996585737175095
Fibroblasts,Alveolar spaces,SEC61G,-0.9722553,-0.67558694,0.33092355608604185,0.9996585737175095
Fibroblasts,Alveolar spaces,HDAC1,-0.80101633,-0.67334855,0.42312218452899675,0.9996585737175095
Fibroblasts,Alveolar spaces,S100P,-0.5464411,-0.6686966,0.5847627935925135,0.9996585737175095
Fibroblasts,Alveolar spaces,RNF43,-0.92315775,-0.66596454,0.35592500190192355,0.9996585737175095
Fibroblasts,Alveolar spaces,ANGPT1,0.8259142,0.66400754,0.408852762173498,0.9996585737175095
Fibroblasts,Alveolar spaces,RARA,1.9260933,0.6639689,0.05409271416367786,0.7212361888490382
Fibroblasts,Alveolar spaces,EZR,1.0904666,0.65996236,0.2755076354675099,0.9996585737175095
Fibroblasts,Alveolar spaces,TOX,-0.43742424,-0.65849555,0.6618037120616382,0.9996585737175095
Fibroblasts,Alveolar spaces,CLEC12A,-0.5424772,-0.6570279,0.587489796641101,0.9996585737175095
Fibroblasts,Alveolar spaces,TIGIT,-0.40195802,-0.6549844,0.6877149267580294,0.9996585737175095
Fibroblasts,Alveolar spaces,OSM,-0.49901012,-0.6520664,0.6177722511170376,0.9996585737175095
Fibroblasts,Alveolar spaces,BID,0.627148,0.65059745,0.5305622478288691,0.9996585737175095
Fibroblasts,Alveolar spaces,GDF9,-0.39980155,-0.6496405,0.6893026891589731,0.9996585737175095
Fibroblasts,Alveolar spaces,PTHLH,0.71877795,0.6480578,0.47227774446729254,0.9996585737175095
Fibroblasts,Alveolar spaces,MAML2,0.65268207,0.6454153,0.5139612648526827,0.9996585737175095
Fibroblasts,Alveolar spaces,NLRP2,-0.24557783,-0.64273787,0.8060090591666919,0.9996585737175095
Fibroblasts,Alveolar spaces,NPR1,0.39858538,0.6417607,0.6901987417694859,0.9996585737175095
Fibroblasts,Alveolar spaces,CALM3,-1.4790692,-0.6413875,0.1391218125786572,0.9996585737175095
Fibroblasts,Alveolar spaces,DUSP4,0.47142655,0.64046925,0.6373361687395027,0.9996585737175095
Fibroblasts,Alveolar spaces,KRT6B,-0.44797006,-0.63939255,0.6541747958279089,0.9996585737175095
Fibroblasts,Alveolar spaces,RSPO3,-0.51258516,-0.63406026,0.6082415456283978,0.9996585737175095
Fibroblasts,Alveolar spaces,IFNL2,0.32129052,0.62377053,0.7479902411125235,0.9996585737175095
Fibroblasts,Alveolar spaces,BST2,-1.1102802,-0.6234759,0.26687829617888537,0.9996585737175095
Fibroblasts,Alveolar spaces,IL2RG,-0.56922185,-0.62267566,0.5692055811290393,0.9996585737175095
Fibroblasts,Alveolar spaces,PDGFC,-0.94819635,-0.62064934,0.34302949230741975,0.9996585737175095
Fibroblasts,Alveolar spaces,IL1R1,-2.7556505,-0.6202,0.005857555068885009,0.12224462752455671
Fibroblasts,Alveolar spaces,STAT4,-0.41384953,-0.61847633,0.678984308449843,0.9996585737175095
Fibroblasts,Alveolar spaces,CXCL5,0.2239794,0.6158862,0.8227733281420407,0.9996585737175095
Fibroblasts,Alveolar spaces,IL6R,0.6265737,0.6120465,0.5309387387931233,0.9996585737175095
Fibroblasts,Alveolar spaces,COL5A2,-2.6460593,-0.61146075,0.008143552358858335,0.15635620529008004
Fibroblasts,Alveolar spaces,IL11,1.1791519,0.61137867,0.23833769085708978,0.9996585737175095
Fibroblasts,Alveolar spaces,KITLG,0.7451904,0.6054762,0.4561566222786584,0.9996585737175095
Fibroblasts,Alveolar spaces,GZMB,0.4138101,0.60501164,0.6790131749301234,0.9996585737175095
Fibroblasts,Alveolar spaces,QRFPR,-0.31593597,-0.60276264,0.7520511182521681,0.9996585737175095
Fibroblasts,Alveolar spaces,DDR1,0.67294043,0.60258496,0.5009851849977833,0.9996585737175095
Fibroblasts,Alveolar spaces,SFN,0.8050027,0.6006138,0.42081811962107574,0.9996585737175095
Fibroblasts,Alveolar spaces,FOXP3,-0.2521373,-0.59999096,0.8009349405176427,0.9996585737175095
Fibroblasts,Alveolar spaces,NEAT1,-3.323842,-0.59761184,0.0008878648572644058,0.022430270078258673
Fibroblasts,Alveolar spaces,CCR2,-0.2747492,-0.59756875,0.7835089314069698,0.9996585737175095
Fibroblasts,Alveolar spaces,ADGRB3,-0.67488295,-0.59730184,0.4997501379667837,0.9996585737175095
Fibroblasts,Alveolar spaces,HAVCR2,-0.40423834,-0.59313875,0.6860374579129374,0.9996585737175095
Fibroblasts,Alveolar spaces,PLAC8,-0.4559259,-0.5916711,0.6484432630481741,0.9996585737175095
Fibroblasts,Alveolar spaces,MECOM,0.6576312,0.5914173,0.5107751176973803,0.9996585737175095
Fibroblasts,Alveolar spaces,LAG3,0.4560723,0.58973557,0.6483379931584251,0.9996585737175095
Fibroblasts,Alveolar spaces,CD3D,-0.34736514,-0.589255,0.728317015639984,0.9996585737175095
Fibroblasts,Alveolar spaces,TNFSF8,0.3648252,0.5867523,0.715241909224148,0.9996585737175095
Fibroblasts,Alveolar spaces,ADGRG5,-0.39338285,-0.585968,0.6940367464570204,0.9996585737175095
Fibroblasts,Alveolar spaces,TAP2,-0.8114101,-0.5847821,0.41713016719180274,0.9996585737175095
Fibroblasts,Alveolar spaces,CYSTM1,0.9515746,0.58319676,0.3413127447080593,0.9996585737175095
Fibroblasts,Alveolar spaces,B2M,-2.882026,-0.58302176,0.003951271229570862,0.08429378623084505
Fibroblasts,Alveolar spaces,CRYAB,-0.9886568,-0.5827256,0.3228310821181122,0.9996585737175095
Fibroblasts,Alveolar spaces,BCL2,0.87330574,0.57850134,0.38249646118823777,0.9996585737175095
Fibroblasts,Alveolar spaces,VIM,-2.574153,-0.5776442,0.010048586853226061,0.18914987017837293
Fibroblasts,Alveolar spaces,ACE2,-0.36500534,-0.5755595,0.7151074107561967,0.9996585737175095
Fibroblasts,Alveolar spaces,CHI3L1,-0.61786896,-0.57392514,0.5366617082809346,0.9996585737175095
Fibroblasts,Alveolar spaces,COL15A1,1.3891734,0.5734794,0.16478002074218845,0.9996585737175095
Fibroblasts,Alveolar spaces,PDCD1,0.32608202,0.56970215,0.7443622899435441,0.9996585737175095
Fibroblasts,Alveolar spaces,MMP2,-2.4289267,-0.5675181,0.015143598233083696,0.2596045411385776
Fibroblasts,Alveolar spaces,KIT,0.3175744,0.56436217,0.750807780567349,0.9996585737175095
Fibroblasts,Alveolar spaces,CSF1R,0.47052565,0.5627564,0.6379795020945122,0.9996585737175095
Fibroblasts,Alveolar spaces,FES,-0.688976,-0.56120515,0.4908383920135557,0.9996585737175095
Fibroblasts,Alveolar spaces,NFKBIA,-1.0347421,-0.5610905,0.3007893868854222,0.9996585737175095
Fibroblasts,Alveolar spaces,CLEC4E,-0.42472756,-0.5569773,0.6710352879648466,0.9996585737175095
Fibroblasts,Alveolar spaces,SAT1,-1.517514,-0.5561093,0.12913697113642295,0.9996585737175095
Fibroblasts,Alveolar spaces,C1QA,1.3361459,0.5555369,0.18150161537117782,0.9996585737175095
Fibroblasts,Alveolar spaces,IGHD,-0.53057444,-0.555211,0.5957137100699063,0.9996585737175095
Fibroblasts,Alveolar spaces,TNF,-0.2584828,-0.55408376,0.7960343067573152,0.9996585737175095
Fibroblasts,Alveolar spaces,KRT80,0.2890055,0.5496653,0.7725771664146288,0.9996585737175095
Fibroblasts,Alveolar spaces,ITGB5,-2.461538,-0.54756725,0.013834267574265646,0.2459425346536115
Fibroblasts,Alveolar spaces,CLCF1,-0.8015062,-0.54591334,0.4228386605256528,0.9996585737175095
Fibroblasts,Alveolar spaces,IGHG2,-1.1268845,-0.54545844,0.25979135161414424,0.9996585737175095
Fibroblasts,Alveolar spaces,IFITM3,-2.4673095,-0.5449666,0.013613267920544988,0.2459425346536115
Fibroblasts,Alveolar spaces,CTNNB1,-2.0533023,-0.5439988,0.040043277290235976,0.5914084030557929
Fibroblasts,Alveolar spaces,IL15,-0.3046469,-0.54262364,0.7606350955317875,0.9996585737175095
Fibroblasts,Alveolar spaces,HMGB2,0.8683903,0.5399863,0.38518068168588215,0.9996585737175095
Fibroblasts,Alveolar spaces,XCL2,-0.43350545,-0.5393599,0.6646476154268334,0.9996585737175095
Fibroblasts,Alveolar spaces,JCHAIN,-0.54063606,-0.5392154,0.5887584569601325,0.9996585737175095
Fibroblasts,Alveolar spaces,PGF,0.5154961,0.5367103,0.6062064008935204,0.9996585737175095
Fibroblasts,Alveolar spaces,UPK3A,-0.94999814,-0.536287,0.3421132080217719,0.9996585737175095
Fibroblasts,Alveolar spaces,CCL18,-0.27776712,-0.5343355,0.7811911331019135,0.9996585737175095
Fibroblasts,Alveolar spaces,RAC2,-1.0098723,-0.5308735,0.3125564499566894,0.9996585737175095
Fibroblasts,Alveolar spaces,VPREB3,0.28607205,0.53057945,0.7748229480859309,0.9996585737175095
Fibroblasts,Alveolar spaces,ANGPTL1,-0.3383902,-0.5287356,0.7350691560420872,0.9996585737175095
Fibroblasts,Alveolar spaces,CD19,0.26473826,0.5286498,0.7912111075796688,0.9996585737175095
Fibroblasts,Alveolar spaces,ANXA2,-1.8926654,-0.52383924,0.05840238179415653,0.7401688871226982
Fibroblasts,Alveolar spaces,CD34,0.838076,0.52361375,0.4019880309338315,0.9996585737175095
Fibroblasts,Alveolar spaces,GPNMB,-1.3276607,-0.5228504,0.18429021224138964,0.9996585737175095
Fibroblasts,Alveolar spaces,INHBB,-0.28937712,-0.5223637,0.7722928074464308,0.9996585737175095
Fibroblasts,Alveolar spaces,ATF3,-1.0215443,-0.5223145,0.30699664069339483,0.9996585737175095
Fibroblasts,Alveolar spaces,STAT5A,-0.86953896,-0.52122325,0.38455241251863936,0.9996585737175095
Fibroblasts,Alveolar spaces,SST,0.23937869,0.52099025,0.8108119499349552,0.9996585737175095
Fibroblasts,Alveolar spaces,PDGFD,-0.4717869,-0.5182282,0.6370789118602775,0.9996585737175095
Fibroblasts,Alveolar spaces,INHA,0.33698258,0.5176064,0.7361300246316147,0.9996585737175095
Fibroblasts,Alveolar spaces,DUSP1,-2.22837,-0.51645494,0.02585586076887928,0.4136937723020685
Fibroblasts,Alveolar spaces,FCGR3A,-0.91631675,-0.5153815,0.3595007841111192,0.9996585737175095
Fibroblasts,Alveolar spaces,IL10RA,0.2254771,0.511895,0.821608133638785,0.9996585737175095
Fibroblasts,Alveolar spaces,ADGRE1,0.1559579,0.50970125,0.876066200216415,0.9996585737175095
Fibroblasts,Alveolar spaces,EFNA1,0.36746585,0.50964344,0.7132715528059483,0.9996585737175095
Fibroblasts,Alveolar spaces,TP53,0.47773826,0.508266,0.6328364985183861,0.9996585737175095
Fibroblasts,Alveolar spaces,IGF1R,-1.0571513,-0.5074082,0.2904425582873079,0.9996585737175095
Fibroblasts,Alveolar spaces,RPL37,-1.8760217,-0.50542825,0.060652290318629204,0.7464897269985132
Fibroblasts,Alveolar spaces,FGFR1,-1.8476781,-0.504526,0.06464892775943187,0.7662095141858591
Fibroblasts,Alveolar spaces,NRIP3,-0.20176727,-0.5031636,0.8400986700819424,0.9996585737175095
Fibroblasts,Alveolar spaces,LEFTY1,-0.26987886,-0.50249857,0.7872534547496941,0.9996585737175095
Fibroblasts,Alveolar spaces,ST6GALNAC3,0.27262652,0.50211614,0.7851403267632934,0.9996585737175095
Fibroblasts,Alveolar spaces,IFI27,-0.58616954,-0.4996551,0.5577615942806455,0.9996585737175095
Fibroblasts,Alveolar spaces,IL18R1,-0.28052604,-0.49741563,0.7790739491204139,0.9996585737175095
Fibroblasts,Alveolar spaces,LINC02446,-0.4085738,-0.49573365,0.6828524648309302,0.9996585737175095
Fibroblasts,Alveolar spaces,EPOR,-0.4513427,-0.4950982,0.6517425647202781,0.9996585737175095
Fibroblasts,Alveolar spaces,PTGES,-0.43255952,-0.4947767,0.6653348006491926,0.9996585737175095
Fibroblasts,Alveolar spaces,RARRES1,-1.4812651,-0.4945887,0.1385359425122006,0.9996585737175095
Fibroblasts,Alveolar spaces,CDH1,0.46536255,0.4942752,0.641671855249557,0.9996585737175095
Fibroblasts,Alveolar spaces,RXRB,-0.94146234,-0.49384534,0.346467972850231,0.9996585737175095
Fibroblasts,Alveolar spaces,MTRNR2L1,-0.3793236,-0.490799,0.7044475813865215,0.9996585737175095
Fibroblasts,Alveolar spaces,YES1,-0.6286288,-0.48749515,0.5295921173701439,0.9996585737175095
Fibroblasts,Alveolar spaces,TYK2,-2.4446075,-0.48584512,0.01450098982647267,0.2531081860620684
Fibroblasts,Alveolar spaces,EPCAM,0.5995869,0.48406902,0.5487815795182596,0.9996585737175095
Fibroblasts,Alveolar spaces,CD47,-0.7922216,-0.48243642,0.4282314899647396,0.9996585737175095
Fibroblasts,Alveolar spaces,MT2A,-2.0911276,-0.48210233,0.03651662859413019,0.5654187653284675
Fibroblasts,Alveolar spaces,TNFRSF21,-0.61538595,-0.48150408,0.5382998675324653,0.9996585737175095
Fibroblasts,Alveolar spaces,G6PC2,-0.21383333,-0.48064715,0.8306770325234516,0.9996585737175095
Fibroblasts,Alveolar spaces,MSMB,0.20194182,0.4804967,0.8399622126028943,0.9996585737175095
Fibroblasts,Alveolar spaces,ITGA6,0.3514022,0.4798298,0.7252866479076003,0.9996585737175095
Fibroblasts,Alveolar spaces,BIRC5,-0.5632367,-0.4791284,0.5732737165480579,0.9996585737175095
Fibroblasts,Alveolar spaces,CD80,0.2940898,0.47709686,0.7686892835676669,0.9996585737175095
Fibroblasts,Alveolar spaces,RPS4Y1,-0.24611272,-0.4755208,0.8055949807308255,0.9996585737175095
Fibroblasts,Alveolar spaces,CXCL14,-0.5024278,-0.4751925,0.6153666209636047,0.9996585737175095
Fibroblasts,Alveolar spaces,BMP5,1.2126249,0.47348362,0.22527324451636754,0.9996585737175095
Fibroblasts,Alveolar spaces,CD52,0.71084464,0.4729788,0.4771805119423196,0.9996585737175095
Fibroblasts,Alveolar spaces,S100A8,-0.26381487,-0.47241378,0.7919225851041368,0.9996585737175095
Fibroblasts,Alveolar spaces,CXCL3,0.42463183,0.47225797,0.6711050741032627,0.9996585737175095
Fibroblasts,Alveolar spaces,IL13RA1,-1.0362904,-0.47103536,0.30006666633354995,0.9996585737175095
Fibroblasts,Alveolar spaces,IL6ST,1.3544054,0.47081718,0.17560708221664412,0.9996585737175095
Fibroblasts,Alveolar spaces,MYH11,0.2702955,0.47023475,0.7869329202142024,0.9996585737175095
Fibroblasts,Alveolar spaces,KRT20,-0.20118171,-0.46918312,0.8405564979974496,0.9996585737175095
Fibroblasts,Alveolar spaces,VWF,0.14842436,0.46865845,0.8820078751149463,0.9996585737175095
Fibroblasts,Alveolar spaces,SPRY4,0.3798416,0.46216238,0.7040630037913501,0.9996585737175095
Fibroblasts,Alveolar spaces,IAPP,0.17006782,0.4599655,0.8649567994407491,0.9996585737175095
Fibroblasts,Alveolar spaces,IL20RA,0.29253578,0.45862594,0.7698769943923605,0.9996585737175095
Fibroblasts,Alveolar spaces,PDCD1LG2,0.32294586,0.45788178,0.7467362356448681,0.9996585737175095
Fibroblasts,Alveolar spaces,FZD6,-0.5294033,-0.45787746,0.5965257036360234,0.9996585737175095
Fibroblasts,Alveolar spaces,CHEK2,-0.364127,-0.457479,0.7157631742607953,0.9996585737175095
Fibroblasts,Alveolar spaces,RORA,0.77367485,0.4558093,0.43912308734149885,0.9996585737175095
Fibroblasts,Alveolar spaces,ACVRL1,0.42324674,0.4556649,0.6721152378147812,0.9996585737175095
Fibroblasts,Alveolar spaces,AREG,0.269496,0.4505717,0.7875480317792459,0.9996585737175095
Fibroblasts,Alveolar spaces,CIITA,-0.641179,-0.4498251,0.521406356801313,0.9996585737175095
Fibroblasts,Alveolar spaces,NOD2,-0.3972003,-0.4496324,0.691219775240392,0.9996585737175095
Fibroblasts,Alveolar spaces,IL11RA,-0.5093814,-0.44872043,0.6104848980496247,0.9996585737175095
Fibroblasts,Alveolar spaces,CD37,-0.39534223,-0.4483831,0.6925903364282455,0.9996585737175095
Fibroblasts,Alveolar spaces,IL15RA,-1.6349258,-0.44805834,0.10206460519649328,0.9996585737175095
Fibroblasts,Alveolar spaces,OAS2,-0.56233585,-0.448055,0.5738872336169072,0.9996585737175095
Fibroblasts,Alveolar spaces,ESAM,0.3441727,0.44445306,0.7307164284933192,0.9996585737175095
Fibroblasts,Alveolar spaces,EFNB3,0.24386616,0.44401857,0.8073344751539323,0.9996585737175095
Fibroblasts,Alveolar spaces,IRF4,-0.29350987,-0.44295892,0.7691324601456196,0.9996585737175095
Fibroblasts,Alveolar spaces,EPHB6,-0.6711387,-0.44290796,0.5021321800636636,0.9996585737175095
Fibroblasts,Alveolar spaces,CD40LG,0.15448835,0.44260553,0.8772246890336537,0.9996585737175095
Fibroblasts,Alveolar spaces,CCL2,1.1175323,0.4423525,0.2637668236470734,0.9996585737175095
Fibroblasts,Alveolar spaces,GATA3,-0.34753406,-0.4421997,0.728190136465703,0.9996585737175095
Fibroblasts,Alveolar spaces,CSK,0.5572177,0.44213167,0.5773786675582312,0.9996585737175095
Fibroblasts,Alveolar spaces,C1QC,0.76795995,0.4415926,0.44251097562515795,0.9996585737175095
Fibroblasts,Alveolar spaces,EFNB2,0.18298972,0.4406787,0.854806092194483,0.9996585737175095
Fibroblasts,Alveolar spaces,COL5A3,1.3046097,0.43884477,0.19202579836000966,0.9996585737175095
Fibroblasts,Alveolar spaces,KRT23,0.21424435,0.43794772,0.8303565103032735,0.9996585737175095
Fibroblasts,Alveolar spaces,ITGAV,-1.4007102,-0.4374518,0.1613007446544762,0.9996585737175095
Fibroblasts,Alveolar spaces,KLF2,-0.88351935,-0.43718302,0.3769557240939071,0.9996585737175095
Fibroblasts,Alveolar spaces,ITGB2,-0.68710667,-0.43712014,0.4920155201300488,0.9996585737175095
Fibroblasts,Alveolar spaces,CD48,-0.36650306,-0.43613282,0.7139897349428543,0.9996585737175095
Fibroblasts,Alveolar spaces,GADD45B,1.9088585,0.43504414,0.05628033855817187,0.7351519186057848
Fibroblasts,Alveolar spaces,NKG7,-0.19004467,-0.43496656,0.8492741286414429,0.9996585737175095
Fibroblasts,Alveolar spaces,TLR3,0.26872462,0.43492907,0.788141610123124,0.9996585737175095
Fibroblasts,Alveolar spaces,ADGRA3,-0.7489459,-0.43399382,0.4538898031803562,0.9996585737175095
Fibroblasts,Alveolar spaces,THBS1,1.88257,0.43252832,0.05975866672086475,0.7450431175588332
Fibroblasts,Alveolar spaces,MRC2,-1.9058632,-0.43127015,0.05666796039252924,0.7351519186057848
Fibroblasts,Alveolar spaces,CHEK1,-0.29369003,-0.43030083,0.7689947661337996,0.9996585737175095
Fibroblasts,Alveolar spaces,CTLA4,0.2049541,0.42839584,0.8376079817995374,0.9996585737175095
Fibroblasts,Alveolar spaces,MMP8,-0.23958139,-0.4277627,0.8106547934428755,0.9996585737175095
Fibroblasts,Alveolar spaces,TNFSF13B,-0.6620286,-0.42717132,0.5079528798564024,0.9996585737175095
Fibroblasts,Alveolar spaces,SQSTM1,-1.8674128,-0.42688128,0.061843962279967725,0.7515215669464432
Fibroblasts,Alveolar spaces,S100A10,-1.2377931,-0.42459276,0.215792796704257,0.9996585737175095
Fibroblasts,Alveolar spaces,VEGFA,-1.310882,-0.424441,0.18989763949255722,0.9996585737175095
Fibroblasts,Alveolar spaces,NRXN3,0.23075284,0.42419225,0.8175068206422451,0.9996585737175095
Fibroblasts,Alveolar spaces,AZU1,-1.9364252,-0.42336324,0.05281563724434313,0.7141269261206958
Fibroblasts,Alveolar spaces,ADGRV1,-0.12687099,-0.4230442,0.8990425084235559,0.9996585737175095
Fibroblasts,Alveolar spaces,EPHB2,-0.65609413,-0.42293456,0.5117635655935869,0.9996585737175095
Fibroblasts,Alveolar spaces,CCL20,0.24212073,0.42191735,0.8086866204971137,0.9996585737175095
Fibroblasts,Alveolar spaces,FLT1,-0.80536306,-0.42180613,0.4206102061830119,0.9996585737175095
Fibroblasts,Alveolar spaces,DCN,-1.7216798,-0.41945472,0.0851275376629819,0.9393383466260071
Fibroblasts,Alveolar spaces,EZH2,0.41283605,0.41890812,0.6797267388782263,0.9996585737175095
Fibroblasts,Alveolar spaces,SNAI2,-1.045271,-0.41853294,0.29589773285886267,0.9996585737175095
Fibroblasts,Alveolar spaces,CRIP1,-0.6852599,-0.4174602,0.4931799516496098,0.9996585737175095
Fibroblasts,Alveolar spaces,IL1RN,0.44461432,0.41688618,0.6565984954246591,0.9996585737175095
Fibroblasts,Alveolar spaces,IL18,0.36240408,0.4164283,0.717050088474579,0.9996585737175095
Fibroblasts,Alveolar spaces,OSMR,-1.3040917,-0.4146561,0.19220233381780327,0.9996585737175095
Fibroblasts,Alveolar spaces,MS4A4A,-0.21803927,-0.4145924,0.8273985081276992,0.9996585737175095
Fibroblasts,Alveolar spaces,EPHB3,0.66743946,0.4143714,0.504491451751792,0.9996585737175095
Fibroblasts,Alveolar spaces,IFNB1,0.107513495,0.41052562,0.9143816215505215,0.9996585737175095
Fibroblasts,Alveolar spaces,SMAD4,-0.8058698,-0.40884104,0.42031792998518536,0.9996585737175095
Fibroblasts,Alveolar spaces,LIF,1.0837721,0.40664756,0.2784658834673239,0.9996585737175095
Fibroblasts,Alveolar spaces,ETS1,-0.69721895,-0.40583473,0.48566578208130706,0.9996585737175095
Fibroblasts,Alveolar spaces,ATG10,-0.4733578,-0.40342054,0.6359579438585767,0.9996585737175095
Fibroblasts,Alveolar spaces,COTL1,0.93185115,0.40306446,0.35141344533559316,0.9996585737175095
Fibroblasts,Alveolar spaces,PPARD,-0.4939596,-0.40186825,0.6213347051863618,0.9996585737175095
Fibroblasts,Alveolar spaces,ACVR1,-0.52674013,-0.40162632,0.5983740816678096,0.9996585737175095
Fibroblasts,Alveolar spaces,FGF9,-0.33276537,-0.4012098,0.7393113924493081,0.9996585737175095
Fibroblasts,Alveolar spaces,FGF1,-0.49441004,-0.40081844,0.6210166210941788,0.9996585737175095
Fibroblasts,Alveolar spaces,GSN,-1.7555639,-0.3983157,0.07916290617546133,0.8940751756287397
Fibroblasts,Alveolar spaces,DUSP2,-0.34163898,-0.39676782,0.7326226029800733,0.9996585737175095
Fibroblasts,Alveolar spaces,CD2,-0.4584371,-0.39653847,0.6466384545540245,0.9996585737175095
Fibroblasts,Alveolar spaces,CDKN1A,-1.7218825,-0.3964405,0.0850908055180741,0.9393383466260071
Fibroblasts,Alveolar spaces,FFAR4,0.29010907,0.39570683,0.7717327959110964,0.9996585737175095
Fibroblasts,Alveolar spaces,COL27A1,-0.87647,-0.3939917,0.3807745573654807,0.9996585737175095
Fibroblasts,Alveolar spaces,TNFRSF12A,1.8503807,0.39385405,0.0642587000285918,0.7662095141858591
Fibroblasts,Alveolar spaces,BTG1,-0.63931537,-0.39383012,0.5226177889401333,0.9996585737175095
Fibroblasts,Alveolar spaces,HLA.DRB5,0.79068446,0.3931561,0.42912814507847574,0.9996585737175095
Fibroblasts,Alveolar spaces,RARB,-0.533964,-0.39288667,0.5933664586149348,0.9996585737175095
Fibroblasts,Alveolar spaces,S100A2,-0.25285798,-0.3913058,0.8003779483408452,0.9996585737175095
Fibroblasts,Alveolar spaces,CXCR6,-0.28237846,-0.38986936,0.7776533294877306,0.9996585737175095
Fibroblasts,Alveolar spaces,NOSIP,0.53344035,0.38927174,0.5937287971555303,0.9996585737175095
Fibroblasts,Alveolar spaces,FZD1,-1.1851765,-0.38830346,0.23594767110635673,0.9996585737175095
Fibroblasts,Alveolar spaces,SPOCK2,0.32375666,0.38825813,0.7461222732149829,0.9996585737175095
Fibroblasts,Alveolar spaces,NLRP1,0.33876744,0.38799,0.7347849290216757,0.9996585737175095
Fibroblasts,Alveolar spaces,ACVR2A,-0.4723837,-0.38797355,0.6366529263641155,0.9996585737175095
Fibroblasts,Alveolar spaces,IL7R,-0.4466244,-0.3871075,0.6551462796016068,0.9996585737175095
Fibroblasts,Alveolar spaces,CALB1,-0.31247887,-0.3852049,0.7546766266023686,0.9996585737175095
Fibroblasts,Alveolar spaces,GDNF,0.09777281,0.38488814,0.9221126984764296,0.9996585737175095
Fibroblasts,Alveolar spaces,IL22RA1,0.117254175,0.38371992,0.9066586367305107,0.9996585737175095
Fibroblasts,Alveolar spaces,CD164,0.4305607,0.3826483,0.6667878128615137,0.9996585737175095
Fibroblasts,Alveolar spaces,HBB,-0.28128052,-0.381217,0.77849524870098,0.9996585737175095
Fibroblasts,Alveolar spaces,FZD4,0.7671548,0.37941715,0.4429894826714835,0.9996585737175095
Fibroblasts,Alveolar spaces,HBA1,0.2556676,0.37854365,0.7982075207236902,0.9996585737175095
Fibroblasts,Alveolar spaces,LY75,0.06132126,0.37606168,0.9511033599681431,0.9996585737175095
Fibroblasts,Alveolar spaces,GSTP1,-1.4165037,-0.37593043,0.1566280986618054,0.9996585737175095
Fibroblasts,Alveolar spaces,CSF2RB,-0.3295335,-0.3752053,0.7417524765295842,0.9996585737175095
Fibroblasts,Alveolar spaces,OASL,0.16556346,0.37459335,0.8685005054137471,0.9996585737175095
Fibroblasts,Alveolar spaces,CSF1,-0.78791994,-0.37367412,0.43074355418292176,0.9996585737175095
Fibroblasts,Alveolar spaces,ITGA3,-0.40183976,-0.37310523,0.6878019486360951,0.9996585737175095
Fibroblasts,Alveolar spaces,NRG1,0.21844468,0.3728466,0.8270826636873849,0.9996585737175095
Fibroblasts,Alveolar spaces,TUBB4B,0.55511194,0.37242094,0.5788180860442331,0.9996585737175095
Fibroblasts,Alveolar spaces,MX1,-0.99532324,-0.37241805,0.3195790668918348,0.9996585737175095
Fibroblasts,Alveolar spaces,FASLG,-0.16504546,-0.37147427,0.8689082024197685,0.9996585737175095
Fibroblasts,Alveolar spaces,CD28,-0.2621201,-0.37146282,0.7932288572757189,0.9996585737175095
Fibroblasts,Alveolar spaces,ABL1,0.55229676,0.37067476,0.5807450714645416,0.9996585737175095
Fibroblasts,Alveolar spaces,NLRC4,-0.1552541,-0.36976302,0.8766209990494216,0.9996585737175095
Fibroblasts,Alveolar spaces,B3GNT7,0.20839432,0.3695415,0.834921096676664,0.9996585737175095
Fibroblasts,Alveolar spaces,CSHL1,-0.27395532,-0.3681599,0.7841189709438543,0.9996585737175095
Fibroblasts,Alveolar spaces,CD5L,0.21071969,0.36781693,0.8331060094736914,0.9996585737175095
Fibroblasts,Alveolar spaces,DMBT1,0.18011817,0.3676843,0.8570597907725168,0.9996585737175095
Fibroblasts,Alveolar spaces,MPO,-0.3068146,-0.36738533,0.7589844759685179,0.9996585737175095
Fibroblasts,Alveolar spaces,NRXN1,-0.12330128,-0.36698774,0.9018685256055992,0.9996585737175095
Fibroblasts,Alveolar spaces,ENG,1.0990531,0.36617008,0.2717449086453618,0.9996585737175095
Fibroblasts,Alveolar spaces,TAP1,-0.52570975,-0.36486596,0.5990899013328985,0.9996585737175095
Fibroblasts,Alveolar spaces,SELPLG,0.34837863,0.3646419,0.7275558523779027,0.9996585737175095
Fibroblasts,Alveolar spaces,TNFRSF10D,0.36536008,0.36433455,0.7148426427491568,0.9996585737175095
Fibroblasts,Alveolar spaces,MXRA8,-1.5300812,-0.3601907,0.12599664787695852,0.9996585737175095
Fibroblasts,Alveolar spaces,S100A6,-1.3679636,-0.3599599,0.17132349841880945,0.9996585737175095
Fibroblasts,Alveolar spaces,RARG,-0.43240187,-0.35902724,0.6654493588748586,0.9996585737175095
Fibroblasts,Alveolar spaces,MEG3,-1.5542076,-0.3585457,0.12013490007128526,0.9996585737175095
Fibroblasts,Alveolar spaces,FCGBP,-0.27868488,-0.3579402,0.7804866644759549,0.9996585737175095
Fibroblasts,Alveolar spaces,MERTK,0.31726474,0.35616508,0.751042726183834,0.9996585737175095
Fibroblasts,Alveolar spaces,KRT15,-0.98975474,-0.35466725,0.32229400912903894,0.9996585737175095
Fibroblasts,Alveolar spaces,ADGRG2,-0.17778154,-0.3535332,0.8588945439729797,0.9996585737175095
Fibroblasts,Alveolar spaces,MMP16,-0.31432003,-0.35347205,0.7532779959640794,0.9996585737175095
Fibroblasts,Alveolar spaces,NTRK2,0.15504578,0.35299134,0.8767852311445284,0.9996585737175095
Fibroblasts,Alveolar spaces,CYTOR,1.0713794,0.35233876,0.28399886368364435,0.9996585737175095
Fibroblasts,Alveolar spaces,CD40,-0.42070743,-0.3515348,0.6739687419795719,0.9996585737175095
Fibroblasts,Alveolar spaces,IER3,1.2823524,0.35140562,0.19971902683844156,0.9996585737175095
Fibroblasts,Alveolar spaces,CD44,0.9039579,0.3497442,0.3660177209537673,0.9996585737175095
Fibroblasts,Alveolar spaces,SLC2A1,-0.28015444,-0.34873554,0.7793590257143285,0.9996585737175095
Fibroblasts,Alveolar spaces,TNFSF9,-0.35075468,-0.3484188,0.725772402024629,0.9996585737175095
Fibroblasts,Alveolar spaces,SAA1,-0.31636387,-0.3480379,0.7517263355236616,0.9996585737175095
Fibroblasts,Alveolar spaces,KLRK1,-0.3368531,-0.3478774,0.7362276498536051,0.9996585737175095
Fibroblasts,Alveolar spaces,STAT1,-1.2777187,-0.34782174,0.20134865925038825,0.9996585737175095
Fibroblasts,Alveolar spaces,CST7,-0.3081997,-0.3475556,0.7579303685745304,0.9996585737175095
Fibroblasts,Alveolar spaces,CCL26,-0.2802051,-0.34531227,0.7793201498848248,0.9996585737175095
Fibroblasts,Alveolar spaces,CD84,-0.21048884,-0.34437957,0.833286160127849,0.9996585737175095
Fibroblasts,Alveolar spaces,NPR3,0.29744557,0.34404808,0.7661263713864284,0.9996585737175095
Fibroblasts,Alveolar spaces,GPX1,-1.3560045,-0.34228945,0.17509775908904623,0.9996585737175095
Fibroblasts,Alveolar spaces,FFAR2,-0.18394126,-0.34180558,0.8540595386299059,0.9996585737175095
Fibroblasts,Alveolar spaces,RPL34,-1.4434904,-0.34144318,0.1488823745233964,0.9996585737175095
Fibroblasts,Alveolar spaces,ADGRE2,-0.33251765,-0.34133837,0.7394984213074115,0.9996585737175095
Fibroblasts,Alveolar spaces,FLT3LG,0.52539444,0.340444,0.5993090275014549,0.9996585737175095
Fibroblasts,Alveolar spaces,CCL4,-0.23751502,-0.34011075,0.8122572731734191,0.9996585737175095
Fibroblasts,Alveolar spaces,CCL3L3,0.2652281,0.33968768,0.7908337479908173,0.9996585737175095
Fibroblasts,Alveolar spaces,WNT9A,-0.29938805,-0.33907393,0.7646439731856111,0.9996585737175095
Fibroblasts,Alveolar spaces,WIF1,-0.62829095,-0.33895537,0.5298133604802592,0.9996585737175095
Fibroblasts,Alveolar spaces,CDH11,-1.4649369,-0.33866075,0.14293816273471688,0.9996585737175095
Fibroblasts,Alveolar spaces,PARP1,-0.2995288,-0.3383117,0.7645365864544915,0.9996585737175095
Fibroblasts,Alveolar spaces,DDR2,-0.80848235,-0.33792835,0.41881297789845406,0.9996585737175095
Fibroblasts,Alveolar spaces,TYMS,-0.38205436,-0.3363203,0.7024210416421091,0.9996585737175095
Fibroblasts,Alveolar spaces,HCAR2,-0.279597,-0.3342725,0.7797866962445031,0.9996585737175095
Fibroblasts,Alveolar spaces,KRT8,0.56670505,0.3314711,0.5709145844906702,0.9996585737175095
Fibroblasts,Alveolar spaces,ITGB8,0.25783533,0.33143395,0.7965340065691927,0.9996585737175095
Fibroblasts,Alveolar spaces,HIF1A,-0.8539651,-0.331235,0.39312431609328113,0.9996585737175095
Fibroblasts,Alveolar spaces,LTB,-0.4293952,-0.33122006,0.6676356399465861,0.9996585737175095
Fibroblasts,Alveolar spaces,IFNA1,-0.22623722,-0.3311707,0.8210169258707599,0.9996585737175095
Fibroblasts,Alveolar spaces,PDGFRA,-1.1023694,-0.33113945,0.2703010966364582,0.9996585737175095
Fibroblasts,Alveolar spaces,GLUL,-0.7277754,-0.32961133,0.4667510762574011,0.9996585737175095
Fibroblasts,Alveolar spaces,KDR,0.17256774,0.3295277,0.8629912091128354,0.9996585737175095
Fibroblasts,Alveolar spaces,RPL21,-1.5603223,-0.32692936,0.11868373773034502,0.9996585737175095
Fibroblasts,Alveolar spaces,EPHA4,0.050533313,0.3268105,0.9596974038976375,0.9996585737175095
Fibroblasts,Alveolar spaces,CXCL9,-0.6172834,-0.32626352,0.537047805497103,0.9996585737175095
Fibroblasts,Alveolar spaces,G6PD,0.29997364,0.32520062,0.7641972741520089,0.9996585737175095
Fibroblasts,Alveolar spaces,TWIST1,-0.4115354,-0.32511482,0.6806799797244047,0.9996585737175095
Fibroblasts,Alveolar spaces,ENTPD1,-0.76350063,-0.3220233,0.4451648823990184,0.9996585737175095
Fibroblasts,Alveolar spaces,LAMP3,0.19267972,0.32183024,0.8472098073999891,0.9996585737175095
Fibroblasts,Alveolar spaces,KLRB1,-0.42810583,-0.32144994,0.6685740686871313,0.9996585737175095
Fibroblasts,Alveolar spaces,PDGFRB,0.8622081,0.32076055,0.38857301186674786,0.9996585737175095
Fibroblasts,Alveolar spaces,TBX21,0.2840507,0.32056063,0.7763715235340283,0.9996585737175095
Fibroblasts,Alveolar spaces,EOMES,-0.09126401,-0.31970412,0.9272828171274217,0.9996585737175095
Fibroblasts,Alveolar spaces,BAX,-0.94974476,-0.31774908,0.3422419658192327,0.9996585737175095
Fibroblasts,Alveolar spaces,CD8B,0.13629636,0.31739897,0.8915869959768117,0.9996585737175095
Fibroblasts,Alveolar spaces,PTGIS,-0.9176174,-0.3170496,0.3588192121224606,0.9996585737175095
Fibroblasts,Alveolar spaces,HSPB1,-1.3698947,-0.31538165,0.17071975724831445,0.9996585737175095
Fibroblasts,Alveolar spaces,ATR,-0.3723193,-0.3147506,0.709655122759711,0.9996585737175095
Fibroblasts,Alveolar spaces,ADIRF,0.24143943,0.3143491,0.8092145486527353,0.9996585737175095
Fibroblasts,Alveolar spaces,NPPC,-1.0064772,-0.313074,0.31418607869791837,0.9996585737175095
Fibroblasts,Alveolar spaces,CNTFR,-0.18305728,-0.31280735,0.8547530781784437,0.9996585737175095
Fibroblasts,Alveolar spaces,FYN,0.3695266,0.31263295,0.7117352455569079,0.9996585737175095
Fibroblasts,Alveolar spaces,COL9A2,-1.1188779,-0.3114687,0.26319222559525046,0.9996585737175095
Fibroblasts,Alveolar spaces,IGFBP5,-1.0291003,-0.31027803,0.3034325223373395,0.9996585737175095
Fibroblasts,Alveolar spaces,KRT1,0.5395663,0.30998173,0.5894961795684255,0.9996585737175095
Fibroblasts,Alveolar spaces,TNFSF18,0.0529713,0.30820525,0.9577547762123526,0.9996585737175095
Fibroblasts,Alveolar spaces,BCL2L1,0.7521778,0.30702525,0.45194414394397586,0.9996585737175095
Fibroblasts,Alveolar spaces,TNFRSF13B,0.08293094,0.30575424,0.9339064547819954,0.9996585737175095
Fibroblasts,Alveolar spaces,FCRLA,-0.17160493,-0.30489188,0.8637481272807458,0.9996585737175095
Fibroblasts,Alveolar spaces,HLA.DRA,0.97326314,0.304153,0.3304225320724553,0.9996585737175095
Fibroblasts,Alveolar spaces,MET,0.108791605,0.30327654,0.9133677819919939,0.9996585737175095
Fibroblasts,Alveolar spaces,INS,0.008552657,0.3029903,0.9931760497861145,0.9996585737175095
Fibroblasts,Alveolar spaces,BGN,-0.66998446,-0.30190307,0.5028677032178412,0.9996585737175095
Fibroblasts,Alveolar spaces,TGFBR2,0.7233668,0.29957813,0.4694545805292576,0.9996585737175095
Fibroblasts,Alveolar spaces,KRT13,0.103009135,0.29949567,0.9179557241476528,0.9996585737175095
Fibroblasts,Alveolar spaces,CD3E,-0.5633549,-0.29877213,0.5731932155300725,0.9996585737175095
Fibroblasts,Alveolar spaces,CALM2,-1.0959733,-0.29786283,0.27309048779443834,0.9996585737175095
Fibroblasts,Alveolar spaces,WNT7B,0.31353176,0.29771283,0.7538766992643468,0.9996585737175095
Fibroblasts,Alveolar spaces,ITM2A,-0.16936402,-0.29626754,0.8655103263972513,0.9996585737175095
Fibroblasts,Alveolar spaces,CLEC4D,0.08283522,0.29607257,0.9339825645811545,0.9996585737175095
Fibroblasts,Alveolar spaces,FABP5,0.28043032,0.29553688,0.7791473751001509,0.9996585737175095
Fibroblasts,Alveolar spaces,PCNA,-0.44020006,-0.29499513,0.6597922254219013,0.9996585737175095
Fibroblasts,Alveolar spaces,ADGRD1,0.26756474,0.29403386,0.7890343755042156,0.9996585737175095
Fibroblasts,Alveolar spaces,IGHM,0.30396563,0.29155067,0.7611540872162477,0.9996585737175095
Fibroblasts,Alveolar spaces,TNFRSF1A,0.84678066,0.29148906,0.39711738883308645,0.9996585737175095
Fibroblasts,Alveolar spaces,TNFSF4,-0.11043007,-0.29014766,0.912068308609496,0.9996585737175095
Fibroblasts,Alveolar spaces,VEGFD,-0.53174555,-0.28978956,0.5949022208985721,0.9996585737175095
Fibroblasts,Alveolar spaces,REG1A,-0.15875624,-0.28947568,0.8738609250646545,0.9996585737175095
Fibroblasts,Alveolar spaces,DNMT1,-0.64478815,-0.2894701,0.5190644666091927,0.9996585737175095
Fibroblasts,Alveolar spaces,RSPO1,0.15814252,0.28946295,0.87434449369301,0.9996585737175095
Fibroblasts,Alveolar spaces,CLEC5A,-0.1277606,-0.28944212,0.8983384306478885,0.9996585737175095
Fibroblasts,Alveolar spaces,HSD3B2,0.12097027,0.2891211,0.9037145795901343,0.9996585737175095
Fibroblasts,Alveolar spaces,VSIR,0.36229712,0.28842905,0.7171300214506409,0.9996585737175095
Fibroblasts,Alveolar spaces,ADGRL2,0.4216083,0.28734183,0.6733109522637671,0.9996585737175095
Fibroblasts,Alveolar spaces,FFAR3,-0.22385554,-0.2867425,0.822869715149777,0.9996585737175095
Fibroblasts,Alveolar spaces,CXCL10,-0.33906022,-0.28666452,0.7345643599483158,0.9996585737175095
Fibroblasts,Alveolar spaces,HLA.DRB1,-1.084138,-0.286408,0.2783036061842964,0.9996585737175095
Fibroblasts,Alveolar spaces,MALAT1,0.27724913,-0.28636307,0.7815888266268625,0.9996585737175095
Fibroblasts,Alveolar spaces,BMP3,-0.19713904,-0.28571814,0.8437187350072092,0.9996585737175095
Fibroblasts,Alveolar spaces,LPAR5,-0.1595614,-0.28571767,0.8732265899916964,0.9996585737175095
Fibroblasts,Alveolar spaces,CSF2,-0.13649343,-0.28567657,0.891431215976476,0.9996585737175095
Fibroblasts,Alveolar spaces,TNFSF15,-0.30701733,-0.2851301,0.7588301883193618,0.9996585737175095
Fibroblasts,Alveolar spaces,DHRS2,0.1968913,0.28480515,0.8439126036101853,0.9996585737175095
Fibroblasts,Alveolar spaces,TNFRSF14,0.54269683,0.28323805,0.587338573002219,0.9996585737175095
Fibroblasts,Alveolar spaces,CXCR2,-0.13975346,-0.28024408,0.88885478215568,0.9996585737175095
Fibroblasts,Alveolar spaces,CTSG,-0.4816627,-0.27967048,0.6300455769827473,0.9996585737175095
Fibroblasts,Alveolar spaces,ETV4,-0.1644993,-0.27957,0.8693380946198309,0.9996585737175095
Fibroblasts,Alveolar spaces,ATM,-0.36992073,-0.27928177,0.7114415493504376,0.9996585737175095
Fibroblasts,Alveolar spaces,GCG,0.062210873,0.27693668,0.9503949053817428,0.9996585737175095
Fibroblasts,Alveolar spaces,NPPB,-0.22428346,-0.27672845,0.8225367531907444,0.9996585737175095
Fibroblasts,Alveolar spaces,ACTA2,-0.89884543,-0.27616337,0.36873498329263943,0.9996585737175095
Fibroblasts,Alveolar spaces,TNFRSF10B,0.562364,0.27590737,0.5738680565009993,0.9996585737175095
Fibroblasts,Alveolar spaces,BMP2,-0.28010938,-0.27543852,0.7793935824705529,0.9996585737175095
Fibroblasts,Alveolar spaces,IL7,-0.29437134,-0.27452973,0.7684741765475243,0.9996585737175095
Fibroblasts,Alveolar spaces,S100A4,0.8526307,0.27385223,0.39386413093465855,0.9996585737175095
Fibroblasts,Alveolar spaces,MMP7,0.14283895,0.2737501,0.8864173726630098,0.9996585737175095
Fibroblasts,Alveolar spaces,KRT19,-0.373558,-0.27372423,0.7087331788822984,0.9996585737175095
Fibroblasts,Alveolar spaces,CD274,-0.29049194,-0.27314064,0.7714399141477641,0.9996585737175095
Fibroblasts,Alveolar spaces,KRT6C,-0.31800234,-0.27274662,0.7504831664682983,0.9996585737175095
Fibroblasts,Alveolar spaces,SNAI1,-0.33680806,-0.27265352,0.7362616074509049,0.9996585737175095
Fibroblasts,Alveolar spaces,ICOS,-0.2823278,-0.27238253,0.7776921815600222,0.9996585737175095
Fibroblasts,Alveolar spaces,PPARG,-0.2626043,-0.27176103,0.7928555772762148,0.9996585737175095
Fibroblasts,Alveolar spaces,DDIT3,0.17277044,0.27117807,0.8628318739204539,0.9996585737175095
Fibroblasts,Alveolar spaces,RYK,-0.52613765,-0.2687569,0.5987925739135298,0.9996585737175095
Fibroblasts,Alveolar spaces,SELL,-0.22131057,-0.26756936,0.8248506195706221,0.9996585737175095
Fibroblasts,Alveolar spaces,IL27RA,-0.33893636,-0.26742914,0.7346576749620608,0.9996585737175095
Fibroblasts,Alveolar spaces,OLR1,-0.13261405,-0.26690373,0.8944986196771717,0.9996585737175095
Fibroblasts,Alveolar spaces,MMP14,-1.0475119,-0.26685134,0.2948635333817953,0.9996585737175095
Fibroblasts,Alveolar spaces,SUCNR1,0.027656782,0.26683214,0.9779358924283,0.9996585737175095
Fibroblasts,Alveolar spaces,HDAC5,0.24450804,0.266457,0.8068373791151497,0.9996585737175095
Fibroblasts,Alveolar spaces,LGALS9,0.49376255,0.2662718,0.6214738892367884,0.9996585737175095
Fibroblasts,Alveolar spaces,ITGAL,0.06870841,0.26565072,0.9452217210892354,0.9996585737175095
Fibroblasts,Alveolar spaces,CD74,1.2288631,0.2656043,0.21912310940252167,0.9996585737175095
Fibroblasts,Alveolar spaces,S100A9,0.32010248,0.2639403,0.748890636006743,0.9996585737175095
Fibroblasts,Alveolar spaces,HCAR3,-0.2604366,-0.2622096,0.7945270245506193,0.9996585737175095
Fibroblasts,Alveolar spaces,IL12A,-0.16277638,-0.26134586,0.8706945019190314,0.9996585737175095
Fibroblasts,Alveolar spaces,CD14,0.32741645,0.2612492,0.7433529256258007,0.9996585737175095
Fibroblasts,Alveolar spaces,IL1RAP,-0.41241378,-0.26056293,0.6800361766257603,0.9996585737175095
Fibroblasts,Alveolar spaces,TSHZ2,0.60737383,0.26028928,0.5436028608884838,0.9996585737175095
Fibroblasts,Alveolar spaces,FGFR2,0.20414332,0.25902462,0.8382415018612435,0.9996585737175095
Fibroblasts,Alveolar spaces,FGF13,0.13337415,0.258388,0.8938974786743419,0.9996585737175095
Fibroblasts,Alveolar spaces,BMPR1A,-0.41281915,-0.25701752,0.6797391153527684,0.9996585737175095
Fibroblasts,Alveolar spaces,HTT,0.31005776,0.25658834,0.7565170289409267,0.9996585737175095
Fibroblasts,Alveolar spaces,ANGPT2,0.13818257,0.2563589,0.8900961313266934,0.9996585737175095
Fibroblasts,Alveolar spaces,OLFM4,-0.19715592,-0.2553516,0.8437055170380263,0.9996585737175095
Fibroblasts,Alveolar spaces,ESR1,0.3194043,0.2552229,0.749419937875522,0.9996585737175095
Fibroblasts,Alveolar spaces,RAC1,0.71172297,0.25512883,0.47663632537787637,0.9996585737175095
Fibroblasts,Alveolar spaces,IL20,0.12789573,0.25398967,0.89823148911199,0.9996585737175095
Fibroblasts,Alveolar spaces,SERPINB5,-0.5264811,-0.25378785,0.5985539779567863,0.9996585737175095
Fibroblasts,Alveolar spaces,IGF2R,0.60120845,0.25286776,0.5477011432380275,0.9996585737175095
Fibroblasts,Alveolar spaces,TNFRSF17,0.1383177,0.252315,0.8899893379656664,0.9996585737175095
Fibroblasts,Alveolar spaces,TWIST2,-0.13873999,-0.2519298,0.8896556215863873,0.9996585737175095
Fibroblasts,Alveolar spaces,IL1RL1,0.106449336,0.2519158,0.9152258498363793,0.9996585737175095
Fibroblasts,Alveolar spaces,TNFRSF11B,0.24396752,0.2508487,0.8072559811273371,0.9996585737175095
Fibroblasts,Alveolar spaces,HCK,0.23879875,0.25029022,0.8112616342200416,0.9996585737175095
Fibroblasts,Alveolar spaces,KRT5,0.11398851,0.24723276,0.9092468990218223,0.9996585737175095
Fibroblasts,Alveolar spaces,ERBB3,-0.20473452,-0.24687311,0.8377795497722004,0.9996585737175095
Fibroblasts,Alveolar spaces,CD276,-0.79775065,-0.24495421,0.42501518694151963,0.9996585737175095
Fibroblasts,Alveolar spaces,ZFP36,1.2560357,0.244915,0.20910301172198864,0.9996585737175095
Fibroblasts,Alveolar spaces,ARTN,-0.30678648,-0.24483968,0.7590059055677103,0.9996585737175095
Fibroblasts,Alveolar spaces,SOX9,0.20946974,0.24420883,0.8340815638575823,0.9996585737175095
Fibroblasts,Alveolar spaces,ITGAE,0.08916948,0.2423391,0.9289472215341347,0.9996585737175095
Fibroblasts,Alveolar spaces,SPP1,-0.2413944,-0.24201919,0.8092494560568744,0.9996585737175095
Fibroblasts,Alveolar spaces,NR3C1,0.29620686,0.24194206,0.7670721164776394,0.9996585737175095
Fibroblasts,Alveolar spaces,NOTCH3,0.39589965,0.24133752,0.692179062140896,0.9996585737175095
Fibroblasts,Alveolar spaces,COL4A5,-0.56577605,-0.24111241,0.5715460414317466,0.9996585737175095
Fibroblasts,Alveolar spaces,ARF1,0.6235332,0.24071856,0.5329341820469101,0.9996585737175095
Fibroblasts,Alveolar spaces,SPARCL1,1.0567064,0.2405924,0.2906455767709053,0.9996585737175095
Fibroblasts,Alveolar spaces,BMP7,-0.15083982,-0.2398293,0.8801020691408638,0.9996585737175095
Fibroblasts,Alveolar spaces,PRSS2,-0.15046258,-0.23455997,0.8803996670278568,0.9996585737175095
Fibroblasts,Alveolar spaces,IL17RB,0.20450367,0.23376317,0.8379599244191537,0.9996585737175095
Fibroblasts,Alveolar spaces,DDC,0.12509176,0.23344362,0.9004509018390607,0.9996585737175095
Fibroblasts,Alveolar spaces,TEK,-0.13273229,-0.23251009,0.8944051048657999,0.9996585737175095
Fibroblasts,Alveolar spaces,TNFRSF19,-0.59070206,-0.23235759,0.5547200767394358,0.9996585737175095
Fibroblasts,Alveolar spaces,KRT18,0.22028583,0.23141311,0.8256485562179707,0.9996585737175095
Fibroblasts,Alveolar spaces,NOTCH1,0.45258704,0.2306178,0.6508461304190661,0.9996585737175095
Fibroblasts,Alveolar spaces,COL5A1,-0.70002294,-0.23047686,0.4839129943508127,0.9996585737175095
Fibroblasts,Alveolar spaces,IL12RB1,0.08154021,0.23030254,0.9350123444215438,0.9996585737175095
Fibroblasts,Alveolar spaces,ACKR1,0.061490174,0.22969721,0.9509688402849801,0.9996585737175095
Fibroblasts,Alveolar spaces,IL32,-1.0457327,-0.22879301,0.29568445823195155,0.9996585737175095
Fibroblasts,Alveolar spaces,MRC1,-0.18427908,-0.22760542,0.8537945214212332,0.9996585737175095
Fibroblasts,Alveolar spaces,TGFB1,0.4065975,0.22757311,0.6843036292177807,0.9996585737175095
Fibroblasts,Alveolar spaces,KRT86,-0.2425768,-0.22756414,0.8083332626875035,0.9996585737175095
Fibroblasts,Alveolar spaces,GAS6,-0.81087524,-0.22749642,0.4174373057943507,0.9996585737175095
Fibroblasts,Alveolar spaces,MAPK13,0.17902024,0.22674891,0.8579218081598339,0.9996585737175095
Fibroblasts,Alveolar spaces,SMARCB1,0.33838457,0.22643842,0.7350733985113371,0.9996585737175095
Fibroblasts,Alveolar spaces,SEC23A,-0.5433274,-0.22605424,0.5869043899325863,0.9996585737175095
Fibroblasts,Alveolar spaces,IL2RB,-0.19735299,-0.22495303,0.843551310651013,0.9996585737175095
Fibroblasts,Alveolar spaces,MS4A1,-0.19732484,-0.2248049,0.8435733397678303,0.9996585737175095
Fibroblasts,Alveolar spaces,MMP10,-0.149207,-0.22464304,0.881390300844551,0.9996585737175095
Fibroblasts,Alveolar spaces,IL2RA,-0.27072343,-0.2239388,0.7866037601566205,0.9996585737175095
Fibroblasts,Alveolar spaces,PTK2,-0.40557277,-0.2238054,0.6850565443868804,0.9996585737175095
Fibroblasts,Alveolar spaces,ANGPT4,-0.07937812,-0.22334692,0.9367318705107075,0.9996585737175095
Fibroblasts,Alveolar spaces,S100B,-0.2585898,-0.22326165,0.7959517557024013,0.9996585737175095
Fibroblasts,Alveolar spaces,TAGLN,-0.7174829,-0.22312456,0.47307615433600136,0.9996585737175095
Fibroblasts,Alveolar spaces,PTK6,-0.21909781,-0.22271998,0.8265738620504749,0.9996585737175095
Fibroblasts,Alveolar spaces,AR,0.096489064,0.22132091,0.9231321569259345,0.9996585737175095
Fibroblasts,Alveolar spaces,IFNGR2,0.35039997,0.22095172,0.7260385575915913,0.9996585737175095
Fibroblasts,Alveolar spaces,IL16,0.38192487,0.22089072,0.7025170979601032,0.9996585737175095
Fibroblasts,Alveolar spaces,CD81,0.9230677,0.22071928,0.3559719441775183,0.9996585737175095
Fibroblasts,Alveolar spaces,TTR,0.10531198,0.22041585,0.9161282524426781,0.9996585737175095
Fibroblasts,Alveolar spaces,MYC,-0.24812278,-0.2193853,0.8040394057568565,0.9996585737175095
Fibroblasts,Alveolar spaces,SLC40A1,0.414604,0.21878861,0.6784318123611219,0.9996585737175095
Fibroblasts,Alveolar spaces,KRAS,0.25156298,0.21859796,0.8013788661414503,0.9996585737175095
Fibroblasts,Alveolar spaces,HMGN2,0.23235188,0.21811545,0.8162647136912546,0.9996585737175095
Fibroblasts,Alveolar spaces,WNT7A,0.068100326,0.21636415,0.9457057720127322,0.9996585737175095
Fibroblasts,Alveolar spaces,OXGR1,-0.1378166,-0.21594305,0.8903853733546581,0.9996585737175095
Fibroblasts,Alveolar spaces,LTF,-0.105537206,-0.21449752,0.9159495502376283,0.9996585737175095
Fibroblasts,Alveolar spaces,KRT10,-0.17792231,-0.21389756,0.8587839949960386,0.9996585737175095
Fibroblasts,Alveolar spaces,CRP,-0.38529187,-0.21166791,0.7000211817901605,0.9996585737175095
Fibroblasts,Alveolar spaces,BECN1,-0.2753798,-0.21055831,0.7830244557929245,0.9996585737175095
Fibroblasts,Alveolar spaces,CD27,0.07485687,0.21047136,0.940328594817273,0.9996585737175095
Fibroblasts,Alveolar spaces,PECAM1,-0.0071563055,0.20999904,0.9942901432324416,0.9996585737175095
Fibroblasts,Alveolar spaces,IL1A,-0.12342515,-0.20878214,0.9017704408759741,0.9996585737175095
Fibroblasts,Alveolar spaces,NLRP3,-0.1784403,-0.20773809,0.8583771986183322,0.9996585737175095
Fibroblasts,Alveolar spaces,ADGRL4,-0.14285584,-0.2057735,0.8864040321155165,0.9996585737175095
Fibroblasts,Alveolar spaces,KRT7,0.1288698,0.20562086,0.8974606736697051,0.9996585737175095
Fibroblasts,Alveolar spaces,EPHA2,-0.2655434,-0.20460305,0.7905908757930925,0.9996585737175095
Fibroblasts,Alveolar spaces,CMKLR1,0.1898476,0.20203324,0.8494285533686348,0.9996585737175095
Fibroblasts,Alveolar spaces,HSP90B1,-0.9972883,-0.20115426,0.31862459537471666,0.9996585737175095
Fibroblasts,Alveolar spaces,MST1R,-0.09914101,-0.20081143,0.9210263112852074,0.9996585737175095
Fibroblasts,Alveolar spaces,CD63,-0.8114777,-0.2007997,0.41709138021671144,0.9996585737175095
Fibroblasts,Alveolar spaces,WNT5B,-0.01604679,0.20036474,0.9871970634764488,0.9996585737175095
Fibroblasts,Alveolar spaces,ITGAX,-0.32532755,-0.2003,0.7449331798910548,0.9996585737175095
Fibroblasts,Alveolar spaces,CASR,-0.1931921,-0.19993117,0.8468085328540129,0.9996585737175095
Fibroblasts,Alveolar spaces,FGR,-0.07730048,-0.19963013,0.9383845057774481,0.9996585737175095
Fibroblasts,Alveolar spaces,ADGRF3,-0.14841872,-0.1989354,0.8820123183556763,0.9996585737175095
Fibroblasts,Alveolar spaces,TIMP1,0.071208335,-0.19875422,0.943231948372811,0.9996585737175095
Fibroblasts,Alveolar spaces,CD59,0.32311478,0.19810182,0.7466083135344672,0.9996585737175095
Fibroblasts,Alveolar spaces,P2RX5,-0.09072911,-0.19791113,0.9277078366804005,0.9996585737175095
Fibroblasts,Alveolar spaces,GZMH,-0.15135783,-0.19718462,0.8796934548649078,0.9996585737175095
Fibroblasts,Alveolar spaces,UBE2C,-0.3400343,-0.19685653,0.733830701295064,0.9996585737175095
Fibroblasts,Alveolar spaces,DPP4,-0.16158836,-0.19642553,0.8716300242324362,0.9996585737175095
Fibroblasts,Alveolar spaces,ACKR4,-0.13835149,-0.19641976,0.8899626399372185,0.9996585737175095
Fibroblasts,Alveolar spaces,ATG5,-0.20044975,-0.19382279,0.841128858724164,0.9996585737175095
Fibroblasts,Alveolar spaces,RAMP1,0.13895394,0.19338356,0.889486546079657,0.9996585737175095
Fibroblasts,Alveolar spaces,CXCL8,0.16819851,0.19299814,0.8664271120191789,0.9996585737175095
Fibroblasts,Alveolar spaces,CXCL6,0.056056786,0.19254373,0.955296569257259,0.9996585737175095
Fibroblasts,Alveolar spaces,FCER1G,-0.47237808,-0.19168045,0.6366569445343162,0.9996585737175095
Fibroblasts,Alveolar spaces,SERPINA3,0.09129216,0.19052616,0.9272604482509317,0.9996585737175095
Fibroblasts,Alveolar spaces,STAT5B,0.17783222,0.18989651,0.8588547460224697,0.9996585737175095
Fibroblasts,Alveolar spaces,TOP2A,0.1422196,0.18978862,0.8869065482676436,0.9996585737175095
Fibroblasts,Alveolar spaces,LY6D,0.101145454,0.18934853,0.919434998327705,0.9996585737175095
Fibroblasts,Alveolar spaces,LAMP2,-0.42999765,-0.18878624,0.6671973381134526,0.9996585737175095
Fibroblasts,Alveolar spaces,LMNA,-0.8049239,-0.18859921,0.42086360872677464,0.9996585737175095
Fibroblasts,Alveolar spaces,IGF2,-0.1493027,-0.18843417,0.8813147751200482,0.9996585737175095
Fibroblasts,Alveolar spaces,CXCL16,0.2898557,0.18747497,0.7719266326159707,0.9996585737175095
Fibroblasts,Alveolar spaces,RAMP3,0.12140382,0.18614788,0.903371191678442,0.9996585737175095
Fibroblasts,Alveolar spaces,IL10,-0.20658694,-0.18608944,0.8363324626576101,0.9996585737175095
Fibroblasts,Alveolar spaces,LEP,0.11320588,0.18550447,0.9098673336393274,0.9996585737175095
Fibroblasts,Alveolar spaces,EPHA3,0.2308204,0.18429309,0.8174543279534394,0.9996585737175095
Fibroblasts,Alveolar spaces,TPM2,-0.7916304,-0.18349837,0.42857622822044017,0.9996585737175095
Fibroblasts,Alveolar spaces,IFNGR1,-0.50801885,-0.18267602,0.6114401243132628,0.9996585737175095
Fibroblasts,Alveolar spaces,TLR7,-0.12288463,-0.18257421,0.9021984579545707,0.9996585737175095
Fibroblasts,Alveolar spaces,RAD51,0.0019537671,0.18142293,0.998441120417552,0.9996585737175095
Fibroblasts,Alveolar spaces,YBX3,0.28019384,0.18109225,0.7793287889103475,0.9996585737175095
Fibroblasts,Alveolar spaces,IL6,0.21879376,0.18072987,0.8268107089402086,0.9996585737175095
Fibroblasts,Alveolar spaces,COL21A1,0.15118891,0.18041067,0.8798266951357717,0.9996585737175095
Fibroblasts,Alveolar spaces,XBP1,-0.4833462,-0.180398,0.6288499372155045,0.9996585737175095
Fibroblasts,Alveolar spaces,CLOCK,-0.2646707,-0.17977382,0.7912631610207332,0.9996585737175095
Fibroblasts,Alveolar spaces,CCL4L2,0.039869234,0.17906292,0.9681973784573762,0.9996585737175095
Fibroblasts,Alveolar spaces,EIF5A,-0.73048365,-0.1786269,0.46509459539846654,0.9996585737175095
Fibroblasts,Alveolar spaces,OAS1,-0.28544143,-0.17845263,0.7753059733134962,0.9996585737175095
Fibroblasts,Alveolar spaces,CDH5,-0.08532951,-0.1779705,0.9319994318263399,0.9996585737175095
Fibroblasts,Alveolar spaces,IRF3,-0.580083,-0.17683814,0.5618586388514999,0.9996585737175095
Fibroblasts,Alveolar spaces,ALCAM,0.08585877,0.17678413,0.9315786855115823,0.9996585737175095
Fibroblasts,Alveolar spaces,FABP4,0.09726607,0.1753458,0.9225151010930368,0.9996585737175095
Fibroblasts,Alveolar spaces,C9orf16,-0.40538132,-0.17520775,0.6851972335848933,0.9996585737175095
Fibroblasts,Alveolar spaces,CXCR4,-0.21056767,-0.17484334,0.8332246442856401,0.9996585737175095
Fibroblasts,Alveolar spaces,SMO,-0.35128957,-0.17400752,0.7253711189509531,0.9996585737175095
Fibroblasts,Alveolar spaces,CD79A,-0.104450524,-0.1735791,0.9168118274115377,0.9996585737175095
Fibroblasts,Alveolar spaces,VEGFC,0.11841405,0.17345002,0.9057395944241182,0.9996585737175095
Fibroblasts,Alveolar spaces,TGFBR1,0.33660534,0.17198598,0.7364144230131808,0.9996585737175095
Fibroblasts,Alveolar spaces,TFEB,0.035736483,0.1717845,0.9714924800274755,0.9996585737175095
Fibroblasts,Alveolar spaces,VTN,-0.23002088,-0.17172219,0.8180755438481251,0.9996585737175095
Fibroblasts,Alveolar spaces,FN1,0.3156657,-0.1714703,0.7522562668141093,0.9996585737175095
Fibroblasts,Alveolar spaces,APP,-0.7583319,-0.17125185,0.4482523257318187,0.9996585737175095
Fibroblasts,Alveolar spaces,KRT17,0.20798892,0.1705703,0.8352376186673387,0.9996585737175095
Fibroblasts,Alveolar spaces,CSF2RA,0.19581588,0.1702021,0.8447542790678124,0.9996585737175095
Fibroblasts,Alveolar spaces,IL34,-0.24263872,-0.1701449,0.8082852788376654,0.9996585737175095
Fibroblasts,Alveolar spaces,MKI67,0.010726012,0.16966741,0.9914420445164461,0.9996585737175095
Fibroblasts,Alveolar spaces,MTOR,-0.26943403,-0.16945961,0.7875956868031027,0.9996585737175095
Fibroblasts,Alveolar spaces,JAK2,-0.29673612,-0.16850393,0.7666679828504904,0.9996585737175095
Fibroblasts,Alveolar spaces,KRT24,-0.0027814435,0.16595213,0.9977807319576183,0.9996585737175095
Fibroblasts,Alveolar spaces,HPGDS,-0.34511858,-0.1654455,0.7300052153806066,0.9996585737175095
Fibroblasts,Alveolar spaces,SOX2,0.14270382,0.16535069,0.8865240982013876,0.9996585737175095
Fibroblasts,Alveolar spaces,CLEC14A,-0.2935718,-0.16452931,0.7690851270075072,0.9996585737175095
Fibroblasts,Alveolar spaces,CXCL2,0.07290873,0.16430023,0.9418787460363361,0.9996585737175095
Fibroblasts,Alveolar spaces,OAS3,0.21041001,0.1622,0.8333476769907411,0.9996585737175095
Fibroblasts,Alveolar spaces,POU5F1,0.042262178,0.1602765,0.9662896963710583,0.9996585737175095
Fibroblasts,Alveolar spaces,CHGA,-0.1048897,-0.1589819,0.9164633304942862,0.9996585737175095
Fibroblasts,Alveolar spaces,CLEC4A,-0.27910155,-0.15869917,0.7801669037907393,0.9996585737175095
Fibroblasts,Alveolar spaces,IL24,-0.25904587,-0.15867242,0.7955998531513058,0.9996585737175095
Fibroblasts,Alveolar spaces,ANXA1,-0.62105584,-0.15849377,0.5345628989699838,0.9996585737175095
Fibroblasts,Alveolar spaces,MYL9,-0.5610802,-0.15793392,0.5747428415532279,0.9996585737175095
Fibroblasts,Alveolar spaces,PDGFB,0.02388438,0.15792403,0.9809448336445282,0.9996585737175095
Fibroblasts,Alveolar spaces,IL17B,0.15913348,0.15639618,0.8735637090010979,0.9996585737175095
Fibroblasts,Alveolar spaces,PSAP,-0.6508578,-0.15410116,0.5151382834335798,0.9996585737175095
Fibroblasts,Alveolar spaces,AKT1,0.14397067,0.15390743,0.885523627334064,0.9996585737175095
Fibroblasts,Alveolar spaces,CLDN4,-0.2871362,-0.15381561,0.7740080406799567,0.9996585737175095
Fibroblasts,Alveolar spaces,CXCL17,0.02513434,0.15350759,0.9799478090436927,0.9996585737175095
Fibroblasts,Alveolar spaces,HDAC4,0.13969153,0.15241866,0.888903719097446,0.9996585737175095
Fibroblasts,Alveolar spaces,CCL28,-0.10577368,-0.15045594,0.9157619174938612,0.9996585737175095
Fibroblasts,Alveolar spaces,CLEC7A,-0.07131531,-0.15025105,0.9431468082556063,0.9996585737175095
Fibroblasts,Alveolar spaces,INSR,0.066202864,0.1499115,0.9472163182257132,0.9996585737175095
Fibroblasts,Alveolar spaces,KRT16,-0.17937496,-0.14978611,0.8576432916571057,0.9996585737175095
Fibroblasts,Alveolar spaces,NPR2,-0.22389495,-0.1497423,0.8228390462664233,0.9996585737175095
Fibroblasts,Alveolar spaces,LDLR,0.09247456,0.14968126,0.9263210075685395,0.9996585737175095
Fibroblasts,Alveolar spaces,CCL15,-0.14962928,-0.14964432,0.8810571072458345,0.9996585737175095
Fibroblasts,Alveolar spaces,CALM1,-0.45062202,-0.14948215,0.6522619968633703,0.9996585737175095
Fibroblasts,Alveolar spaces,SRGN,-0.49602035,-0.14919686,0.6198800500369674,0.9996585737175095
Fibroblasts,Alveolar spaces,LGALS3,-0.5822451,-0.14895967,0.5604015947510661,0.9996585737175095
Fibroblasts,Alveolar spaces,EFNA5,-0.23125395,-0.14864989,0.8171175193563895,0.9996585737175095
Fibroblasts,Alveolar spaces,ATG12,0.035145286,0.14801954,0.971963891246484,0.9996585737175095
Fibroblasts,Alveolar spaces,PRF1,-0.030004682,-0.14757057,0.9760633191121063,0.9996585737175095
Fibroblasts,Alveolar spaces,IL23A,-0.22971684,-0.14699465,0.8183118108853055,0.9996585737175095
Fibroblasts,Alveolar spaces,ADGRF5,-0.03831523,0.14650951,0.9694363478103121,0.9996585737175095
Fibroblasts,Alveolar spaces,CD69,0.06783006,0.14619179,0.9459209122014479,0.9996585737175095
Fibroblasts,Alveolar spaces,MAF,0.24074127,0.14594658,0.8097556560362079,0.9996585737175095
Fibroblasts,Alveolar spaces,DUSP5,-0.5645317,-0.14392358,0.5723923310952046,0.9996585737175095
Fibroblasts,Alveolar spaces,ELANE,0.07809438,0.14355047,0.9377529792796785,0.9996585737175095
Fibroblasts,Alveolar spaces,CD9,-0.3449497,-0.143251,0.7301322007127458,0.9996585737175095
Fibroblasts,Alveolar spaces,NDRG1,-0.28505856,-0.14254671,0.7755992810646258,0.9996585737175095
Fibroblasts,Alveolar spaces,SMAD2,-0.43936673,-0.14130078,0.660395821974653,0.9996585737175095
Fibroblasts,Alveolar spaces,COL14A1,-0.5795537,-0.14077626,0.562215589873468,0.9996585737175095
Fibroblasts,Alveolar spaces,ICAM2,-0.12981571,-0.14015067,0.8967122287224991,0.9996585737175095
Fibroblasts,Alveolar spaces,DNMT3A,0.11305386,0.13993365,0.9099878561038889,0.9996585737175095
Fibroblasts,Alveolar spaces,PDGFA,0.09249707,0.13937101,0.9263031144530346,0.9996585737175095
Fibroblasts,Alveolar spaces,GPR183,0.052644733,0.13858294,0.9580149753221785,0.9996585737175095
Fibroblasts,Alveolar spaces,TLR8,-0.060887713,-0.13772288,0.9514486335235118,0.9996585737175095
Fibroblasts,Alveolar spaces,ERBB2,0.041564003,0.13754883,0.9668462712271019,0.9996585737175095
Fibroblasts,Alveolar spaces,DLL1,-0.12191056,-0.13720103,0.9029698520968084,0.9996585737175095
Fibroblasts,Alveolar spaces,FZD3,-0.16413333,-0.13597663,0.8696261883332357,0.9996585737175095
Fibroblasts,Alveolar spaces,AGR2,0.03381087,0.1354989,0.9730279694643381,0.9996585737175095
Fibroblasts,Alveolar spaces,KRT4,-0.15385212,-0.1353215,0.8777263387264986,0.9996585737175095
Fibroblasts,Alveolar spaces,ADGRG1,-0.06975005,-0.13422601,0.9443926068751243,0.9996585737175095
Fibroblasts,Alveolar spaces,ITK,-0.20959923,-0.13321242,0.8339804810206513,0.9996585737175095
Fibroblasts,Alveolar spaces,IFNL3,0.053793345,0.13311931,0.9570998122337706,0.9996585737175095
Fibroblasts,Alveolar spaces,STMN1,-0.18616529,-0.13300364,0.8523151460342402,0.9996585737175095
Fibroblasts,Alveolar spaces,NR1H2,-0.27485618,-0.13280177,0.7834267376621051,0.9996585737175095
Fibroblasts,Alveolar spaces,EPHA7,-0.17858106,-0.131494,0.8582666626167849,0.9996585737175095
Fibroblasts,Alveolar spaces,RPL32,-0.44193986,-0.13023312,0.6585327276761834,0.9996585737175095
Fibroblasts,Alveolar spaces,SOD1,0.22491969,0.13005477,0.8220417504239574,0.9996585737175095
Fibroblasts,Alveolar spaces,KRT14,0.21213293,0.12832306,0.8320033273346794,0.9996585737175095
Fibroblasts,Alveolar spaces,CLEC10A,0.041462652,0.12751071,0.9669270657002356,0.9996585737175095
Fibroblasts,Alveolar spaces,LCN2,0.008068439,0.12709512,0.9935623872460064,0.9996585737175095
Fibroblasts,Alveolar spaces,VHL,0.20145759,0.12691095,0.8403407838851988,0.9996585737175095
Fibroblasts,Alveolar spaces,ACVR1B,-0.17721286,-0.1262239,0.8593411899830852,0.9996585737175095
Fibroblasts,Alveolar spaces,CX3CR1,-0.30629098,-0.1258572,0.75938309679387,0.9996585737175095
Fibroblasts,Alveolar spaces,CCL5,-0.31791225,-0.124710515,0.7505515026097991,0.9996585737175095
Fibroblasts,Alveolar spaces,PTGDR2,0.14169034,0.12461948,0.8873246052087209,0.9996585737175095
Fibroblasts,Alveolar spaces,ABL2,-0.23941247,-0.12434299,0.8107857566565552,0.9996585737175095
Fibroblasts,Alveolar spaces,BAG3,0.18193682,0.12427136,0.855632311823679,0.9996585737175095
Fibroblasts,Alveolar spaces,OXER1,0.045206904,0.12344361,0.9639423911599051,0.9996585737175095
Fibroblasts,Alveolar spaces,PTGDS,1.0653999,0.12325497,0.28669501251646934,0.9996585737175095
Fibroblasts,Alveolar spaces,MMP9,-0.134748,-0.123232625,0.892811126814763,0.9996585737175095
Fibroblasts,Alveolar spaces,ETV5,-0.25651217,-0.12287273,0.7975553915014704,0.9996585737175095
Fibroblasts,Alveolar spaces,NR1H3,0.042588744,0.12267886,0.9660293685913138,0.9996585737175095
Fibroblasts,Alveolar spaces,ITGAM,-0.06637741,0.12243698,0.9470773578960398,0.9996585737175095
Fibroblasts,Alveolar spaces,RPL22,0.40893415,0.12243279,0.6825879911722694,0.9996585737175095
Fibroblasts,Alveolar spaces,FZD5,0.056805637,0.12150257,0.9547000238591044,0.9996585737175095
Fibroblasts,Alveolar spaces,COL9A1,-0.17359811,-0.1213554,0.8621813131958606,0.9996585737175095
Fibroblasts,Alveolar spaces,IL17D,-0.24040906,-0.12115774,0.8100131503703991,0.9996585737175095
Fibroblasts,Alveolar spaces,MAP1LC3B,0.13063776,0.120884515,0.8960618690355665,0.9996585737175095
Fibroblasts,Alveolar spaces,SPINK1,0.021970026,0.120252766,0.9824718654271192,0.9996585737175095
Fibroblasts,Alveolar spaces,WNT11,-0.18856949,-0.11891806,0.8504302480210688,0.9996585737175095
Fibroblasts,Alveolar spaces,RGS5,0.019368757,0.11799798,0.9845469340003586,0.9996585737175095
Fibroblasts,Alveolar spaces,TGFB3,0.28797513,0.11787728,0.7733657759106524,0.9996585737175095
Fibroblasts,Alveolar spaces,CD70,0.12883602,0.11703282,0.8974874055377992,0.9996585737175095
Fibroblasts,Alveolar spaces,DDX58,0.095610715,0.11657087,0.9238297539918803,0.9996585737175095
Fibroblasts,Alveolar spaces,CALD1,-0.4136975,-0.11645673,0.6790956531821649,0.9996585737175095
Fibroblasts,Alveolar spaces,CXCR3,0.06346646,0.11626043,0.9493950648089137,0.9996585737175095
Fibroblasts,Alveolar spaces,KRT6A,-0.23463786,-0.116248846,0.8144898276308273,0.9996585737175095
Fibroblasts,Alveolar spaces,GPBAR1,0.07465417,0.11410145,0.9404898717917043,0.9996585737175095
Fibroblasts,Alveolar spaces,ARG1,-0.09813316,-0.112151876,0.921826557628033,0.9996585737175095
Fibroblasts,Alveolar spaces,CD3G,0.07196282,0.11130969,0.9426315003920785,0.9996585737175095
Fibroblasts,Alveolar spaces,CAMP,-0.087863214,-0.11087033,0.929985395047993,0.9996585737175095
Fibroblasts,Alveolar spaces,IFNAR2,-0.20361969,-0.110125355,0.8386507059926225,0.9996585737175095
Fibroblasts,Alveolar spaces,HDAC3,-0.3747742,-0.10831866,0.7078284125609051,0.9996585737175095
Fibroblasts,Alveolar spaces,CD163,-0.2893208,-0.10825571,0.7723358901740054,0.9996585737175095
Fibroblasts,Alveolar spaces,CCL11,0.06682784,0.10811547,0.9467187580422078,0.9996585737175095
Fibroblasts,Alveolar spaces,RXRA,-0.29372382,-0.10773574,0.7689689493175911,0.9996585737175095
Fibroblasts,Alveolar spaces,CASP3,-0.11105505,-0.107302755,0.9115726949503061,0.9996585737175095
Fibroblasts,Alveolar spaces,TNFSF14,-0.020359717,0.10703991,0.9837564185968324,0.9996585737175095
Fibroblasts,Alveolar spaces,H2AZ1,-0.28888163,-0.10663297,0.7726719595260333,0.9996585737175095
Fibroblasts,Alveolar spaces,WNT3,-0.04512245,-0.10650552,0.96400970923388,0.9996585737175095
Fibroblasts,Alveolar spaces,BEST1,-0.12893736,-0.10635592,0.8974072102826832,0.9996585737175095
Fibroblasts,Alveolar spaces,AXL,-0.22324182,-0.10416611,0.8233473083593387,0.9996585737175095
Fibroblasts,Alveolar spaces,ICAM1,-0.3987768,-0.10340746,0.6900576676108678,0.9996585737175095
Fibroblasts,Alveolar spaces,IL12B,-0.0441709,0.10314625,0.964768177148344,0.9996585737175095
Fibroblasts,Alveolar spaces,H4C3,-0.3021132,-0.1030216,0.7625657727199544,0.9996585737175095
Fibroblasts,Alveolar spaces,PTGES2,-0.36492652,-0.10157645,0.7151662527478045,0.9996585737175095
Fibroblasts,Alveolar spaces,ADGRF4,0.08968185,0.10155166,0.9285400398423198,0.9996585737175095
Fibroblasts,Alveolar spaces,LEFTY2,0.020618718,0.10144371,0.9835498092138643,0.9996585737175095
Fibroblasts,Alveolar spaces,FKBP11,-0.46078497,-0.1013452,0.6449528772935156,0.9996585737175095
Fibroblasts,Alveolar spaces,EGFR,-0.20412643,-0.10011895,0.8382547013123657,0.9996585737175095
Fibroblasts,Alveolar spaces,CD36,0.047442194,0.099972695,0.9621608010350023,0.9996585737175095
Fibroblasts,Alveolar spaces,ANXA4,-0.15443769,-0.09705367,0.8772646416294687,0.9996585737175095
Fibroblasts,Alveolar spaces,CCR1,-0.23483492,-0.09622158,0.8143368646469399,0.9996585737175095
Fibroblasts,Alveolar spaces,IL33,-0.21216671,-0.095595516,0.8319769724357001,0.9996585737175095
Fibroblasts,Alveolar spaces,BMPR2,0.122822694,0.09319816,0.9022475033959618,0.9996585737175095
Fibroblasts,Alveolar spaces,CTSW,-0.068331175,-0.09268057,0.9455220095698111,0.9996585737175095
Fibroblasts,Alveolar spaces,NLRC5,-0.1976683,-0.092243664,0.8433045929083749,0.9996585737175095
Fibroblasts,Alveolar spaces,C5AR2,-0.051451076,-0.092208795,0.9589660857804306,0.9996585737175095
Fibroblasts,Alveolar spaces,CD38,0.06442927,0.09187989,0.9486284248048414,0.9996585737175095
Fibroblasts,Alveolar spaces,IFIH1,-0.16974126,-0.09137337,0.8652136277263586,0.9996585737175095
Fibroblasts,Alveolar spaces,CD53,-0.084473684,-0.0907037,0.9326798277246771,0.9996585737175095
Fibroblasts,Alveolar spaces,TUBB,0.2659882,0.09040373,0.7902482870959037,0.9996585737175095
Fibroblasts,Alveolar spaces,ITGB1,0.2919953,0.08980876,0.7702902379267949,0.9996585737175095
Fibroblasts,Alveolar spaces,FZD8,0.098020546,0.08834313,0.9219159755579504,0.9996585737175095
Fibroblasts,Alveolar spaces,AHR,0.16962302,0.0882052,0.8653066207899802,0.9996585737175095
Fibroblasts,Alveolar spaces,ICAM3,-0.17225243,-0.088190325,0.8632390749323098,0.9996585737175095
Fibroblasts,Alveolar spaces,HLA.DPB1,-0.32249543,-0.08722594,0.7470773953800236,0.9996585737175095
Fibroblasts,Alveolar spaces,FOS,0.71162164,0.0857298,0.47669909878269445,0.9996585737175095
Fibroblasts,Alveolar spaces,EMP3,0.0536188,0.08542127,0.9572388775208656,0.9996585737175095
Fibroblasts,Alveolar spaces,AATK,-0.080549255,-0.085140646,0.9358004234004871,0.9996585737175095
Fibroblasts,Alveolar spaces,HLA.E,0.17713404,0.08424137,0.8594031048665969,0.9996585737175095
Fibroblasts,Alveolar spaces,IL17RA,0.10200691,0.08415849,0.9187511900978318,0.9996585737175095
Fibroblasts,Alveolar spaces,FASN,-0.07311143,-0.08406333,0.9417174482626052,0.9996585737175095
Fibroblasts,Alveolar spaces,FOXF1,0.14829487,0.081845164,0.8821100705908963,0.9996585737175095
Fibroblasts,Alveolar spaces,ARHGDIB,-0.0740855,-0.08182368,0.9409423563102733,0.9996585737175095
Fibroblasts,Alveolar spaces,CPB1,-0.0116775585,0.081351034,0.9906828679207157,0.9996585737175095
Fibroblasts,Alveolar spaces,WNT2B,0.03012292,-0.080700174,0.9759690202612872,0.9996585737175095
Fibroblasts,Alveolar spaces,P2RY12,0.07325782,0.08043819,0.9416009569122152,0.9996585737175095
Fibroblasts,Alveolar spaces,TLR5,-0.10898304,-0.08028756,0.9132159414687939,0.9996585737175095
Fibroblasts,Alveolar spaces,CXCR5,-0.09353308,-0.08008101,0.9254800715799046,0.9996585737175095
Fibroblasts,Alveolar spaces,GDF3,0.03969469,0.07544152,0.9683365342871919,0.9996585737175095
Fibroblasts,Alveolar spaces,TNFAIP6,0.15976973,0.07542799,0.8730624745903081,0.9996585737175095
Fibroblasts,Alveolar spaces,FGG,-0.014898177,0.07457958,0.9881134137828043,0.9996585737175095
Fibroblasts,Alveolar spaces,EPHB4,-0.121944346,-0.07402738,0.9029430970050984,0.9996585737175095
Fibroblasts,Alveolar spaces,CD209,-0.06634925,-0.07350208,0.9470997707436551,0.9996585737175095
Fibroblasts,Alveolar spaces,GNLY,-0.09775592,0.07232556,0.9221261115763483,0.9996585737175095
Fibroblasts,Alveolar spaces,VEGFB,0.07687257,0.0723123,0.9387249191390103,0.9996585737175095
Fibroblasts,Alveolar spaces,GC,-0.032977562,-0.072155885,0.9736924815995509,0.9996585737175095
Fibroblasts,Alveolar spaces,SLPI,-0.0004279144,0.071494415,0.9996585737175095,0.9996585737175095
Fibroblasts,Alveolar spaces,KLK3,0.016998336,0.0713389,0.9864379428736538,0.9996585737175095
Fibroblasts,Alveolar spaces,CCL21,-0.2072851,-0.07064891,0.8357871993730617,0.9996585737175095
Fibroblasts,Alveolar spaces,SPRY2,0.014661699,-0.06900915,0.9883020761262634,0.9996585737175095
Fibroblasts,Alveolar spaces,MARCO,-0.050826095,-0.067681596,0.959464096244837,0.9996585737175095
Fibroblasts,Alveolar spaces,CD58,0.025308885,0.06767862,0.9798085873445463,0.9996585737175095
Fibroblasts,Alveolar spaces,IDO1,-0.020720067,0.06572633,0.9834689623635857,0.9996585737175095
Fibroblasts,Alveolar spaces,CD55,0.08123617,0.06531622,0.9352541346452053,0.9996585737175095
Fibroblasts,Alveolar spaces,HSP90AA1,-0.23919852,-0.06507993,0.8109516509965112,0.9996585737175095
Fibroblasts,Alveolar spaces,RB1,0.0012274387,0.06395853,0.999020645879411,0.9996585737175095
Fibroblasts,Alveolar spaces,FGF12,-0.06946853,-0.063760035,0.9446166858952086,0.9996585737175095
Fibroblasts,Alveolar spaces,RELA,-0.26803207,-0.0637083,0.7886746356694206,0.9996585737175095
Fibroblasts,Alveolar spaces,CCL13,-0.10315552,0.06345237,0.9178395393465767,0.9996585737175095
Fibroblasts,Alveolar spaces,CPA3,-0.0016215703,0.06318608,0.9987061746149359,0.9996585737175095
Fibroblasts,Alveolar spaces,PIGR,-0.024171533,-0.06271689,0.9807157847623614,0.9996585737175095
Fibroblasts,Alveolar spaces,MMP19,0.018017448,0.0625784,0.9856249338514299,0.9996585737175095
Fibroblasts,Alveolar spaces,COL18A1,-0.27675363,-0.062008414,0.7819692825782097,0.9996585737175095
Fibroblasts,Alveolar spaces,IL17RE,-0.036434658,0.06136649,0.9709357786646748,0.9996585737175095
Fibroblasts,Alveolar spaces,EGF,-0.07483998,0.06094957,0.9403420344717687,0.9996585737175095
Fibroblasts,Alveolar spaces,IL12RB2,-0.11679248,0.060473304,0.9070245039542817,0.9996585737175095
Fibroblasts,Alveolar spaces,RAMP2,-0.05411991,0.059062745,0.9568396290777181,0.9996585737175095
Fibroblasts,Alveolar spaces,HLA.DQA1,0.14310358,0.05858365,0.8862083744526326,0.9996585737175095
Fibroblasts,Alveolar spaces,MMP3,0.009318399,-0.058385037,0.9925651008254692,0.9996585737175095
Fibroblasts,Alveolar spaces,RBPJ,-0.24518932,-0.058087766,0.806309844981351,0.9996585737175095
Fibroblasts,Alveolar spaces,HLA.DQB1,-0.24099463,-0.057870578,0.8095592758933714,0.9996585737175095
Fibroblasts,Alveolar spaces,GLUD1,-0.091883354,0.05780405,0.9267907151518465,0.9996585737175095
Fibroblasts,Alveolar spaces,IFNAR1,0.06886607,0.05738121,0.9450962296994357,0.9996585737175095
Fibroblasts,Alveolar spaces,GDF6,-0.099467576,-0.057213586,0.9207670306997303,0.9996585737175095
Fibroblasts,Alveolar spaces,CLEC1A,-0.081213646,0.056905277,0.935272045269991,0.9996585737175095
Fibroblasts,Alveolar spaces,LTBR,0.14282769,0.056694604,0.8864262663792207,0.9996585737175095
Fibroblasts,Alveolar spaces,SMAD3,-0.04700865,0.056315985,0.9625063342504449,0.9996585737175095
Fibroblasts,Alveolar spaces,SAA2,0.07254838,0.055394363,0.9421655035156115,0.9996585737175095
Fibroblasts,Alveolar spaces,CCR10,0.01753323,0.05486024,0.9860112236213967,0.9996585737175095
Fibroblasts,Alveolar spaces,HSP90AB1,-0.26670328,-0.05393958,0.7896976282183468,0.9996585737175095
Fibroblasts,Alveolar spaces,NANOG,-0.057892315,0.053293753,0.9538344054550687,0.9996585737175095
Fibroblasts,Alveolar spaces,UCP1,-0.037363682,-0.052868534,0.970195028694905,0.9996585737175095
Fibroblasts,Alveolar spaces,RUNX3,-0.07754822,0.05154591,0.9381874295001607,0.9996585737175095
Fibroblasts,Alveolar spaces,CD4,0.099169165,0.050947957,0.9210039591795621,0.9996585737175095
Fibroblasts,Alveolar spaces,C1QB,0.14037845,0.05078185,0.8883609876592111,0.9996585737175095
Fibroblasts,Alveolar spaces,IL1R2,-0.014943222,-0.05051877,0.9880774781733733,0.9996585737175095
Fibroblasts,Alveolar spaces,TPM1,0.17856418,0.047919072,0.8582799267903053,0.9996585737175095
Fibroblasts,Alveolar spaces,CCL23,-0.00472958,-0.04581618,0.9962263550418349,0.9996585737175095
Fibroblasts,Alveolar spaces,ITGB6,-0.095492475,-0.045780938,0.9239236657751191,0.9996585737175095
Fibroblasts,Alveolar spaces,NFKB1,0.00907629,-0.044963848,0.9927582680572739,0.9996585737175095
Fibroblasts,Alveolar spaces,TPSAB1,-0.06134378,-0.04449954,0.9510854239297992,0.9996585737175095
Fibroblasts,Alveolar spaces,CYP19A1,-0.039221734,-0.044171136,0.9687136065306752,0.9996585737175095
Fibroblasts,Alveolar spaces,FYB1,0.0013400477,0.04245129,0.9989307969290437,0.9996585737175095
Fibroblasts,Alveolar spaces,LYN,-0.0975307,0.042387523,0.9223049550234846,0.9996585737175095
Fibroblasts,Alveolar spaces,AHI1,-0.027904524,0.041301403,0.9777383008368353,0.9996585737175095
Fibroblasts,Alveolar spaces,CEACAM6,-0.12286774,0.041283265,0.9022118339470296,0.9996585737175095
Fibroblasts,Alveolar spaces,COL17A1,-0.00783759,0.040007766,0.9937465719207474,0.9996585737175095
Fibroblasts,Alveolar spaces,APOD,-0.055786524,-0.035883732,0.955511870004309,0.9996585737175095
Fibroblasts,Alveolar spaces,PPARA,-0.09130905,-0.035165984,0.9272470269526316,0.9996585737175095
Fibroblasts,Alveolar spaces,ITGA5,-0.12289026,-0.034318518,0.9021939992965874,0.9996585737175095
Fibroblasts,Alveolar spaces,GZMK,0.010500794,0.033720396,0.9916217324442687,0.9996585737175095
Fibroblasts,Alveolar spaces,FAS,-0.20136751,-0.0332618,0.8404112198288471,0.9996585737175095
Fibroblasts,Alveolar spaces,PTGES3,-0.13983229,-0.029560024,0.8887924993878876,0.9996585737175095
Fibroblasts,Alveolar spaces,TLR2,0.092136726,0.028761657,0.926589408767985,0.9996585737175095
Fibroblasts,Alveolar spaces,CCR7,-0.10530636,-0.028135575,0.916132720052148,0.9996585737175095
Fibroblasts,Alveolar spaces,GPER1,-0.087564796,0.02784037,0.9302225807811684,0.9996585737175095
Fibroblasts,Alveolar spaces,SERPINA1,0.024301033,0.02747759,0.9806124887266845,0.9996585737175095
Fibroblasts,Alveolar spaces,STAT3,-0.17356996,-0.026843697,0.8622034395785887,0.9996585737175095
Fibroblasts,Alveolar spaces,BMP4,0.0019819194,0.02507695,0.9984186582049317,0.9996585737175095
Fibroblasts,Alveolar spaces,SREBF1,-0.05658605,0.02500648,0.9548749480905346,0.9996585737175095
Fibroblasts,Alveolar spaces,IGFBP6,-0.13586283,0.023161564,0.8919297266975988,0.9996585737175095
Fibroblasts,Alveolar spaces,TNFRSF18,-0.10245172,-0.02315181,0.9183981361365211,0.9996585737175095
Fibroblasts,Alveolar spaces,NR1H4,0.010213641,0.022773845,0.991850835167351,0.9996585737175095
Fibroblasts,Alveolar spaces,ADGRA2,-0.108842276,0.02263273,0.9133275886043432,0.9996585737175095
Fibroblasts,Alveolar spaces,ADGRG6,-0.15389717,-0.02248227,0.8776908220864198,0.9996585737175095
Fibroblasts,Alveolar spaces,ADM2,-0.069361545,-0.021801619,0.94470183707285,0.9996585737175095
Fibroblasts,Alveolar spaces,BATF3,0.06370857,-0.021020627,0.9492022795523409,0.9996585737175095
Fibroblasts,Alveolar spaces,TIE1,0.0047183195,0.020223588,0.9962353398440282,0.9996585737175095
Fibroblasts,Alveolar spaces,MAPK14,-0.0640464,0.019629437,0.9489332818406033,0.9996585737175095
Fibroblasts,Alveolar spaces,SIGIRR,-0.06231785,0.019573955,0.9503097141056358,0.9996585737175095
Fibroblasts,Alveolar spaces,CSF3,-0.023715466,0.016475363,0.9810795690161331,0.9996585737175095
Fibroblasts,Alveolar spaces,PHLDA2,0.08601079,0.016042091,0.9314578363760808,0.9996585737175095
Fibroblasts,Alveolar spaces,CD83,-0.11937685,-0.015624248,0.9049767959021096,0.9996585737175095
Fibroblasts,Alveolar spaces,NRG4,-0.06859017,-0.015061946,0.9453158405238208,0.9996585737175095
Fibroblasts,Alveolar spaces,ITGB4,-0.0124658225,0.014892836,0.9900539705907705,0.9996585737175095
Fibroblasts,Alveolar spaces,CCRL2,-0.027949566,-0.014609062,0.9777023752393336,0.9996585737175095
Fibroblasts,Alveolar spaces,TYROBP,-0.054446477,0.012147964,0.9565794505200336,0.9996585737175095
Fibroblasts,Alveolar spaces,PGR,0.021193024,0.011288983,0.983091679320481,0.9996585737175095
Fibroblasts,Alveolar spaces,BST1,-0.060989063,-0.010362381,0.9513679194061802,0.9996585737175095
Fibroblasts,Alveolar spaces,AZGP1,0.048405003,0.010261657,0.9613934735611352,0.9996585737175095
Fibroblasts,Alveolar spaces,CCL3,-0.061062258,0.009841007,0.9513096261872231,0.9996585737175095
Fibroblasts,Alveolar spaces,IFIT1,-0.08692293,-0.008245111,0.9307327748434294,0.9996585737175095
Fibroblasts,Alveolar spaces,JAK1,0.040083192,0.007773373,0.9680268016649018,0.9996585737175095
Fibroblasts,Alveolar spaces,NOTCH2,-0.10400009,-0.007689252,0.9171692767533653,0.9996585737175095
Fibroblasts,Alveolar spaces,EFNA4,-0.10575679,-0.0063186013,0.9157753196771812,0.9996585737175095
Fibroblasts,Alveolar spaces,XCL1,-0.068595804,-0.006154662,0.9453113586286642,0.9996585737175095
Fibroblasts,Alveolar spaces,APOB,-0.043956943,0.0060993466,0.9649387246440765,0.9996585737175095
Fibroblasts,Alveolar spaces,SOX4,-0.13538986,-0.0052665425,0.8923036377791654,0.9996585737175095
Fibroblasts,Alveolar spaces,CD86,-0.028259242,0.0052593183,0.9774553879847188,0.9996585737175095
Fibroblasts,Alveolar spaces,PF4,-0.038962733,0.0049601165,0.9689201014430011,0.9996585737175095
Fibroblasts,Alveolar spaces,PSCA,-0.07613498,0.0043566423,0.9393117105264177,0.9996585737175095
Fibroblasts,Alveolar spaces,IL10RB,-0.07201349,0.0019535848,0.9425911729608806,0.9996585737175095
Fibroblasts,Alveolar spaces,HLA.DPA1,-0.11623506,-0.00077719934,0.9074662479813191,0.9996585737175095
Fibroblasts,Alveolar spaces,ADORA2A,-0.053951,-5.469192e-05,0.9569742059998625,0.9996585737175095
Fibroblasts,Alveolar spaces,RGS1,-0.034723002,-4.3964286e-05,0.9723006195523054,0.9996585737175095
